Quotation_ID,PO_ID,Supplier_ID,Supplier_Name,Supplier_Rating,Material_ID,Material_Name,Material_Qty,Quoted_UnitPrice,Delivery_Date,Additional_Conditions,Create_Datetime
Q001,PO-20549529,S188,Supplier_S188,4.4,M033,Vanillin,2000,1.26,30-06-2025,Special pricing for long-term contracts,11-06-25 17:01:28
Q002,PO-20832633,S188,Supplier_S188,4.4,M033,Vanillin,200,1.7,14-07-2025,Custom packaging available,18-06-25 23:43:28
Q003,PO-20604275,S190,Supplier_S190,3.9,M001,Sugar,2000,1.29,14-07-2025,Special pricing for long-term contracts,27-05-25 10:17:28
Q004,PO-20381233,S112,Supplier_S112,4.4,M007,Vegetable Oil,500,1.3,18-07-2025,Discount on next purchase,29-05-25 08:12:28
Q005,PO-20353422,S151,Supplier_S151,4.7,M002,Salt,500,1.52,22-07-2025,Discount on next purchase,31-05-25 09:46:28
Q006,PO-20825159,S188,Supplier_S188,4.4,M033,Vanillin,2000,1.99,17-07-2025,Delivery in reusable containers,22-06-25 15:06:28
Q007,PO-20232877,S093,Supplier_S093,4.1,M006,Corn,500,1.65,11-07-2025,Bulk Discount Available and payment within 30 days,29-05-25 16:34:28
Q008,PO-20930306,S061,Supplier_S061,4.5,M024,Ascorbic Acid,500,1.72,18-07-2025,Advance payment required,13-06-25 10:49:28
Q009,PO-20350033,S074,Supplier_S074,3.7,M013,Onion Powder,1000,1.24,09-07-2025,Custom packaging available,07-06-25 07:27:28
Q010,PO-20972909,S196,Supplier_S196,4.2,M042,Acetic Acid,2000,1.5,21-07-2025,Bulk Discount Available and payment within 30 days,07-06-25 21:07:28
Q011,PO-20421920,S024,Supplier_S024,4.3,M024,Ascorbic Acid,2000,1.37,18-07-2025,No returns accepted after 15 days,27-05-25 00:59:28
Q012,PO-20951781,S117,Supplier_S117,4.6,M013,Onion Powder,1000,1.23,12-07-2025,Advance payment required,16-06-25 11:56:28
Q013,PO-20583562,S112,Supplier_S112,4.4,M007,Vegetable Oil,200,1.69,12-07-2025,Custom packaging available,18-06-25 12:06:28
Q014,PO-20054822,S161,Supplier_S161,4.5,M003,Citric Acid,2000,1.69,20-07-2025,No returns accepted after 15 days,18-06-25 22:56:28
Q015,PO-20733209,S057,Supplier_S057,4.4,M002,Salt,200,1.65,07-07-2025,Delivery in reusable containers,08-06-25 00:01:28
Q016,PO-20223762,S093,Supplier_S093,4.1,M003,Citric Acid,2000,1.29,18-07-2025,Free delivery for orders above 1000 units,15-06-25 01:03:28
Q017,PO-20668315,S189,Supplier_S189,4.5,M020,Natural Flavors,2000,1.67,22-07-2025,Free delivery for orders above 1000 units,10-06-25 02:15:28
Q018,PO-20593845,S012,Supplier_S012,4,M037,Caramel Color,100,0.95,10-07-2025,Discount on next purchase,26-05-25 09:19:28
Q019,PO-20282971,S109,Supplier_S109,4.3,M013,Onion Powder,500,1.51,16-07-2025,Delivery in reusable containers,25-05-25 04:38:28
Q020,PO-20578592,S057,Supplier_S057,4.5,M006,Corn,2000,1.44,14-07-2025,Advance payment required,08-06-25 06:28:28
Q021,PO-20590531,S161,Supplier_S161,4.5,M003,Citric Acid,1000,1.4,28-06-2025,Custom packaging available,11-06-25 06:48:28
Q022,PO-20196734,S184,Supplier_S184,4.4,M005,Potatoes,1000,1.74,12-07-2025,Custom packaging available,20-06-25 02:32:28
Q023,PO-20269711,S159,Supplier_S159,4.5,M003,Citric Acid,500,1.48,19-07-2025,Advance payment required,22-06-25 02:09:28
Q024,PO-20003688,S189,Supplier_S189,4.5,M020,Natural Flavors,500,1.45,30-06-2025,Delivery in reusable containers,13-06-25 07:08:28
Q025,PO-20618471,S018,Supplier_S018,4.5,M010,Whey Protein,500,1.61,09-07-2025,Free delivery for orders above 1000 units,08-06-25 23:05:28
Q026,PO-20984890,S103,Supplier_S103,4.2,M038,Baking Powder,500,1.76,21-07-2025,Special pricing for long-term contracts,10-06-25 02:39:28
Q027,PO-20236091,S151,Supplier_S151,4.7,M002,Salt,2000,1.77,12-07-2025,Free delivery for orders above 1000 units,07-06-25 16:59:28
Q028,PO-20789640,S159,Supplier_S159,4.5,M003,Citric Acid,200,1.17,06-07-2025,Special pricing for long-term contracts,18-06-25 03:58:28
Q029,PO-20227542,S196,Supplier_S196,4.2,M042,Acetic Acid,200,1.98,19-07-2025,Delivery in reusable containers,29-05-25 21:28:28
Q030,PO-20477660,S012,Supplier_S012,4,M037,Caramel Color,100,1.49,02-07-2025,Discount on next purchase,17-06-25 17:11:28
Q031,PO-20175394,S134,Supplier_S134,4.2,M033,Vanillin,500,1.55,01-07-2025,Flexible lead time on bulk orders,06-06-25 14:25:28
Q032,PO-20493844,S007,Supplier_S007,4.1,M001,Sugar,200,1.78,01-07-2025,Advance payment required,15-06-25 01:34:28
Q033,PO-20062296,S171,Supplier_S171,4.4,M019,Paprika Extract,1000,1.55,04-07-2025,Special pricing for long-term contracts,14-06-25 10:46:28
Q034,PO-20925445,S029,Supplier_S029,3.9,M007,Vegetable Oil,200,1.7,08-07-2025,Custom packaging available,31-05-25 01:37:28
Q035,PO-20050082,S153,Supplier_S153,4.3,M014,Garlic Powder,500,1.81,19-07-2025,No returns accepted after 15 days,27-05-25 14:49:28
Q036,PO-20324546,S007,Supplier_S007,4.1,M001,Sugar,500,1.42,06-07-2025,Special pricing for long-term contracts,01-06-25 05:40:28
Q037,PO-20479181,S046,Supplier_S046,4.4,M033,Vanillin,100,1.83,29-06-2025,Discount on next purchase,12-06-25 17:03:28
Q038,PO-20459399,S105,Supplier_S105,4.6,M027,Milk Solids,2000,0.97,03-07-2025,Advance payment required,02-06-25 08:21:28
Q039,PO-20128594,S027,Supplier_S027,4.6,M019,Paprika Extract,200,1.33,13-07-2025,No returns accepted after 15 days,24-05-25 07:44:28
Q040,PO-20232762,S061,Supplier_S061,4.5,M024,Ascorbic Acid,1000,1.56,14-07-2025,No returns accepted after 15 days,24-05-25 19:13:28
Q041,PO-20986377,S194,Supplier_S194,4.8,M042,Acetic Acid,100,1.34,15-07-2025,Discount on next purchase,08-06-25 10:33:28
Q042,PO-20558758,S172,Supplier_S172,4.5,M020,Natural Flavors,2000,1.79,19-07-2025,No returns accepted after 15 days,09-06-25 05:35:28
Q043,PO-20850482,S159,Supplier_S159,4.5,M003,Citric Acid,1000,1.47,20-07-2025,Free delivery for orders above 1000 units,22-06-25 08:30:28
Q044,PO-20132471,S024,Supplier_S024,4.3,M024,Ascorbic Acid,2000,1.68,22-07-2025,Special pricing for long-term contracts,25-05-25 02:44:28
Q045,PO-20411182,S115,Supplier_S115,4.4,M026,Cocoa Powder,100,1.51,02-07-2025,Discount on next purchase,25-05-25 04:46:28
Q046,PO-20896065,S012,Supplier_S012,4,M037,Caramel Color,500,1.28,06-07-2025,Custom packaging available,20-06-25 09:30:28
Q047,PO-20149450,S151,Supplier_S151,4.7,M002,Salt,100,1.57,14-07-2025,Flexible lead time on bulk orders,01-06-25 23:02:28
Q048,PO-20735160,S093,Supplier_S093,4.1,M003,Citric Acid,200,1.54,15-07-2025,No returns accepted after 15 days,31-05-25 15:57:28
Q049,PO-20745882,S012,Supplier_S012,4,M037,Caramel Color,1000,1.66,05-07-2025,Free delivery for orders above 1000 units,07-06-25 08:57:28
Q050,PO-20918270,S194,Supplier_S194,4.8,M042,Acetic Acid,500,1.64,15-07-2025,No returns accepted after 15 days,20-06-25 07:19:28
Q051,PO-20062089,S036,Supplier_S036,4.5,M006,Corn,500,1.83,14-07-2025,Free delivery for orders above 1000 units,08-06-25 22:01:28
Q052,PO-20855828,S005,Supplier_S005,4.7,M008,Sunflower Oil,1000,1.33,28-06-2025,Advance payment required,02-06-25 15:09:28
Q053,PO-20881568,S196,Supplier_S196,4.2,M042,Acetic Acid,1000,1.3,21-07-2025,Delivery in reusable containers,14-06-25 07:00:28
Q054,PO-20594905,S190,Supplier_S190,3.9,M001,Sugar,2000,1.33,13-07-2025,Flexible lead time on bulk orders,24-05-25 01:07:28
Q055,PO-20631663,S057,Supplier_S057,4.4,M002,Salt,200,1.38,11-07-2025,Discount on next purchase,03-06-25 06:30:28
Q056,PO-20585916,S057,Supplier_S057,4.4,M002,Salt,100,1.68,06-07-2025,Delivery in reusable containers,02-06-25 05:34:28
Q057,PO-20048534,S134,Supplier_S134,4.2,M033,Vanillin,1000,1.58,30-06-2025,Discount on next purchase,04-06-25 18:58:28
Q058,PO-20953248,S196,Supplier_S196,4.2,M042,Acetic Acid,1000,1.5,06-07-2025,Special pricing for long-term contracts,20-06-25 00:21:28
Q059,PO-20684077,S134,Supplier_S134,4.2,M033,Vanillin,500,1.37,06-07-2025,Bulk Discount Available and payment within 30 days,17-06-25 11:49:28
Q060,PO-20344486,S093,Supplier_S093,4.4,M008,Sunflower Oil,2000,1.49,16-07-2025,No returns accepted after 15 days,10-06-25 02:31:28
Q061,PO-20220603,S194,Supplier_S194,4.8,M042,Acetic Acid,2000,1.86,08-07-2025,Delivery in reusable containers,04-06-25 18:11:28
Q062,PO-20544125,S194,Supplier_S194,4.8,M042,Acetic Acid,500,1.78,05-07-2025,Free delivery for orders above 1000 units,07-06-25 10:43:28
Q063,PO-20340314,S190,Supplier_S190,3.9,M001,Sugar,1000,1.69,07-07-2025,Special pricing for long-term contracts,14-06-25 01:12:28
Q064,PO-20796805,S059,Supplier_S059,4.8,M010,Whey Protein,1000,1.61,23-07-2025,No returns accepted after 15 days,02-06-25 04:24:28
Q065,PO-20154688,S109,Supplier_S109,4.3,M013,Onion Powder,2000,1.71,06-07-2025,Custom packaging available,03-06-25 05:31:28
Q066,PO-20248064,S184,Supplier_S184,4.2,M015,Maltodextrin,1000,1.44,23-07-2025,Free delivery for orders above 1000 units,08-06-25 04:41:28
Q067,PO-20826986,S012,Supplier_S012,4,M037,Caramel Color,500,1.12,04-07-2025,Advance payment required,07-06-25 16:02:28
Q068,PO-20818900,S007,Supplier_S007,4.1,M001,Sugar,2000,1.7,13-07-2025,Advance payment required,22-06-25 18:12:28
Q069,PO-20794388,S161,Supplier_S161,4.5,M003,Citric Acid,1000,1.61,13-07-2025,Delivery in reusable containers,26-05-25 07:36:28
Q070,PO-20376182,S018,Supplier_S018,3.9,M014,Garlic Powder,1000,1.54,10-07-2025,Advance payment required,04-06-25 21:03:28
Q071,PO-20770051,S172,Supplier_S172,4.5,M020,Natural Flavors,500,1.63,20-07-2025,Free delivery for orders above 1000 units,12-06-25 16:42:28
Q072,PO-20845414,S190,Supplier_S190,3.9,M001,Sugar,100,1.29,18-07-2025,Free delivery for orders above 1000 units,08-06-25 18:15:28
Q073,PO-20195045,S112,Supplier_S112,4.4,M007,Vegetable Oil,200,1.81,02-07-2025,Bulk Discount Available and payment within 30 days,07-06-25 03:24:28
Q074,PO-20616163,S115,Supplier_S115,4.4,M002,Salt,1000,1.42,29-06-2025,Flexible lead time on bulk orders,26-05-25 12:54:28
Q075,PO-20717307,S172,Supplier_S172,4.1,M015,Maltodextrin,500,1.61,10-07-2025,Bulk Discount Available and payment within 30 days,09-06-25 15:30:28
Q076,PO-20157421,S134,Supplier_S134,4.2,M033,Vanillin,2000,1.71,21-07-2025,Bulk Discount Available and payment within 30 days,21-06-25 06:55:28
Q077,PO-20588030,S064,Supplier_S064,4.1,M020,Natural Flavors,2000,1.59,22-07-2025,No returns accepted after 15 days,27-05-25 10:50:28
Q078,PO-20661942,S029,Supplier_S029,3.9,M007,Vegetable Oil,200,1.76,11-07-2025,No returns accepted after 15 days,18-06-25 09:16:28
Q079,PO-20430509,S151,Supplier_S151,4.7,M002,Salt,200,1.17,19-07-2025,Flexible lead time on bulk orders,20-06-25 04:47:28
Q080,PO-20457264,S184,Supplier_S184,4.4,M005,Potatoes,2000,1.36,03-07-2025,Advance payment required,08-06-25 12:41:28
Q081,PO-20532304,S190,Supplier_S190,3.9,M001,Sugar,500,1.22,20-07-2025,Custom packaging available,03-06-25 11:50:28
Q082,PO-20879390,S151,Supplier_S151,4.7,M002,Salt,1000,1.28,08-07-2025,Bulk Discount Available and payment within 30 days,15-06-25 22:55:28
Q083,PO-20244215,S005,Supplier_S005,4.7,M008,Sunflower Oil,2000,1.4,28-06-2025,Bulk Discount Available and payment within 30 days,29-05-25 17:35:28
Q084,PO-20863779,S071,Supplier_S071,4.4,M037,Caramel Color,500,1.31,30-06-2025,Free delivery for orders above 1000 units,14-06-25 12:54:28
Q085,PO-20737285,S057,Supplier_S057,4.5,M006,Corn,1000,1.09,16-07-2025,Custom packaging available,30-05-25 15:08:28
Q086,PO-20314653,S061,Supplier_S061,4.5,M024,Ascorbic Acid,100,1.29,05-07-2025,Custom packaging available,04-06-25 04:46:28
Q087,PO-20600849,S007,Supplier_S007,4.1,M001,Sugar,1000,1.54,10-07-2025,Bulk Discount Available and payment within 30 days,14-06-25 16:20:28
Q088,PO-20469236,S025,Supplier_S025,4.2,M011,Cheddar Cheese,500,1.75,14-07-2025,Advance payment required,07-06-25 01:06:28
Q089,PO-20851645,S093,Supplier_S093,4.1,M003,Citric Acid,500,1.45,15-07-2025,Free delivery for orders above 1000 units,21-06-25 12:50:28
Q090,PO-20923551,S057,Supplier_S057,4.5,M006,Corn,100,1.15,07-07-2025,Custom packaging available,28-05-25 20:52:28
Q091,PO-20204463,S194,Supplier_S194,4.8,M042,Acetic Acid,2000,1.51,13-07-2025,Bulk Discount Available and payment within 30 days,29-05-25 06:17:28
Q092,PO-20194773,S071,Supplier_S071,4.4,M037,Caramel Color,500,1.57,20-07-2025,Custom packaging available,01-06-25 04:24:28
Q093,PO-20018287,S188,Supplier_S188,4.4,M033,Vanillin,2000,1.54,12-07-2025,Custom packaging available,25-05-25 12:27:28
Q094,PO-20833261,S184,Supplier_S184,4.2,M015,Maltodextrin,200,1.33,23-07-2025,Advance payment required,18-06-25 13:34:28
Q095,PO-20855796,S007,Supplier_S007,4.1,M001,Sugar,500,1.56,23-07-2025,No returns accepted after 15 days,16-06-25 13:37:28
Q096,PO-20798003,S027,Supplier_S027,4.6,M019,Paprika Extract,500,1.48,10-07-2025,Advance payment required,27-05-25 04:25:28
Q097,PO-20369124,S029,Supplier_S029,4.2,M008,Sunflower Oil,2000,1.37,17-07-2025,Advance payment required,01-06-25 07:12:28
Q098,PO-20800819,S172,Supplier_S172,4.5,M020,Natural Flavors,1000,0.89,22-07-2025,Custom packaging available,02-06-25 07:26:28
Q099,PO-20324630,S071,Supplier_S071,4.4,M037,Caramel Color,1000,1.49,15-07-2025,Special pricing for long-term contracts,03-06-25 02:13:28
Q100,PO-20495994,S109,Supplier_S109,4.3,M013,Onion Powder,500,1.27,04-07-2025,Special pricing for long-term contracts,20-06-25 22:32:28
Q101,PO-20230381,S117,Supplier_S117,4.6,M013,Onion Powder,2000,1.59,09-07-2025,Custom packaging available,24-05-25 06:18:28
Q102,PO-20440015,S194,Supplier_S194,4.8,M042,Acetic Acid,1000,1.64,28-06-2025,Delivery in reusable containers,12-06-25 21:53:28
Q103,PO-20687496,S134,Supplier_S134,4.2,M033,Vanillin,500,1.13,18-07-2025,Flexible lead time on bulk orders,28-05-25 15:20:28
Q104,PO-20738774,S153,Supplier_S153,4.3,M014,Garlic Powder,200,1.35,16-07-2025,Discount on next purchase,19-06-25 05:04:28
Q105,PO-20187780,S036,Supplier_S036,4.5,M006,Corn,2000,1.4,19-07-2025,Delivery in reusable containers,16-06-25 09:33:28
Q106,PO-20965818,S093,Supplier_S093,4.1,M006,Corn,100,1.82,21-07-2025,Custom packaging available,17-06-25 12:37:28
Q107,PO-20291787,S071,Supplier_S071,4.4,M037,Caramel Color,200,1.23,13-07-2025,Bulk Discount Available and payment within 30 days,27-05-25 01:16:28
Q108,PO-20057931,S046,Supplier_S046,4.4,M033,Vanillin,100,1.19,11-07-2025,Advance payment required,13-06-25 03:18:28
Q109,PO-20129878,S112,Supplier_S112,4.4,M007,Vegetable Oil,2000,1.74,01-07-2025,Discount on next purchase,31-05-25 21:32:28
Q110,PO-20417439,S093,Supplier_S093,4.1,M006,Corn,500,1.58,20-07-2025,Delivery in reusable containers,07-06-25 22:24:28
Q111,PO-20189366,S012,Supplier_S012,4,M037,Caramel Color,500,1.38,02-07-2025,Free delivery for orders above 1000 units,15-06-25 04:44:28
Q112,PO-20516967,S172,Supplier_S172,4.1,M015,Maltodextrin,200,1.41,15-07-2025,Discount on next purchase,30-05-25 19:51:28
Q113,PO-20058612,S024,Supplier_S024,4.3,M024,Ascorbic Acid,2000,1.35,21-07-2025,Custom packaging available,10-06-25 17:00:28
Q114,PO-20503469,S172,Supplier_S172,4.5,M020,Natural Flavors,1000,1.4,21-07-2025,No returns accepted after 15 days,15-06-25 14:47:28
Q115,PO-20138214,S027,Supplier_S027,4.6,M019,Paprika Extract,1000,1.76,23-07-2025,Free delivery for orders above 1000 units,11-06-25 12:22:28
Q116,PO-20413593,S172,Supplier_S172,4.5,M020,Natural Flavors,1000,1.78,21-07-2025,Flexible lead time on bulk orders,06-06-25 14:20:28
Q117,PO-20761557,S190,Supplier_S190,3.9,M001,Sugar,200,1.48,05-07-2025,Discount on next purchase,19-06-25 23:16:28
Q118,PO-20236022,S027,Supplier_S027,4.6,M019,Paprika Extract,2000,1.45,02-07-2025,Special pricing for long-term contracts,12-06-25 12:35:28
Q119,PO-20771326,S189,Supplier_S189,4.5,M020,Natural Flavors,500,1.36,08-07-2025,Flexible lead time on bulk orders,04-06-25 11:39:28
Q120,PO-20991460,S049,Supplier_S049,4.3,M011,Cheddar Cheese,100,1.32,22-07-2025,Discount on next purchase,03-06-25 21:44:28
Q121,PO-20062839,S188,Supplier_S188,4.4,M033,Vanillin,500,1.42,03-07-2025,Special pricing for long-term contracts,28-05-25 00:30:28
Q122,PO-20413928,S074,Supplier_S074,3.7,M013,Onion Powder,500,1.42,09-07-2025,Custom packaging available,21-06-25 16:46:28
Q123,PO-20575602,S171,Supplier_S171,4.4,M019,Paprika Extract,200,1.76,07-07-2025,Bulk Discount Available and payment within 30 days,09-06-25 18:35:28
Q124,PO-20038308,S151,Supplier_S151,4.7,M002,Salt,100,1.58,01-07-2025,Bulk Discount Available and payment within 30 days,17-06-25 18:08:28
Q125,PO-20147397,S090,Supplier_S090,4.7,M016,Dextrose,100,1.26,01-07-2025,Discount on next purchase,05-06-25 21:46:28
Q126,PO-20805376,S189,Supplier_S189,4.5,M020,Natural Flavors,500,1.36,16-07-2025,Special pricing for long-term contracts,28-05-25 22:06:28
Q127,PO-20968128,S115,Supplier_S115,4.4,M026,Cocoa Powder,200,1.52,17-07-2025,Custom packaging available,20-06-25 09:44:28
Q128,PO-20082260,S190,Supplier_S190,3.9,M001,Sugar,200,1.37,15-07-2025,Delivery in reusable containers,30-05-25 21:22:28
Q129,PO-20791555,S115,Supplier_S115,4.4,M002,Salt,200,1.63,08-07-2025,Delivery in reusable containers,16-06-25 05:59:28
Q130,PO-20926729,S018,Supplier_S018,4.5,M010,Whey Protein,1000,1.46,08-07-2025,Custom packaging available,15-06-25 19:25:28
Q131,PO-20190614,S005,Supplier_S005,4.7,M008,Sunflower Oil,2000,1.45,16-07-2025,Advance payment required,01-06-25 00:48:28
Q132,PO-20074094,S172,Supplier_S172,4.1,M015,Maltodextrin,2000,1.28,06-07-2025,Flexible lead time on bulk orders,17-06-25 12:27:28
Q133,PO-20886008,S071,Supplier_S071,4.4,M037,Caramel Color,1000,1.27,01-07-2025,No returns accepted after 15 days,09-06-25 21:30:28
Q134,PO-20216412,S012,Supplier_S012,4,M037,Caramel Color,100,1.32,19-07-2025,No returns accepted after 15 days,24-05-25 16:37:28
Q135,PO-20230383,S117,Supplier_S117,4.6,M013,Onion Powder,100,1.55,29-06-2025,Special pricing for long-term contracts,10-06-25 07:28:28
Q136,PO-20807735,S093,Supplier_S093,4.1,M003,Citric Acid,2000,1.67,13-07-2025,Free delivery for orders above 1000 units,09-06-25 20:18:28
Q137,PO-20184867,S093,Supplier_S093,4.4,M008,Sunflower Oil,200,1.73,28-06-2025,Delivery in reusable containers,19-06-25 02:42:28
Q138,PO-20420893,S027,Supplier_S027,4.6,M019,Paprika Extract,200,1.48,18-07-2025,Special pricing for long-term contracts,24-05-25 18:30:28
Q139,PO-20979535,S076,Supplier_S076,4.1,M007,Vegetable Oil,100,1.29,22-07-2025,Flexible lead time on bulk orders,13-06-25 23:32:28
Q140,PO-20959808,S117,Supplier_S117,4.6,M013,Onion Powder,500,1.77,20-07-2025,Flexible lead time on bulk orders,04-06-25 18:45:28
Q141,PO-20393897,S071,Supplier_S071,4.4,M037,Caramel Color,2000,1.3,10-07-2025,Flexible lead time on bulk orders,14-06-25 00:58:28
Q142,PO-20659569,S159,Supplier_S159,4.5,M003,Citric Acid,1000,1.52,05-07-2025,Special pricing for long-term contracts,24-05-25 18:12:28
Q143,PO-20986678,S080,Supplier_S080,4.1,M009,Palm Oil,100,1.4,23-07-2025,No returns accepted after 15 days,25-05-25 12:00:28
Q144,PO-20533352,S064,Supplier_S064,4.1,M020,Natural Flavors,1000,1.49,01-07-2025,Delivery in reusable containers,05-06-25 18:56:28
Q145,PO-20228200,S049,Supplier_S049,4.3,M011,Cheddar Cheese,1000,1.44,09-07-2025,Custom packaging available,07-06-25 14:36:28
Q146,PO-20478414,S184,Supplier_S184,4.2,M015,Maltodextrin,200,1.32,13-07-2025,Bulk Discount Available and payment within 30 days,20-06-25 23:46:28
Q147,PO-20961505,S024,Supplier_S024,4.3,M024,Ascorbic Acid,2000,1.7,15-07-2025,Special pricing for long-term contracts,16-06-25 19:12:28
Q148,PO-20456194,S071,Supplier_S071,4.4,M037,Caramel Color,500,1.38,23-07-2025,Delivery in reusable containers,17-06-25 10:54:28
Q149,PO-20002658,S029,Supplier_S029,3.9,M007,Vegetable Oil,2000,1.57,11-07-2025,Custom packaging available,17-06-25 17:19:28
Q150,PO-20976213,S029,Supplier_S029,4.2,M008,Sunflower Oil,2000,1.4,10-07-2025,No returns accepted after 15 days,18-06-25 10:35:28
Q151,PO-20505543,S146,Supplier_S146,4.4,M005,Potatoes,1000,1.19,30-06-2025,Custom packaging available,02-06-25 10:09:28
Q152,PO-20153654,S029,Supplier_S029,3.9,M007,Vegetable Oil,1000,1.41,06-07-2025,Advance payment required,17-06-25 10:11:28
Q153,PO-20798670,S061,Supplier_S061,4.5,M024,Ascorbic Acid,200,1.68,09-07-2025,Delivery in reusable containers,30-05-25 08:56:28
Q154,PO-20560602,S077,Supplier_S077,4.9,M028,Skimmed Milk Powder,200,1.23,30-06-2025,Delivery in reusable containers,12-06-25 20:35:28
Q155,PO-20347540,S190,Supplier_S190,3.9,M001,Sugar,500,1.68,21-07-2025,Discount on next purchase,13-06-25 02:49:28
Q156,PO-20024635,S012,Supplier_S012,4,M037,Caramel Color,1000,1.65,07-07-2025,Discount on next purchase,16-06-25 20:58:28
Q157,PO-20165420,S161,Supplier_S161,4.5,M003,Citric Acid,500,1.57,20-07-2025,Custom packaging available,05-06-25 04:53:28
Q158,PO-20611719,S194,Supplier_S194,4.8,M042,Acetic Acid,100,1.33,19-07-2025,Flexible lead time on bulk orders,26-05-25 04:45:28
Q159,PO-20325371,S107,Supplier_S107,4.3,M027,Milk Solids,500,1.11,28-06-2025,Flexible lead time on bulk orders,04-06-25 23:02:28
Q160,PO-20253189,S093,Supplier_S093,4.4,M008,Sunflower Oil,1000,1.46,19-07-2025,No returns accepted after 15 days,11-06-25 07:48:28
Q161,PO-20618555,S057,Supplier_S057,4.4,M002,Salt,200,1.28,22-07-2025,Custom packaging available,26-05-25 18:39:28
Q162,PO-20801001,S153,Supplier_S153,4.3,M014,Garlic Powder,200,1.53,20-07-2025,Discount on next purchase,05-06-25 01:11:28
Q163,PO-20458899,S161,Supplier_S161,4.5,M003,Citric Acid,2000,0.98,17-07-2025,Delivery in reusable containers,07-06-25 10:23:28
Q164,PO-20654170,S057,Supplier_S057,4.4,M002,Salt,100,1.13,10-07-2025,Free delivery for orders above 1000 units,31-05-25 20:53:28
Q165,PO-20007118,S112,Supplier_S112,4.4,M007,Vegetable Oil,500,1.38,15-07-2025,Delivery in reusable containers,07-06-25 06:29:28
Q166,PO-20105333,S103,Supplier_S103,4.2,M038,Baking Powder,200,1.56,12-07-2025,Free delivery for orders above 1000 units,03-06-25 13:31:28
Q167,PO-20581485,S189,Supplier_S189,4.5,M020,Natural Flavors,100,1.48,01-07-2025,Flexible lead time on bulk orders,29-05-25 17:15:28
Q168,PO-20554799,S018,Supplier_S018,3.9,M014,Garlic Powder,200,1.4,01-07-2025,Special pricing for long-term contracts,22-06-25 16:48:28
Q169,PO-20889893,S005,Supplier_S005,4.7,M008,Sunflower Oil,200,1.65,21-07-2025,Advance payment required,15-06-25 13:25:28
Q170,PO-20485259,S159,Supplier_S159,4.5,M003,Citric Acid,200,1.6,17-07-2025,Flexible lead time on bulk orders,17-06-25 03:15:28
Q171,PO-20398821,S093,Supplier_S093,4.1,M003,Citric Acid,500,1.68,03-07-2025,Discount on next purchase,11-06-25 03:18:28
Q172,PO-20460390,S029,Supplier_S029,3.9,M007,Vegetable Oil,100,1.44,17-07-2025,Discount on next purchase,29-05-25 04:28:28
Q173,PO-20021214,S061,Supplier_S061,4.5,M024,Ascorbic Acid,100,1.28,15-07-2025,Custom packaging available,06-06-25 00:23:28
Q174,PO-20740338,S007,Supplier_S007,4.1,M001,Sugar,1000,1.84,14-07-2025,Advance payment required,11-06-25 10:07:28
Q175,PO-20871783,S027,Supplier_S027,4.6,M019,Paprika Extract,500,1.66,17-07-2025,Advance payment required,15-06-25 03:48:28
Q176,PO-20518644,S151,Supplier_S151,4.7,M002,Salt,2000,1.38,08-07-2025,Advance payment required,20-06-25 07:07:28
Q177,PO-20509768,S172,Supplier_S172,4.5,M020,Natural Flavors,1000,1.72,01-07-2025,Bulk Discount Available and payment within 30 days,26-05-25 13:52:28
Q178,PO-20267991,S061,Supplier_S061,4.5,M024,Ascorbic Acid,2000,1.61,08-07-2025,Bulk Discount Available and payment within 30 days,09-06-25 23:19:28
Q179,PO-20119656,S105,Supplier_S105,4.6,M027,Milk Solids,500,1.41,10-07-2025,Custom packaging available,04-06-25 04:51:28
Q180,PO-20949005,S057,Supplier_S057,4.4,M002,Salt,200,1.48,13-07-2025,Free delivery for orders above 1000 units,26-05-25 15:54:28
Q181,PO-20055463,S029,Supplier_S029,3.9,M007,Vegetable Oil,200,1.65,29-06-2025,Special pricing for long-term contracts,18-06-25 18:21:28
Q182,PO-20530736,S064,Supplier_S064,4.1,M020,Natural Flavors,200,1.39,29-06-2025,Bulk Discount Available and payment within 30 days,04-06-25 22:31:28
Q183,PO-20666791,S115,Supplier_S115,4.4,M002,Salt,2000,1.51,03-07-2025,Custom packaging available,27-05-25 02:57:28
Q184,PO-20302809,S189,Supplier_S189,4.5,M020,Natural Flavors,1000,1.39,28-06-2025,Custom packaging available,26-05-25 23:38:28
Q185,PO-20537099,S189,Supplier_S189,4.5,M020,Natural Flavors,200,1.45,06-07-2025,Bulk Discount Available and payment within 30 days,13-06-25 00:25:28
Q186,PO-20664442,S007,Supplier_S007,4.1,M001,Sugar,1000,1.61,21-07-2025,Bulk Discount Available and payment within 30 days,04-06-25 00:32:28
Q187,PO-20835886,S159,Supplier_S159,4.5,M003,Citric Acid,500,1.35,08-07-2025,Flexible lead time on bulk orders,28-05-25 09:26:28
Q188,PO-20839406,S159,Supplier_S159,4.5,M003,Citric Acid,2000,1.64,01-07-2025,Special pricing for long-term contracts,24-05-25 01:43:28
Q189,PO-20778726,S146,Supplier_S146,4.4,M005,Potatoes,500,1.13,14-07-2025,Bulk Discount Available and payment within 30 days,12-06-25 16:59:28
Q190,PO-20327864,S109,Supplier_S109,4.3,M013,Onion Powder,1000,1.4,11-07-2025,Delivery in reusable containers,16-06-25 12:19:28
Q191,PO-20404086,S046,Supplier_S046,4.4,M033,Vanillin,200,1.83,06-07-2025,Custom packaging available,08-06-25 06:28:28
Q192,PO-20634620,S018,Supplier_S018,3.9,M014,Garlic Powder,1000,1.32,06-07-2025,Advance payment required,16-06-25 19:04:28
Q193,PO-20627035,S027,Supplier_S027,4.6,M019,Paprika Extract,1000,1.54,09-07-2025,Bulk Discount Available and payment within 30 days,13-06-25 19:03:28
Q194,PO-20709196,S183,Supplier_S183,4.4,M009,Palm Oil,2000,1.26,09-07-2025,Bulk Discount Available and payment within 30 days,18-06-25 16:31:28
Q195,PO-20812983,S064,Supplier_S064,4.1,M020,Natural Flavors,100,1.62,18-07-2025,No returns accepted after 15 days,24-05-25 06:23:28
Q196,PO-20650695,S064,Supplier_S064,4.1,M020,Natural Flavors,100,1.61,06-07-2025,Delivery in reusable containers,09-06-25 07:02:28
Q197,PO-20911119,S029,Supplier_S029,4.2,M008,Sunflower Oil,1000,1.66,12-07-2025,Delivery in reusable containers,09-06-25 04:42:28
Q198,PO-20550177,S046,Supplier_S046,4.4,M033,Vanillin,2000,1.25,29-06-2025,Flexible lead time on bulk orders,19-06-25 00:06:28
Q199,PO-20785577,S071,Supplier_S071,4.4,M037,Caramel Color,1000,1.09,20-07-2025,Advance payment required,03-06-25 22:35:28
Q200,PO-20026374,S093,Supplier_S093,4.1,M003,Citric Acid,100,1.48,28-06-2025,Delivery in reusable containers,24-05-25 05:11:28
Q201,PO-20435378,S161,Supplier_S161,4.5,M003,Citric Acid,200,1.76,19-07-2025,Bulk Discount Available and payment within 30 days,07-06-25 21:49:28
Q202,PO-20891311,S188,Supplier_S188,4.4,M033,Vanillin,500,1.53,16-07-2025,Custom packaging available,02-06-25 20:37:28
Q203,PO-20915934,S093,Supplier_S093,4.1,M006,Corn,1000,1.39,20-07-2025,Discount on next purchase,16-06-25 08:50:28
Q204,PO-20316363,S071,Supplier_S071,4.4,M037,Caramel Color,200,1.35,23-07-2025,Free delivery for orders above 1000 units,27-05-25 17:05:28
Q205,PO-20995906,S109,Supplier_S109,4.3,M013,Onion Powder,200,1.55,21-07-2025,Bulk Discount Available and payment within 30 days,16-06-25 17:22:28
Q206,PO-20121411,S172,Supplier_S172,4.5,M020,Natural Flavors,500,1.48,28-06-2025,Bulk Discount Available and payment within 30 days,10-06-25 22:59:28
Q207,PO-20822762,S024,Supplier_S024,4.3,M024,Ascorbic Acid,100,1.61,04-07-2025,Flexible lead time on bulk orders,31-05-25 16:13:28
Q208,PO-20774525,S080,Supplier_S080,4.1,M009,Palm Oil,2000,1.42,28-06-2025,Flexible lead time on bulk orders,28-05-25 06:59:28
Q209,PO-20258632,S071,Supplier_S071,4.4,M037,Caramel Color,2000,1.41,01-07-2025,Free delivery for orders above 1000 units,29-05-25 23:57:28
Q210,PO-20589769,S007,Supplier_S007,4.1,M001,Sugar,100,1.49,05-07-2025,Advance payment required,08-06-25 02:29:28
Q211,PO-20573404,S093,Supplier_S093,4.1,M003,Citric Acid,2000,1.22,08-07-2025,Discount on next purchase,14-06-25 03:28:28
Q212,PO-20100135,S046,Supplier_S046,4.4,M033,Vanillin,500,1.64,13-07-2025,Free delivery for orders above 1000 units,13-06-25 01:24:28
Q213,PO-20678006,S153,Supplier_S153,4.3,M014,Garlic Powder,1000,0.96,29-06-2025,No returns accepted after 15 days,03-06-25 12:43:28
Q214,PO-20821015,S172,Supplier_S172,4.5,M020,Natural Flavors,200,1.28,04-07-2025,Discount on next purchase,21-06-25 15:18:28
Q215,PO-20856036,S036,Supplier_S036,4.5,M006,Corn,100,1.6,10-07-2025,Free delivery for orders above 1000 units,11-06-25 17:20:28
Q216,PO-20306534,S188,Supplier_S188,4.4,M033,Vanillin,2000,1.95,08-07-2025,Custom packaging available,06-06-25 09:29:28
Q217,PO-20303171,S064,Supplier_S064,4.1,M020,Natural Flavors,100,1.25,18-07-2025,Delivery in reusable containers,14-06-25 11:49:28
Q218,PO-20423417,S064,Supplier_S064,4.1,M020,Natural Flavors,100,1.45,04-07-2025,Free delivery for orders above 1000 units,20-06-25 12:27:28
Q219,PO-20192419,S029,Supplier_S029,3.9,M007,Vegetable Oil,500,1.44,01-07-2025,Discount on next purchase,11-06-25 22:06:28
Q220,PO-20636846,S046,Supplier_S046,4.4,M033,Vanillin,100,1.73,09-07-2025,Custom packaging available,24-05-25 16:51:28
Q221,PO-20878182,S109,Supplier_S109,4.3,M013,Onion Powder,100,1.75,13-07-2025,Custom packaging available,20-06-25 21:10:28
Q222,PO-20421537,S007,Supplier_S007,4.1,M001,Sugar,1000,1.73,05-07-2025,Free delivery for orders above 1000 units,13-06-25 09:09:28
Q223,PO-20851862,S061,Supplier_S061,4.5,M024,Ascorbic Acid,1000,1.39,16-07-2025,Bulk Discount Available and payment within 30 days,14-06-25 14:18:28
Q224,PO-20606854,S172,Supplier_S172,4.5,M020,Natural Flavors,500,1.66,28-06-2025,Discount on next purchase,01-06-25 19:45:28
Q225,PO-20409705,S189,Supplier_S189,4.5,M020,Natural Flavors,2000,1.74,20-07-2025,Advance payment required,14-06-25 14:39:28
Q226,PO-20807007,S151,Supplier_S151,4.7,M002,Salt,1000,1.43,05-07-2025,Special pricing for long-term contracts,28-05-25 05:49:28
Q227,PO-20208949,S057,Supplier_S057,4.5,M006,Corn,200,1.5,04-07-2025,Custom packaging available,10-06-25 07:10:28
Q228,PO-20420582,S115,Supplier_S115,4.4,M002,Salt,100,1.09,14-07-2025,Flexible lead time on bulk orders,28-05-25 00:48:28
Q229,PO-20806285,S064,Supplier_S064,4.1,M020,Natural Flavors,500,1.09,22-07-2025,Advance payment required,26-05-25 09:04:28
Q230,PO-20778291,S172,Supplier_S172,4.1,M015,Maltodextrin,2000,1.3,10-07-2025,Advance payment required,02-06-25 19:09:28
Q231,PO-20264447,S171,Supplier_S171,4.4,M019,Paprika Extract,200,1.47,23-07-2025,Special pricing for long-term contracts,24-05-25 01:44:28
Q232,PO-20467562,S057,Supplier_S057,4.4,M002,Salt,2000,1.88,23-07-2025,Custom packaging available,27-05-25 13:38:28
Q233,PO-20790222,S189,Supplier_S189,4.5,M020,Natural Flavors,500,1.92,02-07-2025,Discount on next purchase,08-06-25 09:53:28
Q234,PO-20950453,S189,Supplier_S189,4.5,M020,Natural Flavors,500,1.6,20-07-2025,Special pricing for long-term contracts,10-06-25 06:43:28
Q235,PO-20321826,S007,Supplier_S007,4.1,M001,Sugar,1000,1.41,02-07-2025,Special pricing for long-term contracts,02-06-25 01:15:28
Q236,PO-20303969,S103,Supplier_S103,4.2,M038,Baking Powder,100,1.34,18-07-2025,Flexible lead time on bulk orders,08-06-25 17:53:28
Q237,PO-20698485,S027,Supplier_S027,4.6,M019,Paprika Extract,200,1.89,01-07-2025,Delivery in reusable containers,20-06-25 03:22:28
Q238,PO-20397952,S194,Supplier_S194,4.8,M042,Acetic Acid,1000,1.59,05-07-2025,Flexible lead time on bulk orders,07-06-25 03:25:28
Q239,PO-20335262,S029,Supplier_S029,3.9,M007,Vegetable Oil,100,1.86,07-07-2025,Free delivery for orders above 1000 units,15-06-25 11:49:28
Q240,PO-20847921,S112,Supplier_S112,4.4,M007,Vegetable Oil,1000,1.6,03-07-2025,Free delivery for orders above 1000 units,03-06-25 16:44:28
Q241,PO-20375839,S093,Supplier_S093,4.4,M008,Sunflower Oil,500,1.19,10-07-2025,Special pricing for long-term contracts,14-06-25 09:46:28
Q242,PO-20456242,S189,Supplier_S189,4.5,M020,Natural Flavors,200,1.18,09-07-2025,Delivery in reusable containers,02-06-25 12:28:28
Q243,PO-20704176,S190,Supplier_S190,3.9,M001,Sugar,100,1.43,07-07-2025,Advance payment required,20-06-25 13:26:28
Q244,PO-20625560,S196,Supplier_S196,4.2,M042,Acetic Acid,2000,1.56,22-07-2025,No returns accepted after 15 days,20-06-25 09:30:28
Q245,PO-20829020,S064,Supplier_S064,4.1,M020,Natural Flavors,500,1.44,23-07-2025,Custom packaging available,24-05-25 14:39:28
Q246,PO-20206549,S027,Supplier_S027,4.6,M019,Paprika Extract,200,1.36,15-07-2025,Flexible lead time on bulk orders,14-06-25 10:34:28
Q247,PO-20343775,S190,Supplier_S190,3.9,M001,Sugar,1000,1.5,07-07-2025,Free delivery for orders above 1000 units,02-06-25 11:38:28
Q248,PO-20257547,S061,Supplier_S061,4.5,M024,Ascorbic Acid,200,1.29,06-07-2025,Discount on next purchase,20-06-25 04:26:28
Q249,PO-20324145,S189,Supplier_S189,4.5,M020,Natural Flavors,1000,1.35,16-07-2025,Delivery in reusable containers,09-06-25 03:07:28
Q250,PO-20485864,S046,Supplier_S046,4.4,M033,Vanillin,100,1.16,05-07-2025,Bulk Discount Available and payment within 30 days,08-06-25 12:18:28
Q251,PO-20310636,S093,Supplier_S093,4.1,M003,Citric Acid,200,1.54,16-07-2025,Special pricing for long-term contracts,07-06-25 05:59:28
Q252,PO-20556235,S171,Supplier_S171,4.4,M019,Paprika Extract,200,1.26,11-07-2025,Advance payment required,04-06-25 16:49:28
Q253,PO-20966448,S030,Supplier_S030,4.4,M038,Baking Powder,100,1.09,08-07-2025,Special pricing for long-term contracts,08-06-25 17:16:28
Q254,PO-20691412,S184,Supplier_S184,4.4,M005,Potatoes,500,1.51,14-07-2025,Delivery in reusable containers,26-05-25 15:02:28
Q255,PO-20580278,S076,Supplier_S076,4.1,M007,Vegetable Oil,200,1.61,17-07-2025,Special pricing for long-term contracts,20-06-25 08:55:28
Q256,PO-20866870,S146,Supplier_S146,4.4,M005,Potatoes,200,1.8,16-07-2025,Custom packaging available,21-06-25 10:18:28
Q257,PO-20669693,S046,Supplier_S046,4.4,M033,Vanillin,500,1.12,14-07-2025,Bulk Discount Available and payment within 30 days,19-06-25 15:35:28
Q258,PO-20083170,S172,Supplier_S172,4.5,M020,Natural Flavors,2000,1.44,19-07-2025,Discount on next purchase,02-06-25 20:42:28
Q259,PO-20874955,S064,Supplier_S064,4.1,M020,Natural Flavors,100,1.25,21-07-2025,Advance payment required,28-05-25 02:32:28
Q260,PO-20016530,S005,Supplier_S005,4.7,M008,Sunflower Oil,2000,1.5,30-06-2025,Flexible lead time on bulk orders,22-06-25 17:22:28
Q261,PO-20291675,S159,Supplier_S159,4.5,M003,Citric Acid,1000,1.21,18-07-2025,Free delivery for orders above 1000 units,07-06-25 10:47:28
Q262,PO-20078365,S161,Supplier_S161,4.5,M003,Citric Acid,1000,1.38,14-07-2025,Special pricing for long-term contracts,11-06-25 07:07:28
Q263,PO-20493022,S005,Supplier_S005,4.7,M008,Sunflower Oil,200,1.41,04-07-2025,Custom packaging available,28-05-25 04:03:28
Q264,PO-20639745,S172,Supplier_S172,4.5,M020,Natural Flavors,500,1.47,01-07-2025,Discount on next purchase,31-05-25 23:58:28
Q265,PO-20865071,S159,Supplier_S159,4.5,M003,Citric Acid,200,1.43,01-07-2025,Custom packaging available,07-06-25 10:28:28
Q266,PO-20728360,S064,Supplier_S064,4.1,M020,Natural Flavors,500,1.24,14-07-2025,Bulk Discount Available and payment within 30 days,09-06-25 07:05:28
Q267,PO-20399927,S189,Supplier_S189,4.5,M020,Natural Flavors,1000,1.27,10-07-2025,No returns accepted after 15 days,07-06-25 03:03:28
Q268,PO-20940834,S172,Supplier_S172,4.1,M015,Maltodextrin,2000,1.39,09-07-2025,Special pricing for long-term contracts,05-06-25 14:44:28
Q269,PO-20070412,S080,Supplier_S080,4.1,M009,Palm Oil,2000,1.49,07-07-2025,Free delivery for orders above 1000 units,24-05-25 22:06:28
Q270,PO-20572179,S184,Supplier_S184,4.2,M015,Maltodextrin,1000,1.38,20-07-2025,Bulk Discount Available and payment within 30 days,03-06-25 21:07:28
Q271,PO-20890863,S151,Supplier_S151,4.7,M002,Salt,100,1.37,09-07-2025,Custom packaging available,08-06-25 21:13:28
Q272,PO-20451666,S030,Supplier_S030,4.4,M038,Baking Powder,100,1.27,07-07-2025,Discount on next purchase,07-06-25 02:54:28
Q273,PO-20389515,S057,Supplier_S057,4.5,M006,Corn,200,1.27,13-07-2025,Special pricing for long-term contracts,01-06-25 06:23:28
Q274,PO-20746920,S189,Supplier_S189,4.5,M020,Natural Flavors,1000,1.63,19-07-2025,Custom packaging available,11-06-25 19:04:28
Q275,PO-20890781,S093,Supplier_S093,4.1,M003,Citric Acid,2000,1.28,01-07-2025,Custom packaging available,31-05-25 16:51:28
Q276,PO-20037669,S189,Supplier_S189,4.5,M020,Natural Flavors,200,1.58,05-07-2025,Special pricing for long-term contracts,01-06-25 12:33:28
Q277,PO-20685528,S115,Supplier_S115,4.4,M002,Salt,500,1.38,15-07-2025,Bulk Discount Available and payment within 30 days,02-06-25 04:56:28
Q278,PO-20829640,S071,Supplier_S071,4.4,M037,Caramel Color,2000,1.48,10-07-2025,No returns accepted after 15 days,29-05-25 19:13:28
Q279,PO-20490573,S172,Supplier_S172,4.5,M020,Natural Flavors,500,1.34,23-07-2025,Delivery in reusable containers,13-06-25 08:57:28
Q280,PO-20533256,S196,Supplier_S196,4.2,M042,Acetic Acid,100,1.41,18-07-2025,Delivery in reusable containers,29-05-25 12:22:28
Q281,PO-20550093,S161,Supplier_S161,4.5,M003,Citric Acid,500,1.61,02-07-2025,Custom packaging available,16-06-25 03:33:28
Q282,PO-20628811,S172,Supplier_S172,4.5,M020,Natural Flavors,200,1.52,28-06-2025,Bulk Discount Available and payment within 30 days,30-05-25 16:43:28
Q283,PO-20612220,S194,Supplier_S194,4.8,M042,Acetic Acid,100,1.45,05-07-2025,No returns accepted after 15 days,18-06-25 14:52:28
Q284,PO-20195129,S151,Supplier_S151,4.7,M002,Salt,200,1.58,06-07-2025,Free delivery for orders above 1000 units,03-06-25 02:09:28
Q285,PO-20480865,S151,Supplier_S151,4.7,M002,Salt,500,1.55,22-07-2025,Free delivery for orders above 1000 units,28-05-25 03:09:28
Q286,PO-20571822,S018,Supplier_S018,3.9,M014,Garlic Powder,2000,1.56,13-07-2025,Custom packaging available,09-06-25 03:24:28
Q287,PO-20013143,S057,Supplier_S057,4.5,M006,Corn,1000,1.71,10-07-2025,Custom packaging available,06-06-25 04:02:28
Q288,PO-20972029,S171,Supplier_S171,4.4,M019,Paprika Extract,100,1.31,13-07-2025,Special pricing for long-term contracts,12-06-25 12:16:28
Q289,PO-20138101,S188,Supplier_S188,4.4,M033,Vanillin,100,1.49,29-06-2025,Special pricing for long-term contracts,18-06-25 14:43:28
Q290,PO-20246192,S007,Supplier_S007,4.1,M001,Sugar,100,1.39,28-06-2025,Flexible lead time on bulk orders,30-05-25 06:25:28
Q291,PO-20082726,S194,Supplier_S194,4.8,M042,Acetic Acid,100,1.51,18-07-2025,Discount on next purchase,08-06-25 15:46:28
Q292,PO-20066337,S196,Supplier_S196,4.2,M042,Acetic Acid,100,1.86,22-07-2025,Advance payment required,26-05-25 08:11:28
Q293,PO-20673986,S064,Supplier_S064,4.1,M020,Natural Flavors,2000,1.3,08-07-2025,Free delivery for orders above 1000 units,17-06-25 02:56:28
Q294,PO-20098692,S189,Supplier_S189,4.5,M020,Natural Flavors,1000,1.89,02-07-2025,Flexible lead time on bulk orders,11-06-25 14:59:28
Q295,PO-20595541,S036,Supplier_S036,4.5,M006,Corn,500,1.74,30-06-2025,Delivery in reusable containers,29-05-25 06:12:28
Q296,PO-20581058,S080,Supplier_S080,4.1,M009,Palm Oil,2000,1.49,30-06-2025,Bulk Discount Available and payment within 30 days,25-05-25 01:10:28
Q297,PO-20488522,S093,Supplier_S093,4.1,M003,Citric Acid,200,1.62,01-07-2025,Delivery in reusable containers,26-05-25 12:06:28
Q298,PO-20103568,S193,Supplier_S193,4.2,M028,Skimmed Milk Powder,2000,1.62,17-07-2025,Discount on next purchase,27-05-25 09:49:28
Q299,PO-20231024,S093,Supplier_S093,4.1,M003,Citric Acid,100,1.56,08-07-2025,Free delivery for orders above 1000 units,11-06-25 10:57:28
Q300,PO-20960273,S161,Supplier_S161,4.5,M003,Citric Acid,200,1.64,10-07-2025,No returns accepted after 15 days,17-06-25 21:50:28
Q301,PO-20389597,S151,Supplier_S151,4.7,M002,Salt,200,1.9,14-07-2025,Flexible lead time on bulk orders,06-06-25 08:09:28
Q302,PO-20788173,S134,Supplier_S134,4.2,M033,Vanillin,2000,1.52,03-07-2025,No returns accepted after 15 days,27-05-25 00:58:28
Q303,PO-20740310,S046,Supplier_S046,4.4,M033,Vanillin,1000,1.26,30-06-2025,Custom packaging available,04-06-25 13:12:28
Q304,PO-20290644,S049,Supplier_S049,4.3,M011,Cheddar Cheese,2000,1.24,03-07-2025,Flexible lead time on bulk orders,20-06-25 15:48:28
Q305,PO-20408741,S046,Supplier_S046,4.4,M033,Vanillin,1000,1.69,21-07-2025,Special pricing for long-term contracts,01-06-25 23:41:28
Q306,PO-20744935,S153,Supplier_S153,4.3,M014,Garlic Powder,200,1.32,14-07-2025,Special pricing for long-term contracts,24-05-25 02:14:28
Q307,PO-20346915,S188,Supplier_S188,4.4,M033,Vanillin,200,1.31,11-07-2025,Delivery in reusable containers,13-06-25 06:00:28
Q308,PO-20355765,S105,Supplier_S105,4.6,M027,Milk Solids,2000,1.22,29-06-2025,No returns accepted after 15 days,19-06-25 23:31:28
Q309,PO-20009921,S029,Supplier_S029,3.9,M007,Vegetable Oil,500,1.45,12-07-2025,Discount on next purchase,06-06-25 02:25:28
Q310,PO-20055619,S171,Supplier_S171,4.4,M019,Paprika Extract,200,1.54,22-07-2025,Custom packaging available,06-06-25 07:04:28
Q311,PO-20581322,S189,Supplier_S189,4.5,M020,Natural Flavors,100,1.38,20-07-2025,Special pricing for long-term contracts,20-06-25 20:55:28
Q312,PO-20865700,S172,Supplier_S172,4.5,M020,Natural Flavors,500,1.41,10-07-2025,Advance payment required,10-06-25 01:37:28
Q313,PO-20880896,S193,Supplier_S193,4.6,M024,Ascorbic Acid,1000,1.47,01-07-2025,Advance payment required,17-06-25 00:26:28
Q314,PO-20455505,S159,Supplier_S159,4.5,M003,Citric Acid,200,1.07,06-07-2025,Discount on next purchase,21-06-25 23:11:28
Q315,PO-20629331,S189,Supplier_S189,4.5,M020,Natural Flavors,100,1.2,07-07-2025,Special pricing for long-term contracts,04-06-25 15:42:28
Q316,PO-20970569,S183,Supplier_S183,4.4,M009,Palm Oil,100,1.35,12-07-2025,Flexible lead time on bulk orders,19-06-25 15:47:28
Q317,PO-20494124,S100,Supplier_S100,3.9,M028,Skimmed Milk Powder,200,1.37,12-07-2025,Bulk Discount Available and payment within 30 days,10-06-25 15:32:28
Q318,PO-20452278,S057,Supplier_S057,4.5,M006,Corn,1000,1.69,23-07-2025,Advance payment required,19-06-25 15:06:28
Q319,PO-20873160,S012,Supplier_S012,4,M037,Caramel Color,500,1.6,05-07-2025,Flexible lead time on bulk orders,31-05-25 22:11:28
Q320,PO-20003381,S172,Supplier_S172,4.1,M015,Maltodextrin,100,1.29,20-07-2025,Advance payment required,04-06-25 18:14:28
Q321,PO-20489973,S036,Supplier_S036,4.5,M006,Corn,500,1.69,12-07-2025,Delivery in reusable containers,18-06-25 20:07:28
Q322,PO-20452114,S190,Supplier_S190,3.9,M001,Sugar,2000,1.46,23-07-2025,No returns accepted after 15 days,31-05-25 13:34:28
Q323,PO-20770514,S027,Supplier_S027,4.6,M019,Paprika Extract,100,1.41,21-07-2025,Free delivery for orders above 1000 units,07-06-25 14:48:28
Q324,PO-20812092,S064,Supplier_S064,4.1,M020,Natural Flavors,100,1.44,15-07-2025,Flexible lead time on bulk orders,10-06-25 00:36:28
Q325,PO-20142346,S046,Supplier_S046,4.1,M025,Soy Lecithin,200,1.78,10-07-2025,No returns accepted after 15 days,10-06-25 21:28:28
Q326,PO-20088117,S105,Supplier_S105,4.6,M027,Milk Solids,1000,1.64,30-06-2025,Discount on next purchase,21-06-25 08:46:28
Q327,PO-20278070,S183,Supplier_S183,4.4,M009,Palm Oil,500,1.51,06-07-2025,Delivery in reusable containers,13-06-25 08:41:28
Q328,PO-20219978,S007,Supplier_S007,4.1,M001,Sugar,1000,1.76,06-07-2025,Advance payment required,06-06-25 14:43:28
Q329,PO-20473757,S161,Supplier_S161,4.5,M003,Citric Acid,100,1.46,11-07-2025,Discount on next purchase,26-05-25 06:29:28
Q330,PO-20818376,S159,Supplier_S159,4.5,M003,Citric Acid,100,1.62,23-07-2025,Special pricing for long-term contracts,04-06-25 18:53:28
Q331,PO-20943218,S109,Supplier_S109,4.3,M013,Onion Powder,200,1.48,12-07-2025,Advance payment required,15-06-25 14:44:28
Q332,PO-20515119,S027,Supplier_S027,4.6,M019,Paprika Extract,100,1.63,14-07-2025,Discount on next purchase,27-05-25 10:13:28
Q333,PO-20807168,S184,Supplier_S184,4.2,M015,Maltodextrin,2000,1.27,12-07-2025,Special pricing for long-term contracts,06-06-25 12:18:28
Q334,PO-20025952,S007,Supplier_S007,4.1,M001,Sugar,500,1.71,29-06-2025,Custom packaging available,02-06-25 16:23:28
Q335,PO-20396255,S159,Supplier_S159,4.5,M003,Citric Acid,1000,1.55,22-07-2025,Flexible lead time on bulk orders,12-06-25 22:01:28
Q336,PO-20645135,S112,Supplier_S112,4.4,M007,Vegetable Oil,1000,1.33,08-07-2025,Custom packaging available,21-06-25 07:58:28
Q337,PO-20843613,S018,Supplier_S018,3.9,M014,Garlic Powder,2000,1.45,02-07-2025,Advance payment required,04-06-25 09:48:28
Q338,PO-20623078,S061,Supplier_S061,4.5,M024,Ascorbic Acid,2000,1.47,19-07-2025,Flexible lead time on bulk orders,06-06-25 14:30:28
Q339,PO-20066817,S117,Supplier_S117,4.6,M013,Onion Powder,500,1.62,28-06-2025,Advance payment required,05-06-25 03:58:28
Q340,PO-20340227,S029,Supplier_S029,4.2,M008,Sunflower Oil,500,1.44,03-07-2025,No returns accepted after 15 days,25-05-25 16:11:28
Q341,PO-20855667,S024,Supplier_S024,4.3,M024,Ascorbic Acid,1000,1.4,09-07-2025,Custom packaging available,02-06-25 20:59:28
Q342,PO-20761081,S036,Supplier_S036,4.5,M006,Corn,500,1.38,28-06-2025,Advance payment required,16-06-25 10:01:28
Q343,PO-20190102,S109,Supplier_S109,4.3,M013,Onion Powder,100,1.28,04-07-2025,Custom packaging available,08-06-25 11:46:28
Q344,PO-20287622,S161,Supplier_S161,4.5,M003,Citric Acid,100,1.77,22-07-2025,Custom packaging available,05-06-25 23:33:28
Q345,PO-20079771,S194,Supplier_S194,4.8,M042,Acetic Acid,200,1.36,01-07-2025,Delivery in reusable containers,30-05-25 21:00:28
Q346,PO-20200847,S109,Supplier_S109,4.3,M013,Onion Powder,100,1.38,07-07-2025,Free delivery for orders above 1000 units,10-06-25 03:17:28
Q347,PO-20834833,S049,Supplier_S049,4.3,M011,Cheddar Cheese,1000,1.6,29-06-2025,Special pricing for long-term contracts,16-06-25 13:20:28
Q348,PO-20403752,S012,Supplier_S012,4,M037,Caramel Color,100,1.51,01-07-2025,Discount on next purchase,05-06-25 02:54:28
Q349,PO-20467414,S188,Supplier_S188,4.4,M033,Vanillin,1000,1.3,30-06-2025,Free delivery for orders above 1000 units,05-06-25 20:36:28
Q350,PO-20658244,S024,Supplier_S024,4.3,M024,Ascorbic Acid,100,1.3,15-07-2025,Free delivery for orders above 1000 units,31-05-25 00:33:28
Q351,PO-20709295,S161,Supplier_S161,4.5,M003,Citric Acid,2000,1.83,09-07-2025,Discount on next purchase,03-06-25 03:34:28
Q352,PO-20337926,S172,Supplier_S172,4.5,M020,Natural Flavors,500,1.43,30-06-2025,Free delivery for orders above 1000 units,14-06-25 12:58:28
Q353,PO-20452144,S159,Supplier_S159,4.5,M003,Citric Acid,2000,1.59,02-07-2025,Delivery in reusable containers,20-06-25 04:23:28
Q354,PO-20045909,S012,Supplier_S012,4,M037,Caramel Color,100,1.25,23-07-2025,Advance payment required,19-06-25 23:40:28
Q355,PO-20769759,S018,Supplier_S018,3.9,M014,Garlic Powder,500,1.47,03-07-2025,Free delivery for orders above 1000 units,05-06-25 03:31:29
Q356,PO-20227516,S012,Supplier_S012,4,M037,Caramel Color,500,1.69,22-07-2025,Flexible lead time on bulk orders,25-05-25 16:21:29
Q357,PO-20159135,S193,Supplier_S193,4.6,M024,Ascorbic Acid,100,1.64,23-07-2025,Bulk Discount Available and payment within 30 days,26-05-25 20:52:29
Q358,PO-20052216,S196,Supplier_S196,4.2,M042,Acetic Acid,1000,1.32,17-07-2025,No returns accepted after 15 days,08-06-25 06:50:29
Q359,PO-20067327,S029,Supplier_S029,3.9,M007,Vegetable Oil,100,1.57,29-06-2025,No returns accepted after 15 days,11-06-25 01:16:29
Q360,PO-20990166,S190,Supplier_S190,3.9,M001,Sugar,100,1.11,05-07-2025,Bulk Discount Available and payment within 30 days,01-06-25 18:52:29
Q361,PO-20064534,S046,Supplier_S046,4.4,M033,Vanillin,2000,1.1,08-07-2025,Delivery in reusable containers,07-06-25 04:52:29
Q362,PO-20471168,S188,Supplier_S188,4.4,M033,Vanillin,2000,1.43,08-07-2025,Free delivery for orders above 1000 units,02-06-25 18:38:29
Q363,PO-20806167,S029,Supplier_S029,3.9,M007,Vegetable Oil,200,1.36,02-07-2025,Bulk Discount Available and payment within 30 days,21-06-25 19:12:29
Q364,PO-20365661,S193,Supplier_S193,4.6,M024,Ascorbic Acid,2000,1.31,06-07-2025,Custom packaging available,02-06-25 21:31:29
Q365,PO-20702678,S071,Supplier_S071,4.4,M037,Caramel Color,500,1.47,05-07-2025,Flexible lead time on bulk orders,05-06-25 08:59:29
Q366,PO-20272283,S190,Supplier_S190,3.9,M001,Sugar,1000,1.77,30-06-2025,Discount on next purchase,07-06-25 23:27:29
Q367,PO-20754346,S172,Supplier_S172,4.5,M020,Natural Flavors,200,1.35,11-07-2025,Free delivery for orders above 1000 units,06-06-25 09:59:29
Q368,PO-20138480,S107,Supplier_S107,4.3,M027,Milk Solids,2000,1.76,13-07-2025,Special pricing for long-term contracts,14-06-25 19:28:29
Q369,PO-20975752,S049,Supplier_S049,4.3,M011,Cheddar Cheese,1000,1.25,08-07-2025,Delivery in reusable containers,03-06-25 01:56:29
Q370,PO-20146925,S012,Supplier_S012,4,M037,Caramel Color,100,1.8,17-07-2025,Flexible lead time on bulk orders,29-05-25 17:40:29
Q371,PO-20090830,S141,Supplier_S141,4.4,M026,Cocoa Powder,1000,0.99,14-07-2025,Custom packaging available,10-06-25 03:24:29
Q372,PO-20577063,S190,Supplier_S190,3.9,M001,Sugar,500,1.71,20-07-2025,Special pricing for long-term contracts,26-05-25 11:12:29
Q373,PO-20195184,S193,Supplier_S193,4.6,M024,Ascorbic Acid,2000,1.68,08-07-2025,Custom packaging available,06-06-25 04:48:29
Q374,PO-20208013,S057,Supplier_S057,4.4,M002,Salt,100,1.83,08-07-2025,Flexible lead time on bulk orders,19-06-25 08:09:29
Q375,PO-20380923,S049,Supplier_S049,4.3,M011,Cheddar Cheese,200,1.98,05-07-2025,Bulk Discount Available and payment within 30 days,11-06-25 11:12:29
Q376,PO-20009734,S115,Supplier_S115,4.4,M002,Salt,1000,1.61,03-07-2025,Special pricing for long-term contracts,26-05-25 13:07:29
Q377,PO-20624149,S046,Supplier_S046,4.4,M033,Vanillin,200,1.51,30-06-2025,Free delivery for orders above 1000 units,04-06-25 02:10:29
Q378,PO-20465297,S117,Supplier_S117,4.6,M013,Onion Powder,500,1.48,21-07-2025,Special pricing for long-term contracts,02-06-25 18:11:29
Q379,PO-20304133,S196,Supplier_S196,4.2,M042,Acetic Acid,500,1.6,05-07-2025,Discount on next purchase,27-05-25 20:13:29
Q380,PO-20161463,S013,Supplier_S013,4.9,M012,Tomato Powder,2000,1.43,16-07-2025,Custom packaging available,02-06-25 16:33:29
Q381,PO-20002379,S159,Supplier_S159,4.5,M003,Citric Acid,1000,1.26,04-07-2025,No returns accepted after 15 days,10-06-25 10:00:29
Q382,PO-20549923,S007,Supplier_S007,4.1,M001,Sugar,200,1.21,22-07-2025,Discount on next purchase,26-05-25 06:13:29
Q383,PO-20888395,S183,Supplier_S183,4.4,M009,Palm Oil,1000,1.57,22-07-2025,Free delivery for orders above 1000 units,15-06-25 04:30:29
Q384,PO-20151892,S057,Supplier_S057,4.4,M002,Salt,1000,1.33,03-07-2025,Delivery in reusable containers,31-05-25 07:44:29
Q385,PO-20350752,S074,Supplier_S074,3.7,M013,Onion Powder,100,1.57,14-07-2025,Free delivery for orders above 1000 units,28-05-25 06:47:29
Q386,PO-20808587,S159,Supplier_S159,4.5,M003,Citric Acid,1000,1.53,09-07-2025,Special pricing for long-term contracts,06-06-25 19:25:29
Q387,PO-20449322,S005,Supplier_S005,4.7,M008,Sunflower Oil,2000,1.55,17-07-2025,Custom packaging available,07-06-25 23:40:29
Q388,PO-20203436,S061,Supplier_S061,4.5,M024,Ascorbic Acid,2000,1.39,01-07-2025,Custom packaging available,29-05-25 23:57:29
Q389,PO-20562881,S027,Supplier_S027,4.6,M019,Paprika Extract,500,1.42,22-07-2025,Flexible lead time on bulk orders,19-06-25 17:20:29
Q390,PO-20290585,S172,Supplier_S172,4.5,M020,Natural Flavors,100,1.34,21-07-2025,Delivery in reusable containers,07-06-25 14:19:29
Q391,PO-20896303,S093,Supplier_S093,4.1,M003,Citric Acid,100,1.62,01-07-2025,Flexible lead time on bulk orders,07-06-25 02:03:29
Q392,PO-20494477,S188,Supplier_S188,4.4,M033,Vanillin,100,1.62,21-07-2025,Special pricing for long-term contracts,03-06-25 19:10:29
Q393,PO-20122362,S151,Supplier_S151,4.7,M002,Salt,2000,1.42,21-07-2025,Discount on next purchase,25-05-25 04:35:29
Q394,PO-20976851,S172,Supplier_S172,4.5,M020,Natural Flavors,200,1.64,19-07-2025,Free delivery for orders above 1000 units,29-05-25 05:29:29
Q395,PO-20335827,S171,Supplier_S171,4.4,M019,Paprika Extract,200,1.31,08-07-2025,Special pricing for long-term contracts,30-05-25 08:08:29
Q396,PO-20247257,S134,Supplier_S134,4.2,M033,Vanillin,500,1.59,22-07-2025,Discount on next purchase,18-06-25 22:24:29
Q397,PO-20506871,S074,Supplier_S074,3.7,M013,Onion Powder,2000,1.46,07-07-2025,Delivery in reusable containers,11-06-25 02:11:29
Q398,PO-20217163,S027,Supplier_S027,4.6,M019,Paprika Extract,2000,1.32,06-07-2025,Discount on next purchase,10-06-25 04:35:29
Q399,PO-20436994,S190,Supplier_S190,3.9,M001,Sugar,1000,1.26,17-07-2025,Advance payment required,22-06-25 16:22:29
Q400,PO-20112929,S196,Supplier_S196,4.2,M042,Acetic Acid,100,1.17,04-07-2025,Free delivery for orders above 1000 units,14-06-25 01:06:29
Q401,PO-20455938,S196,Supplier_S196,4.2,M042,Acetic Acid,500,1.67,18-07-2025,No returns accepted after 15 days,05-06-25 21:52:29
Q402,PO-20655800,S196,Supplier_S196,4.2,M042,Acetic Acid,200,1.22,08-07-2025,Delivery in reusable containers,20-06-25 04:35:29
Q403,PO-20530408,S046,Supplier_S046,4.1,M025,Soy Lecithin,2000,1.52,06-07-2025,Discount on next purchase,02-06-25 12:52:29
Q404,PO-20091717,S188,Supplier_S188,4.4,M033,Vanillin,1000,1.46,28-06-2025,Flexible lead time on bulk orders,25-05-25 01:57:29
Q405,PO-20686973,S159,Supplier_S159,4.5,M003,Citric Acid,1000,0.98,15-07-2025,Discount on next purchase,08-06-25 16:52:29
Q406,PO-20556742,S159,Supplier_S159,4.5,M003,Citric Acid,100,1.07,15-07-2025,Discount on next purchase,20-06-25 17:26:29
Q407,PO-20590118,S034,Supplier_S034,4.5,M016,Dextrose,500,1.79,08-07-2025,Free delivery for orders above 1000 units,13-06-25 02:22:29
Q408,PO-20415990,S183,Supplier_S183,4.4,M009,Palm Oil,500,1.45,28-06-2025,Flexible lead time on bulk orders,14-06-25 08:56:29
Q409,PO-20324031,S064,Supplier_S064,4.1,M020,Natural Flavors,2000,1.78,02-07-2025,Advance payment required,02-06-25 18:52:29
Q410,PO-20689662,S007,Supplier_S007,4.1,M001,Sugar,1000,1.49,21-07-2025,Delivery in reusable containers,14-06-25 14:38:29
Q411,PO-20182169,S013,Supplier_S013,4.9,M012,Tomato Powder,1000,1.32,02-07-2025,Special pricing for long-term contracts,30-05-25 20:01:29
Q412,PO-20358989,S194,Supplier_S194,4.8,M042,Acetic Acid,500,1.5,21-07-2025,Discount on next purchase,20-06-25 02:11:29
Q413,PO-20916831,S093,Supplier_S093,4.1,M003,Citric Acid,200,1.58,19-07-2025,Advance payment required,09-06-25 03:32:29
Q414,PO-20448533,S007,Supplier_S007,4.1,M001,Sugar,200,1.75,01-07-2025,Bulk Discount Available and payment within 30 days,15-06-25 20:34:29
Q415,PO-20383004,S041,Supplier_S041,4.3,M026,Cocoa Powder,2000,1.46,01-07-2025,Special pricing for long-term contracts,24-05-25 07:51:29
Q416,PO-20287412,S194,Supplier_S194,4.8,M042,Acetic Acid,100,1.6,06-07-2025,Discount on next purchase,07-06-25 14:58:29
Q417,PO-20261109,S189,Supplier_S189,4.5,M020,Natural Flavors,500,1.35,28-06-2025,Advance payment required,16-06-25 10:21:29
Q418,PO-20662234,S184,Supplier_S184,4.4,M005,Potatoes,2000,1.32,11-07-2025,Discount on next purchase,15-06-25 01:31:29
Q419,PO-20087613,S151,Supplier_S151,4.7,M002,Salt,200,1.25,22-07-2025,No returns accepted after 15 days,19-06-25 23:54:29
Q420,PO-20312606,S093,Supplier_S093,4.1,M003,Citric Acid,100,1.57,18-07-2025,Bulk Discount Available and payment within 30 days,20-06-25 21:00:29
Q421,PO-20259453,S190,Supplier_S190,3.9,M001,Sugar,500,1.55,17-07-2025,No returns accepted after 15 days,01-06-25 14:55:29
Q422,PO-20085364,S103,Supplier_S103,4.2,M038,Baking Powder,100,1.55,13-07-2025,Flexible lead time on bulk orders,08-06-25 11:12:29
Q423,PO-20168647,S064,Supplier_S064,4.1,M020,Natural Flavors,100,1.71,11-07-2025,Flexible lead time on bulk orders,22-06-25 01:38:29
Q424,PO-20317461,S093,Supplier_S093,4.1,M003,Citric Acid,200,1.69,23-07-2025,Custom packaging available,27-05-25 13:51:29
Q425,PO-20901315,S064,Supplier_S064,4.1,M020,Natural Flavors,500,1.56,10-07-2025,Advance payment required,19-06-25 09:24:29
Q426,PO-20672579,S151,Supplier_S151,4.7,M002,Salt,100,1.63,12-07-2025,Bulk Discount Available and payment within 30 days,25-05-25 01:48:29
Q427,PO-20919421,S105,Supplier_S105,4.6,M027,Milk Solids,100,1.55,15-07-2025,Free delivery for orders above 1000 units,10-06-25 08:34:29
Q428,PO-20891530,S194,Supplier_S194,4.8,M042,Acetic Acid,1000,1.33,11-07-2025,Custom packaging available,09-06-25 05:04:29
Q429,PO-20065427,S057,Supplier_S057,4.4,M002,Salt,500,1.42,15-07-2025,Flexible lead time on bulk orders,04-06-25 09:31:29
Q430,PO-20171426,S046,Supplier_S046,4.4,M033,Vanillin,2000,1.65,12-07-2025,Advance payment required,10-06-25 02:20:29
Q431,PO-20418001,S071,Supplier_S071,4.4,M037,Caramel Color,2000,1.52,23-07-2025,Custom packaging available,17-06-25 01:41:29
Q432,PO-20765812,S093,Supplier_S093,4.1,M003,Citric Acid,2000,1.62,06-07-2025,Flexible lead time on bulk orders,13-06-25 09:22:29
Q433,PO-20661540,S112,Supplier_S112,4.4,M007,Vegetable Oil,1000,1.25,21-07-2025,Delivery in reusable containers,24-05-25 02:47:29
Q434,PO-20075027,S193,Supplier_S193,4.6,M024,Ascorbic Acid,2000,1.97,03-07-2025,Free delivery for orders above 1000 units,29-05-25 02:07:29
Q435,PO-20802784,S074,Supplier_S074,3.7,M013,Onion Powder,2000,1.63,08-07-2025,Free delivery for orders above 1000 units,28-05-25 13:59:29
Q436,PO-20741581,S093,Supplier_S093,4.1,M003,Citric Acid,100,1.57,03-07-2025,Discount on next purchase,15-06-25 22:19:29
Q437,PO-20114217,S012,Supplier_S012,4,M037,Caramel Color,200,1.38,12-07-2025,Free delivery for orders above 1000 units,06-06-25 16:58:29
Q438,PO-20147467,S146,Supplier_S146,4.4,M005,Potatoes,100,1.33,29-06-2025,Bulk Discount Available and payment within 30 days,31-05-25 18:25:29
Q439,PO-20578698,S027,Supplier_S027,4.6,M019,Paprika Extract,200,1.62,05-07-2025,No returns accepted after 15 days,04-06-25 07:45:29
Q440,PO-20896956,S027,Supplier_S027,4.6,M019,Paprika Extract,500,1.43,05-07-2025,Bulk Discount Available and payment within 30 days,10-06-25 02:49:29
Q441,PO-20962401,S071,Supplier_S071,4.4,M037,Caramel Color,1000,1.61,16-07-2025,Discount on next purchase,11-06-25 05:46:29
Q442,PO-20606904,S013,Supplier_S013,4.9,M012,Tomato Powder,100,1.39,13-07-2025,Discount on next purchase,16-06-25 17:35:29
Q443,PO-20012958,S151,Supplier_S151,4.7,M002,Salt,1000,1.11,08-07-2025,Discount on next purchase,05-06-25 17:57:29
Q444,PO-20111139,S196,Supplier_S196,4.2,M042,Acetic Acid,200,1.66,09-07-2025,Special pricing for long-term contracts,25-05-25 21:34:29
Q445,PO-20265880,S057,Supplier_S057,4.4,M002,Salt,500,1.43,02-07-2025,Custom packaging available,26-05-25 16:01:29
Q446,PO-20405307,S153,Supplier_S153,4.3,M014,Garlic Powder,2000,1.77,22-07-2025,Free delivery for orders above 1000 units,20-06-25 20:05:29
Q447,PO-20905454,S134,Supplier_S134,4.2,M033,Vanillin,500,1.49,29-06-2025,Free delivery for orders above 1000 units,24-05-25 19:32:29
Q448,PO-20336096,S169,Supplier_S169,4.2,M011,Cheddar Cheese,200,1.34,08-07-2025,No returns accepted after 15 days,01-06-25 19:18:29
Q449,PO-20510552,S196,Supplier_S196,4.2,M042,Acetic Acid,2000,1.52,22-07-2025,Free delivery for orders above 1000 units,12-06-25 16:21:29
Q450,PO-20109531,S184,Supplier_S184,4.2,M015,Maltodextrin,2000,1.41,30-06-2025,Delivery in reusable containers,24-05-25 15:00:29
Q451,PO-20656051,S017,Supplier_S017,4,M038,Baking Powder,100,1.64,28-06-2025,No returns accepted after 15 days,13-06-25 08:31:29
Q452,PO-20326364,S134,Supplier_S134,4.2,M033,Vanillin,2000,1.3,19-07-2025,Free delivery for orders above 1000 units,26-05-25 01:02:29
Q453,PO-20638277,S194,Supplier_S194,4.8,M042,Acetic Acid,100,1.33,11-07-2025,Advance payment required,20-06-25 23:26:29
Q454,PO-20312937,S159,Supplier_S159,4.5,M003,Citric Acid,200,1.31,19-07-2025,Bulk Discount Available and payment within 30 days,31-05-25 18:39:29
Q455,PO-20864044,S172,Supplier_S172,4.5,M020,Natural Flavors,500,1.47,06-07-2025,Special pricing for long-term contracts,24-05-25 13:22:29
Q456,PO-20740564,S036,Supplier_S036,4.5,M006,Corn,1000,1.32,21-07-2025,Advance payment required,14-06-25 07:58:29
Q457,PO-20482470,S071,Supplier_S071,4.4,M037,Caramel Color,100,1.71,10-07-2025,Special pricing for long-term contracts,21-06-25 12:41:29
Q458,PO-20977026,S024,Supplier_S024,4.3,M024,Ascorbic Acid,500,1.69,15-07-2025,Delivery in reusable containers,25-05-25 10:54:29
Q459,PO-20296564,S189,Supplier_S189,4.5,M020,Natural Flavors,100,1.55,21-07-2025,Discount on next purchase,02-06-25 09:05:29
Q460,PO-20990681,S064,Supplier_S064,4.1,M020,Natural Flavors,1000,1.92,02-07-2025,Flexible lead time on bulk orders,14-06-25 06:35:29
Q461,PO-20275696,S189,Supplier_S189,4.5,M020,Natural Flavors,1000,0.99,04-07-2025,Bulk Discount Available and payment within 30 days,21-06-25 11:21:29
Q462,PO-20400020,S076,Supplier_S076,4.1,M007,Vegetable Oil,200,1.65,04-07-2025,No returns accepted after 15 days,29-05-25 09:10:29
Q463,PO-20222499,S064,Supplier_S064,4.1,M020,Natural Flavors,500,1.44,28-06-2025,Bulk Discount Available and payment within 30 days,12-06-25 23:26:29
Q464,PO-20383745,S189,Supplier_S189,4.5,M020,Natural Flavors,2000,1.43,02-07-2025,Custom packaging available,15-06-25 14:42:29
Q465,PO-20791361,S064,Supplier_S064,4.1,M020,Natural Flavors,500,1.36,08-07-2025,Delivery in reusable containers,14-06-25 22:54:29
Q466,PO-20897619,S103,Supplier_S103,4.2,M038,Baking Powder,100,1.2,17-07-2025,Discount on next purchase,01-06-25 22:11:29
Q467,PO-20110102,S193,Supplier_S193,4.6,M024,Ascorbic Acid,500,1.33,14-07-2025,No returns accepted after 15 days,01-06-25 18:36:29
Q468,PO-20334230,S188,Supplier_S188,4.4,M033,Vanillin,500,1.53,08-07-2025,Delivery in reusable containers,15-06-25 17:22:29
Q469,PO-20411971,S093,Supplier_S093,4.1,M003,Citric Acid,2000,1.48,08-07-2025,No returns accepted after 15 days,30-05-25 14:41:29
Q470,PO-20722540,S093,Supplier_S093,4.1,M006,Corn,1000,1.47,29-06-2025,Custom packaging available,03-06-25 18:12:29
Q471,PO-20060078,S159,Supplier_S159,4.5,M003,Citric Acid,500,1.31,08-07-2025,No returns accepted after 15 days,25-05-25 20:10:29
Q472,PO-20353709,S057,Supplier_S057,4.5,M006,Corn,500,1.59,30-06-2025,Discount on next purchase,07-06-25 10:20:29
Q473,PO-20160941,S112,Supplier_S112,4.4,M007,Vegetable Oil,500,1.43,28-06-2025,Flexible lead time on bulk orders,30-05-25 13:36:29
Q474,PO-20749980,S194,Supplier_S194,4.8,M042,Acetic Acid,100,1.09,07-07-2025,Delivery in reusable containers,19-06-25 15:33:29
Q475,PO-20337231,S169,Supplier_S169,4.2,M011,Cheddar Cheese,1000,1.49,22-07-2025,No returns accepted after 15 days,24-05-25 04:27:29
Q476,PO-20264131,S194,Supplier_S194,4.8,M042,Acetic Acid,1000,1.55,06-07-2025,Bulk Discount Available and payment within 30 days,12-06-25 02:10:29
Q477,PO-20177749,S193,Supplier_S193,4.6,M024,Ascorbic Acid,1000,1.46,04-07-2025,Advance payment required,25-05-25 16:44:29
Q478,PO-20864555,S093,Supplier_S093,4.4,M008,Sunflower Oil,200,1.58,28-06-2025,Free delivery for orders above 1000 units,28-05-25 06:17:29
Q479,PO-20086526,S153,Supplier_S153,4.3,M014,Garlic Powder,200,1.51,09-07-2025,No returns accepted after 15 days,18-06-25 16:46:29
Q480,PO-20327944,S074,Supplier_S074,3.7,M013,Onion Powder,1000,1.31,06-07-2025,Free delivery for orders above 1000 units,26-05-25 20:54:29
Q481,PO-20408964,S074,Supplier_S074,3.7,M013,Onion Powder,1000,1.22,30-06-2025,Delivery in reusable containers,04-06-25 21:20:29
Q482,PO-20260472,S188,Supplier_S188,4.4,M033,Vanillin,500,1.47,10-07-2025,Advance payment required,29-05-25 16:48:29
Q483,PO-20163600,S018,Supplier_S018,3.9,M014,Garlic Powder,1000,1.45,29-06-2025,Bulk Discount Available and payment within 30 days,28-05-25 08:32:29
Q484,PO-20310273,S151,Supplier_S151,4.7,M002,Salt,1000,1.19,19-07-2025,Discount on next purchase,07-06-25 04:37:29
Q485,PO-20463537,S007,Supplier_S007,4.1,M001,Sugar,1000,1.52,18-07-2025,Delivery in reusable containers,21-06-25 04:47:29
Q486,PO-20087236,S161,Supplier_S161,4.5,M003,Citric Acid,200,1.25,10-07-2025,Advance payment required,22-06-25 08:39:29
Q487,PO-20333941,S193,Supplier_S193,4.6,M024,Ascorbic Acid,2000,1.42,14-07-2025,Flexible lead time on bulk orders,08-06-25 11:20:29
Q488,PO-20956537,S151,Supplier_S151,4.7,M002,Salt,100,1.77,15-07-2025,Special pricing for long-term contracts,06-06-25 09:49:29
Q489,PO-20949540,S159,Supplier_S159,4.5,M003,Citric Acid,2000,1.21,23-07-2025,Bulk Discount Available and payment within 30 days,08-06-25 22:26:29
Q490,PO-20804018,S007,Supplier_S007,4.1,M001,Sugar,1000,1.67,28-06-2025,Free delivery for orders above 1000 units,23-05-25 21:49:29
Q491,PO-20686744,S172,Supplier_S172,4.5,M020,Natural Flavors,100,1.42,11-07-2025,Flexible lead time on bulk orders,29-05-25 10:51:29
Q492,PO-20845073,S194,Supplier_S194,4.8,M042,Acetic Acid,200,1.48,12-07-2025,Special pricing for long-term contracts,30-05-25 02:09:29
Q493,PO-20702879,S005,Supplier_S005,4.7,M008,Sunflower Oil,2000,1.71,04-07-2025,Bulk Discount Available and payment within 30 days,03-06-25 09:57:29
Q494,PO-20612118,S184,Supplier_S184,4.2,M015,Maltodextrin,200,1.33,18-07-2025,Free delivery for orders above 1000 units,21-06-25 23:34:29
Q495,PO-20829732,S018,Supplier_S018,3.9,M014,Garlic Powder,2000,1.51,04-07-2025,Flexible lead time on bulk orders,16-06-25 09:56:29
Q496,PO-20290914,S190,Supplier_S190,3.9,M001,Sugar,1000,1.13,22-07-2025,Special pricing for long-term contracts,19-06-25 21:47:29
Q497,PO-20956247,S027,Supplier_S027,4.6,M019,Paprika Extract,100,1.55,29-06-2025,Delivery in reusable containers,29-05-25 04:48:29
Q498,PO-20371666,S057,Supplier_S057,4.4,M002,Salt,500,1.62,16-07-2025,Custom packaging available,07-06-25 07:31:29
Q499,PO-20431023,S190,Supplier_S190,3.9,M001,Sugar,100,1.68,22-07-2025,Bulk Discount Available and payment within 30 days,14-06-25 13:02:29
Q500,PO-20322897,S189,Supplier_S189,4.5,M020,Natural Flavors,2000,1.4,20-07-2025,Custom packaging available,08-06-25 22:28:29
Q501,PO-20197750,S012,Supplier_S012,4,M037,Caramel Color,1000,1.37,05-07-2025,Flexible lead time on bulk orders,11-06-25 08:56:29
Q502,PO-20060947,S183,Supplier_S183,4.4,M009,Palm Oil,200,1.6,21-07-2025,No returns accepted after 15 days,16-06-25 04:58:29
Q503,PO-20937874,S007,Supplier_S007,4.1,M001,Sugar,100,1.18,05-07-2025,Discount on next purchase,16-06-25 19:10:29
Q504,PO-20120126,S193,Supplier_S193,4.6,M024,Ascorbic Acid,500,1.59,01-07-2025,Discount on next purchase,06-06-25 19:36:29
Q505,PO-20200424,S093,Supplier_S093,4.1,M006,Corn,500,1.53,01-07-2025,Special pricing for long-term contracts,09-06-25 07:47:29
Q506,PO-20606443,S074,Supplier_S074,3.7,M013,Onion Powder,2000,1.55,16-07-2025,No returns accepted after 15 days,02-06-25 13:50:29
Q507,PO-20571938,S064,Supplier_S064,4.1,M020,Natural Flavors,200,1.82,02-07-2025,Delivery in reusable containers,12-06-25 12:48:29
Q508,PO-20125995,S027,Supplier_S027,4.6,M019,Paprika Extract,100,1.26,30-06-2025,No returns accepted after 15 days,05-06-25 01:36:29
Q509,PO-20699554,S151,Supplier_S151,4.7,M002,Salt,100,1.42,29-06-2025,Bulk Discount Available and payment within 30 days,11-06-25 17:27:29
Q510,PO-20069695,S018,Supplier_S018,4.5,M016,Dextrose,500,1.45,23-07-2025,Custom packaging available,27-05-25 22:38:29
Q511,PO-20254175,S064,Supplier_S064,4.1,M020,Natural Flavors,100,1.79,16-07-2025,No returns accepted after 15 days,08-06-25 15:08:29
Q512,PO-20503518,S188,Supplier_S188,4.4,M033,Vanillin,2000,1.65,11-07-2025,Bulk Discount Available and payment within 30 days,09-06-25 09:42:29
Q513,PO-20719094,S189,Supplier_S189,4.5,M020,Natural Flavors,200,1.39,03-07-2025,Free delivery for orders above 1000 units,19-06-25 13:38:29
Q514,PO-20128814,S179,Supplier_S179,4.4,M025,Soy Lecithin,2000,1.61,12-07-2025,Flexible lead time on bulk orders,04-06-25 22:54:29
Q515,PO-20929503,S071,Supplier_S071,4.4,M037,Caramel Color,200,1.78,14-07-2025,Bulk Discount Available and payment within 30 days,17-06-25 14:09:29
Q516,PO-20679733,S190,Supplier_S190,3.9,M001,Sugar,200,1.45,08-07-2025,Special pricing for long-term contracts,17-06-25 09:19:29
Q517,PO-20373563,S064,Supplier_S064,4.1,M020,Natural Flavors,1000,1.32,14-07-2025,Flexible lead time on bulk orders,20-06-25 23:38:29
Q518,PO-20069974,S012,Supplier_S012,4,M037,Caramel Color,500,1.65,28-06-2025,Special pricing for long-term contracts,06-06-25 19:22:29
Q519,PO-20822455,S193,Supplier_S193,4.6,M024,Ascorbic Acid,1000,1.35,09-07-2025,Free delivery for orders above 1000 units,16-06-25 04:56:29
Q520,PO-20896438,S172,Supplier_S172,4.1,M015,Maltodextrin,100,1.62,16-07-2025,Free delivery for orders above 1000 units,14-06-25 02:43:29
Q521,PO-20153699,S025,Supplier_S025,4.2,M011,Cheddar Cheese,2000,1.58,18-07-2025,Custom packaging available,19-06-25 04:15:29
Q522,PO-20317194,S159,Supplier_S159,4.5,M003,Citric Acid,100,1.51,29-06-2025,No returns accepted after 15 days,21-06-25 16:26:29
Q523,PO-20045092,S064,Supplier_S064,4.1,M020,Natural Flavors,2000,0.94,05-07-2025,Custom packaging available,08-06-25 05:57:29
Q524,PO-20195224,S049,Supplier_S049,4.3,M011,Cheddar Cheese,200,1.33,19-07-2025,No returns accepted after 15 days,07-06-25 20:37:29
Q525,PO-20172866,S193,Supplier_S193,4.6,M024,Ascorbic Acid,1000,1.31,09-07-2025,Custom packaging available,01-06-25 08:47:29
Q526,PO-20238558,S005,Supplier_S005,4.7,M008,Sunflower Oil,100,1.25,06-07-2025,Bulk Discount Available and payment within 30 days,02-06-25 03:55:29
Q527,PO-20837212,S117,Supplier_S117,4.6,M013,Onion Powder,2000,1.59,04-07-2025,Discount on next purchase,31-05-25 06:51:29
Q528,PO-20458185,S196,Supplier_S196,4.2,M042,Acetic Acid,1000,1.64,13-07-2025,Delivery in reusable containers,29-05-25 02:10:29
Q529,PO-20325517,S049,Supplier_S049,4.3,M011,Cheddar Cheese,200,1.45,21-07-2025,Flexible lead time on bulk orders,10-06-25 09:15:29
Q530,PO-20922933,S117,Supplier_S117,4.6,M013,Onion Powder,200,1.62,03-07-2025,No returns accepted after 15 days,27-05-25 01:42:29
Q531,PO-20707856,S189,Supplier_S189,4.5,M020,Natural Flavors,2000,1.53,07-07-2025,Special pricing for long-term contracts,02-06-25 17:49:29
Q532,PO-20101523,S134,Supplier_S134,4.2,M033,Vanillin,2000,1.47,17-07-2025,Advance payment required,30-05-25 10:21:29
Q533,PO-20251313,S071,Supplier_S071,4.4,M037,Caramel Color,1000,1.69,17-07-2025,Custom packaging available,01-06-25 20:55:29
Q534,PO-20533959,S109,Supplier_S109,4.3,M013,Onion Powder,500,1.37,23-07-2025,Discount on next purchase,31-05-25 04:19:29
Q535,PO-20130686,S172,Supplier_S172,4.5,M020,Natural Flavors,100,1.47,01-07-2025,Free delivery for orders above 1000 units,31-05-25 19:42:29
Q536,PO-20833542,S190,Supplier_S190,3.9,M001,Sugar,2000,1.21,04-07-2025,Bulk Discount Available and payment within 30 days,16-06-25 11:31:29
Q537,PO-20249182,S061,Supplier_S061,4.5,M024,Ascorbic Acid,200,1.52,23-07-2025,Custom packaging available,20-06-25 01:13:29
Q538,PO-20190054,S115,Supplier_S115,4.4,M002,Salt,500,1.92,28-06-2025,No returns accepted after 15 days,27-05-25 06:55:29
Q539,PO-20663481,S171,Supplier_S171,4.4,M019,Paprika Extract,1000,1.42,05-07-2025,Special pricing for long-term contracts,13-06-25 11:37:29
Q540,PO-20085004,S134,Supplier_S134,4.2,M033,Vanillin,1000,1.49,01-07-2025,Advance payment required,17-06-25 10:48:29
Q541,PO-20541917,S071,Supplier_S071,4.4,M037,Caramel Color,500,1.57,09-07-2025,Advance payment required,26-05-25 02:58:29
Q542,PO-20412660,S029,Supplier_S029,3.9,M007,Vegetable Oil,100,1.4,19-07-2025,Discount on next purchase,26-05-25 06:38:29
Q543,PO-20435803,S046,Supplier_S046,4.4,M033,Vanillin,1000,1.7,19-07-2025,Bulk Discount Available and payment within 30 days,10-06-25 05:03:29
Q544,PO-20251724,S183,Supplier_S183,4.4,M009,Palm Oil,1000,1.47,11-07-2025,No returns accepted after 15 days,02-06-25 21:34:29
Q545,PO-20556364,S146,Supplier_S146,4.4,M005,Potatoes,2000,1.5,08-07-2025,Special pricing for long-term contracts,12-06-25 02:52:29
Q546,PO-20932509,S093,Supplier_S093,4.1,M003,Citric Acid,100,1.42,15-07-2025,Delivery in reusable containers,30-05-25 15:43:29
Q547,PO-20650887,S049,Supplier_S049,4.3,M011,Cheddar Cheese,500,1.56,10-07-2025,Custom packaging available,28-05-25 19:46:29
Q548,PO-20353202,S007,Supplier_S007,4.1,M001,Sugar,1000,1.58,16-07-2025,Bulk Discount Available and payment within 30 days,26-05-25 10:55:29
Q549,PO-20195216,S071,Supplier_S071,4.4,M037,Caramel Color,1000,1.43,14-07-2025,Bulk Discount Available and payment within 30 days,26-05-25 23:07:29
Q550,PO-20858720,S093,Supplier_S093,4.1,M003,Citric Acid,2000,1.44,03-07-2025,Bulk Discount Available and payment within 30 days,08-06-25 21:43:29
Q551,PO-20534389,S151,Supplier_S151,4.7,M002,Salt,500,1.42,06-07-2025,Delivery in reusable containers,16-06-25 00:23:29
Q552,PO-20376700,S061,Supplier_S061,4.5,M024,Ascorbic Acid,200,1.06,29-06-2025,Free delivery for orders above 1000 units,13-06-25 18:29:29
Q553,PO-20464009,S194,Supplier_S194,4.8,M042,Acetic Acid,500,1.65,14-07-2025,Custom packaging available,01-06-25 05:03:29
Q554,PO-20085694,S061,Supplier_S061,4.5,M024,Ascorbic Acid,1000,1.42,10-07-2025,Custom packaging available,21-06-25 14:59:29
Q555,PO-20094029,S134,Supplier_S134,4.2,M033,Vanillin,100,1.56,13-07-2025,Flexible lead time on bulk orders,13-06-25 01:40:29
Q556,PO-20230318,S189,Supplier_S189,4.5,M020,Natural Flavors,500,1.44,04-07-2025,Custom packaging available,21-06-25 02:12:29
Q557,PO-20561341,S093,Supplier_S093,4.1,M006,Corn,500,1.38,23-07-2025,Advance payment required,08-06-25 18:40:29
Q558,PO-20263830,S188,Supplier_S188,4.4,M033,Vanillin,100,1.6,05-07-2025,Bulk Discount Available and payment within 30 days,30-05-25 19:03:29
Q559,PO-20034751,S194,Supplier_S194,4.8,M042,Acetic Acid,1000,1.4,17-07-2025,Delivery in reusable containers,20-06-25 05:19:29
Q560,PO-20655443,S080,Supplier_S080,4.1,M009,Palm Oil,100,1.83,04-07-2025,Flexible lead time on bulk orders,19-06-25 02:04:29
Q561,PO-20909219,S196,Supplier_S196,4.2,M042,Acetic Acid,200,1.55,13-07-2025,Special pricing for long-term contracts,14-06-25 22:30:29
Q562,PO-20515679,S030,Supplier_S030,4.4,M038,Baking Powder,200,1.54,07-07-2025,Flexible lead time on bulk orders,04-06-25 04:45:29
Q563,PO-20992361,S194,Supplier_S194,4.8,M042,Acetic Acid,2000,1.58,02-07-2025,Custom packaging available,06-06-25 07:26:29
Q564,PO-20874191,S189,Supplier_S189,4.5,M020,Natural Flavors,500,1.39,01-07-2025,Delivery in reusable containers,16-06-25 22:43:29
Q565,PO-20076834,S134,Supplier_S134,4.2,M033,Vanillin,1000,1.46,09-07-2025,Custom packaging available,01-06-25 14:37:29
Q566,PO-20305011,S161,Supplier_S161,4.5,M003,Citric Acid,200,1.4,15-07-2025,Special pricing for long-term contracts,01-06-25 14:10:29
Q567,PO-20021269,S112,Supplier_S112,4.4,M007,Vegetable Oil,1000,1.51,30-06-2025,No returns accepted after 15 days,07-06-25 00:21:29
Q568,PO-20460915,S057,Supplier_S057,4.4,M002,Salt,500,1.5,28-06-2025,Custom packaging available,03-06-25 02:54:29
Q569,PO-20610781,S146,Supplier_S146,4.4,M005,Potatoes,2000,1.65,11-07-2025,Custom packaging available,15-06-25 16:05:29
Q570,PO-20316536,S071,Supplier_S071,4.4,M037,Caramel Color,200,1.72,17-07-2025,Bulk Discount Available and payment within 30 days,30-05-25 07:46:29
Q571,PO-20548759,S012,Supplier_S012,4,M037,Caramel Color,500,1.62,08-07-2025,Bulk Discount Available and payment within 30 days,01-06-25 18:38:29
Q572,PO-20981834,S141,Supplier_S141,4.4,M026,Cocoa Powder,500,1.82,30-06-2025,Discount on next purchase,08-06-25 07:03:29
Q573,PO-20347913,S071,Supplier_S071,4.4,M037,Caramel Color,1000,1.52,12-07-2025,Special pricing for long-term contracts,09-06-25 13:57:29
Q574,PO-20830148,S105,Supplier_S105,4.6,M027,Milk Solids,2000,1.58,18-07-2025,Flexible lead time on bulk orders,23-05-25 22:30:29
Q575,PO-20382036,S189,Supplier_S189,4.5,M020,Natural Flavors,1000,1.72,22-07-2025,Custom packaging available,11-06-25 05:42:29
Q576,PO-20189733,S007,Supplier_S007,4.1,M001,Sugar,100,1.68,22-07-2025,Flexible lead time on bulk orders,28-05-25 07:40:29
Q577,PO-20018256,S196,Supplier_S196,4.2,M042,Acetic Acid,1000,1.57,16-07-2025,Bulk Discount Available and payment within 30 days,20-06-25 15:19:29
Q578,PO-20208518,S046,Supplier_S046,4.4,M033,Vanillin,100,1.61,06-07-2025,Flexible lead time on bulk orders,28-05-25 20:51:29
Q579,PO-20261164,S012,Supplier_S012,4,M037,Caramel Color,200,1.32,23-07-2025,Discount on next purchase,24-05-25 16:48:29
Q580,PO-20829477,S064,Supplier_S064,4.1,M020,Natural Flavors,100,1.41,22-07-2025,Delivery in reusable containers,17-06-25 18:07:29
Q581,PO-20024906,S171,Supplier_S171,4.4,M019,Paprika Extract,200,1.41,06-07-2025,No returns accepted after 15 days,03-06-25 15:11:29
Q582,PO-20321343,S027,Supplier_S027,4.6,M019,Paprika Extract,100,1.47,13-07-2025,Delivery in reusable containers,14-06-25 17:23:29
Q583,PO-20572758,S057,Supplier_S057,4.4,M002,Salt,2000,1.31,15-07-2025,Delivery in reusable containers,01-06-25 18:34:29
Q584,PO-20000526,S115,Supplier_S115,4.4,M002,Salt,200,1.27,19-07-2025,Discount on next purchase,09-06-25 09:18:29
Q585,PO-20360609,S134,Supplier_S134,4.2,M033,Vanillin,200,1.82,03-07-2025,Free delivery for orders above 1000 units,30-05-25 16:24:29
Q586,PO-20375070,S194,Supplier_S194,4.8,M042,Acetic Acid,500,1.39,05-07-2025,Flexible lead time on bulk orders,07-06-25 23:14:29
Q587,PO-20048671,S189,Supplier_S189,4.5,M020,Natural Flavors,1000,1.59,13-07-2025,No returns accepted after 15 days,22-06-25 19:15:29
Q588,PO-20370674,S057,Supplier_S057,4.4,M002,Salt,500,1.48,17-07-2025,No returns accepted after 15 days,02-06-25 15:19:29
Q589,PO-20818591,S172,Supplier_S172,4.5,M020,Natural Flavors,2000,1.85,02-07-2025,Advance payment required,31-05-25 08:01:29
Q590,PO-20199990,S194,Supplier_S194,4.8,M042,Acetic Acid,1000,1.45,12-07-2025,Flexible lead time on bulk orders,01-06-25 02:13:29
Q591,PO-20294136,S064,Supplier_S064,4.1,M020,Natural Flavors,200,1.43,09-07-2025,Flexible lead time on bulk orders,15-06-25 05:54:29
Q592,PO-20034068,S071,Supplier_S071,4.4,M037,Caramel Color,100,1.45,23-07-2025,Discount on next purchase,12-06-25 15:50:29
Q593,PO-20801284,S018,Supplier_S018,3.9,M014,Garlic Powder,100,1.97,13-07-2025,Delivery in reusable containers,11-06-25 00:57:29
Q594,PO-20855080,S190,Supplier_S190,3.9,M001,Sugar,1000,1.62,10-07-2025,Flexible lead time on bulk orders,25-05-25 07:49:29
Q595,PO-20787722,S151,Supplier_S151,4.7,M002,Salt,100,1.3,22-07-2025,Free delivery for orders above 1000 units,13-06-25 23:03:29
Q596,PO-20190151,S012,Supplier_S012,4,M037,Caramel Color,1000,1.45,19-07-2025,Flexible lead time on bulk orders,13-06-25 21:19:29
Q597,PO-20462300,S171,Supplier_S171,4.4,M019,Paprika Extract,1000,1.38,05-07-2025,Delivery in reusable containers,29-05-25 16:15:29
Q598,PO-20601431,S061,Supplier_S061,4.5,M024,Ascorbic Acid,2000,1.55,05-07-2025,No returns accepted after 15 days,09-06-25 23:40:29
Q599,PO-20942617,S189,Supplier_S189,4.5,M020,Natural Flavors,200,1.87,05-07-2025,Flexible lead time on bulk orders,24-05-25 02:10:29
Q600,PO-20017338,S134,Supplier_S134,4.2,M033,Vanillin,200,1.49,10-07-2025,Custom packaging available,02-06-25 03:14:29
Q601,PO-20378650,S190,Supplier_S190,3.9,M001,Sugar,2000,1.51,04-07-2025,Custom packaging available,18-06-25 21:43:29
Q602,PO-20265438,S057,Supplier_S057,4.5,M006,Corn,100,1.59,10-07-2025,Flexible lead time on bulk orders,18-06-25 19:44:29
Q603,PO-20525780,S005,Supplier_S005,4.7,M008,Sunflower Oil,200,1.45,06-07-2025,Flexible lead time on bulk orders,19-06-25 08:42:29
Q604,PO-20634926,S141,Supplier_S141,4.4,M026,Cocoa Powder,100,0.94,01-07-2025,Special pricing for long-term contracts,11-06-25 22:23:29
Q605,PO-20825933,S179,Supplier_S179,4.4,M025,Soy Lecithin,2000,2.01,07-07-2025,Bulk Discount Available and payment within 30 days,28-05-25 08:59:29
Q606,PO-20448280,S093,Supplier_S093,4.4,M008,Sunflower Oil,1000,1.32,30-06-2025,Special pricing for long-term contracts,09-06-25 16:49:29
Q607,PO-20719068,S071,Supplier_S071,4.4,M037,Caramel Color,1000,1.56,14-07-2025,Custom packaging available,02-06-25 21:47:29
Q608,PO-20096066,S005,Supplier_S005,4.7,M008,Sunflower Oil,500,1.72,29-06-2025,Special pricing for long-term contracts,19-06-25 04:16:29
Q609,PO-20756863,S190,Supplier_S190,3.9,M001,Sugar,2000,1.74,17-07-2025,Discount on next purchase,24-05-25 16:00:29
Q610,PO-20995357,S046,Supplier_S046,4.4,M033,Vanillin,500,1.71,29-06-2025,Delivery in reusable containers,25-05-25 02:57:29
Q611,PO-20993396,S012,Supplier_S012,4,M037,Caramel Color,200,1.56,10-07-2025,Flexible lead time on bulk orders,30-05-25 06:55:29
Q612,PO-20321991,S071,Supplier_S071,4.4,M037,Caramel Color,1000,1.58,09-07-2025,Special pricing for long-term contracts,28-05-25 00:17:29
Q613,PO-20656903,S049,Supplier_S049,4.3,M011,Cheddar Cheese,1000,1.33,14-07-2025,No returns accepted after 15 days,07-06-25 21:59:29
Q614,PO-20084054,S064,Supplier_S064,4.1,M020,Natural Flavors,200,1.47,23-07-2025,Discount on next purchase,01-06-25 20:50:29
Q615,PO-20760495,S093,Supplier_S093,4.1,M003,Citric Acid,2000,1.42,11-07-2025,Flexible lead time on bulk orders,24-05-25 20:17:29
Q616,PO-20937395,S184,Supplier_S184,4.4,M005,Potatoes,200,1.33,11-07-2025,Flexible lead time on bulk orders,12-06-25 23:21:29
Q617,PO-20897468,S183,Supplier_S183,4.4,M009,Palm Oil,500,1.25,04-07-2025,Custom packaging available,17-06-25 03:14:29
Q618,PO-20711286,S161,Supplier_S161,4.5,M003,Citric Acid,200,1.52,07-07-2025,Advance payment required,04-06-25 01:17:29
Q619,PO-20263555,S061,Supplier_S061,4.5,M024,Ascorbic Acid,200,1.27,03-07-2025,Free delivery for orders above 1000 units,24-05-25 14:21:29
Q620,PO-20278069,S109,Supplier_S109,4.3,M013,Onion Powder,200,1.34,18-07-2025,Free delivery for orders above 1000 units,16-06-25 22:16:29
Q621,PO-20555594,S112,Supplier_S112,4.4,M007,Vegetable Oil,2000,1.08,30-06-2025,Discount on next purchase,07-06-25 03:33:29
Q622,PO-20758815,S134,Supplier_S134,4.2,M033,Vanillin,100,1.46,30-06-2025,Special pricing for long-term contracts,01-06-25 15:13:29
Q623,PO-20191526,S194,Supplier_S194,4.8,M042,Acetic Acid,200,1.65,17-07-2025,Custom packaging available,15-06-25 04:50:29
Q624,PO-20280943,S190,Supplier_S190,3.9,M001,Sugar,2000,1.63,10-07-2025,Special pricing for long-term contracts,28-05-25 20:02:29
Q625,PO-20972238,S036,Supplier_S036,4.5,M006,Corn,200,1.65,17-07-2025,Delivery in reusable containers,09-06-25 15:05:29
Q626,PO-20459891,S194,Supplier_S194,4.8,M042,Acetic Acid,200,1.66,23-07-2025,No returns accepted after 15 days,06-06-25 23:19:29
Q627,PO-20742641,S027,Supplier_S027,4.6,M019,Paprika Extract,200,1.46,10-07-2025,Flexible lead time on bulk orders,27-05-25 11:57:29
Q628,PO-20531277,S071,Supplier_S071,4.4,M037,Caramel Color,1000,1.5,06-07-2025,Free delivery for orders above 1000 units,10-06-25 07:55:29
Q629,PO-20304450,S115,Supplier_S115,4.4,M026,Cocoa Powder,200,1.63,17-07-2025,Bulk Discount Available and payment within 30 days,24-05-25 06:02:29
Q630,PO-20159600,S196,Supplier_S196,4.2,M042,Acetic Acid,2000,1.35,07-07-2025,Advance payment required,30-05-25 13:57:29
Q631,PO-20453854,S190,Supplier_S190,3.9,M001,Sugar,1000,1.67,01-07-2025,No returns accepted after 15 days,20-06-25 03:17:29
Q632,PO-20136309,S194,Supplier_S194,4.8,M042,Acetic Acid,500,1.99,03-07-2025,Custom packaging available,26-05-25 20:50:29
Q633,PO-20514282,S012,Supplier_S012,4,M037,Caramel Color,1000,1.53,29-06-2025,Discount on next purchase,10-06-25 14:45:29
Q634,PO-20903144,S189,Supplier_S189,4.5,M020,Natural Flavors,200,1.56,19-07-2025,No returns accepted after 15 days,29-05-25 15:56:29
Q635,PO-20540923,S076,Supplier_S076,4.1,M007,Vegetable Oil,100,1.36,20-07-2025,Advance payment required,07-06-25 03:04:29
Q636,PO-20533152,S061,Supplier_S061,4.5,M024,Ascorbic Acid,200,1.8,01-07-2025,Free delivery for orders above 1000 units,06-06-25 13:30:29
Q637,PO-20386452,S036,Supplier_S036,4.5,M006,Corn,100,1.33,12-07-2025,Discount on next purchase,02-06-25 18:21:29
Q638,PO-20472245,S007,Supplier_S007,4.1,M001,Sugar,500,1.1,11-07-2025,Special pricing for long-term contracts,09-06-25 23:40:29
Q639,PO-20035609,S194,Supplier_S194,4.8,M042,Acetic Acid,500,1.36,10-07-2025,Delivery in reusable containers,07-06-25 20:00:29
Q640,PO-20346238,S117,Supplier_S117,4.6,M013,Onion Powder,1000,1.2,02-07-2025,Advance payment required,28-05-25 23:50:29
Q641,PO-20475377,S057,Supplier_S057,4.5,M006,Corn,2000,1.3,14-07-2025,Special pricing for long-term contracts,25-05-25 02:14:29
Q642,PO-20421014,S169,Supplier_S169,4.2,M011,Cheddar Cheese,200,1.76,20-07-2025,Bulk Discount Available and payment within 30 days,29-05-25 00:24:29
Q643,PO-20081210,S057,Supplier_S057,4.4,M002,Salt,100,1.6,09-07-2025,Advance payment required,03-06-25 19:24:29
Q644,PO-20532558,S093,Supplier_S093,4.4,M008,Sunflower Oil,2000,1.31,01-07-2025,Custom packaging available,04-06-25 14:38:29
Q645,PO-20008594,S071,Supplier_S071,4.4,M037,Caramel Color,100,1.47,23-07-2025,Delivery in reusable containers,20-06-25 07:08:29
Q646,PO-20382338,S151,Supplier_S151,4.7,M002,Salt,1000,1.76,07-07-2025,Special pricing for long-term contracts,24-05-25 17:15:29
Q647,PO-20934196,S007,Supplier_S007,4.1,M001,Sugar,200,1.74,28-06-2025,Advance payment required,19-06-25 01:12:29
Q648,PO-20660507,S109,Supplier_S109,4.3,M013,Onion Powder,500,1.25,07-07-2025,Free delivery for orders above 1000 units,27-05-25 14:41:29
Q649,PO-20115819,S057,Supplier_S057,4.4,M002,Salt,2000,1.72,12-07-2025,Advance payment required,31-05-25 03:36:29
Q650,PO-20359530,S190,Supplier_S190,3.9,M001,Sugar,500,1.49,12-07-2025,Bulk Discount Available and payment within 30 days,03-06-25 12:10:29
Q651,PO-20746318,S005,Supplier_S005,4.7,M008,Sunflower Oil,2000,1.09,06-07-2025,Advance payment required,04-06-25 03:15:29
Q652,PO-20737722,S012,Supplier_S012,4,M037,Caramel Color,500,1.44,21-07-2025,Special pricing for long-term contracts,30-05-25 19:36:29
Q653,PO-20011971,S159,Supplier_S159,4.5,M003,Citric Acid,1000,1.61,03-07-2025,No returns accepted after 15 days,30-05-25 15:59:29
Q654,PO-20812250,S007,Supplier_S007,4.1,M001,Sugar,100,1.32,10-07-2025,Custom packaging available,25-05-25 17:37:29
Q655,PO-20531778,S117,Supplier_S117,4.6,M013,Onion Powder,200,1.66,15-07-2025,Delivery in reusable containers,02-06-25 22:57:29
Q656,PO-20150359,S190,Supplier_S190,3.9,M001,Sugar,2000,1.45,11-07-2025,Special pricing for long-term contracts,16-06-25 02:58:29
Q657,PO-20430655,S029,Supplier_S029,3.9,M007,Vegetable Oil,1000,1.68,18-07-2025,Custom packaging available,10-06-25 10:52:29
Q658,PO-20344765,S080,Supplier_S080,4.1,M009,Palm Oil,200,1.38,05-07-2025,Free delivery for orders above 1000 units,02-06-25 20:43:29
Q659,PO-20895127,S046,Supplier_S046,4.4,M033,Vanillin,100,1.49,30-06-2025,Bulk Discount Available and payment within 30 days,27-05-25 18:24:29
Q660,PO-20849064,S194,Supplier_S194,4.8,M042,Acetic Acid,200,1.51,23-07-2025,No returns accepted after 15 days,22-06-25 05:16:29
Q661,PO-20153924,S172,Supplier_S172,4.5,M020,Natural Flavors,200,1.58,13-07-2025,Discount on next purchase,26-05-25 09:01:29
Q662,PO-20608780,S059,Supplier_S059,4.8,M010,Whey Protein,200,1.6,08-07-2025,No returns accepted after 15 days,30-05-25 16:47:29
Q663,PO-20456551,S179,Supplier_S179,4.4,M025,Soy Lecithin,500,1.55,06-07-2025,Flexible lead time on bulk orders,25-05-25 20:19:29
Q664,PO-20907885,S190,Supplier_S190,3.9,M001,Sugar,100,1.59,28-06-2025,Custom packaging available,04-06-25 07:36:29
Q665,PO-20830996,S112,Supplier_S112,4.4,M007,Vegetable Oil,100,1.79,30-06-2025,Discount on next purchase,30-05-25 14:30:29
Q666,PO-20933656,S196,Supplier_S196,4.2,M042,Acetic Acid,200,1.29,20-07-2025,Delivery in reusable containers,04-06-25 12:33:29
Q667,PO-20879663,S190,Supplier_S190,3.9,M001,Sugar,100,1.47,07-07-2025,Advance payment required,07-06-25 04:30:29
Q668,PO-20277439,S190,Supplier_S190,3.9,M001,Sugar,1000,1.51,22-07-2025,Custom packaging available,28-05-25 19:46:29
Q669,PO-20471844,S179,Supplier_S179,4.4,M025,Soy Lecithin,200,1.44,12-07-2025,Custom packaging available,27-05-25 09:25:29
Q670,PO-20368424,S190,Supplier_S190,3.9,M001,Sugar,1000,1.32,06-07-2025,Custom packaging available,14-06-25 21:56:29
Q671,PO-20798851,S057,Supplier_S057,4.5,M006,Corn,1000,1.5,03-07-2025,Flexible lead time on bulk orders,09-06-25 10:36:29
Q672,PO-20885224,S061,Supplier_S061,4.5,M024,Ascorbic Acid,2000,1.66,07-07-2025,Bulk Discount Available and payment within 30 days,13-06-25 12:42:29
Q673,PO-20032425,S061,Supplier_S061,4.5,M024,Ascorbic Acid,500,1.55,01-07-2025,Advance payment required,24-05-25 12:01:29
Q674,PO-20320094,S159,Supplier_S159,4.5,M003,Citric Acid,500,1.62,16-07-2025,Flexible lead time on bulk orders,19-06-25 08:00:29
Q675,PO-20540153,S090,Supplier_S090,4.7,M016,Dextrose,1000,1.42,09-07-2025,Bulk Discount Available and payment within 30 days,26-05-25 07:56:29
Q676,PO-20563893,S007,Supplier_S007,4.1,M001,Sugar,500,1.71,15-07-2025,Delivery in reusable containers,15-06-25 14:32:29
Q677,PO-20607479,S151,Supplier_S151,4.7,M002,Salt,100,1.43,20-07-2025,Custom packaging available,16-06-25 00:56:29
Q678,PO-20325973,S115,Supplier_S115,4.4,M002,Salt,100,1.43,10-07-2025,Custom packaging available,11-06-25 05:51:29
Q679,PO-20201213,S049,Supplier_S049,4.3,M011,Cheddar Cheese,200,1.4,08-07-2025,Bulk Discount Available and payment within 30 days,19-06-25 15:23:29
Q680,PO-20552504,S115,Supplier_S115,4.4,M002,Salt,1000,1.57,05-07-2025,No returns accepted after 15 days,20-06-25 12:06:29
Q681,PO-20157135,S184,Supplier_S184,4.2,M015,Maltodextrin,100,1.95,10-07-2025,Special pricing for long-term contracts,01-06-25 21:36:29
Q682,PO-20311353,S134,Supplier_S134,4.2,M033,Vanillin,500,1.64,23-07-2025,Flexible lead time on bulk orders,06-06-25 17:09:29
Q683,PO-20398346,S153,Supplier_S153,4.3,M014,Garlic Powder,2000,1.68,30-06-2025,Discount on next purchase,18-06-25 10:31:29
Q684,PO-20581115,S093,Supplier_S093,4.4,M008,Sunflower Oil,1000,1.73,18-07-2025,No returns accepted after 15 days,31-05-25 20:20:29
Q685,PO-20819103,S080,Supplier_S080,4.1,M009,Palm Oil,2000,1.7,30-06-2025,Special pricing for long-term contracts,28-05-25 04:28:29
Q686,PO-20205968,S012,Supplier_S012,4,M037,Caramel Color,2000,1.35,10-07-2025,Advance payment required,11-06-25 17:56:29
Q687,PO-20560949,S109,Supplier_S109,4.3,M013,Onion Powder,200,1.83,06-07-2025,No returns accepted after 15 days,27-05-25 14:25:29
Q688,PO-20369045,S189,Supplier_S189,4.5,M020,Natural Flavors,2000,1.69,20-07-2025,Flexible lead time on bulk orders,11-06-25 23:44:29
Q689,PO-20978987,S064,Supplier_S064,4.1,M020,Natural Flavors,2000,1.63,01-07-2025,Custom packaging available,03-06-25 19:10:29
Q690,PO-20108512,S169,Supplier_S169,4.2,M011,Cheddar Cheese,1000,1.55,10-07-2025,Flexible lead time on bulk orders,11-06-25 21:16:29
Q691,PO-20442945,S076,Supplier_S076,4.1,M007,Vegetable Oil,200,1.47,22-07-2025,Free delivery for orders above 1000 units,16-06-25 15:58:29
Q692,PO-20878621,S172,Supplier_S172,4.1,M015,Maltodextrin,1000,1.39,03-07-2025,Custom packaging available,27-05-25 18:50:29
Q693,PO-20653314,S172,Supplier_S172,4.5,M020,Natural Flavors,1000,1.46,03-07-2025,Custom packaging available,09-06-25 18:27:29
Q694,PO-20282342,S061,Supplier_S061,4.5,M024,Ascorbic Acid,500,1.45,13-07-2025,Bulk Discount Available and payment within 30 days,09-06-25 21:55:29
Q695,PO-20924658,S024,Supplier_S024,4.3,M024,Ascorbic Acid,100,1.16,14-07-2025,Flexible lead time on bulk orders,20-06-25 09:11:29
Q696,PO-20473943,S151,Supplier_S151,4.7,M002,Salt,200,1.59,09-07-2025,Advance payment required,20-06-25 01:25:29
Q697,PO-20112449,S171,Supplier_S171,4.4,M019,Paprika Extract,100,1.41,12-07-2025,Advance payment required,14-06-25 23:59:29
Q698,PO-20300422,S190,Supplier_S190,3.9,M001,Sugar,100,1.35,04-07-2025,Flexible lead time on bulk orders,12-06-25 14:28:29
Q699,PO-20144053,S093,Supplier_S093,4.1,M003,Citric Acid,500,1.73,20-07-2025,Free delivery for orders above 1000 units,06-06-25 23:26:29
Q700,PO-20983837,S025,Supplier_S025,4.2,M011,Cheddar Cheese,200,1.5,11-07-2025,Advance payment required,19-06-25 23:02:29
Q701,PO-20560965,S027,Supplier_S027,4.6,M019,Paprika Extract,500,1.14,08-07-2025,Free delivery for orders above 1000 units,21-06-25 06:42:29
Q702,PO-20721070,S024,Supplier_S024,4.3,M024,Ascorbic Acid,100,1.56,23-07-2025,Custom packaging available,16-06-25 02:59:29
Q703,PO-20605682,S161,Supplier_S161,4.5,M003,Citric Acid,200,1.83,04-07-2025,Free delivery for orders above 1000 units,24-05-25 19:34:29
Q704,PO-20464143,S034,Supplier_S034,4.5,M016,Dextrose,1000,0.86,07-07-2025,Delivery in reusable containers,04-06-25 06:24:29
Q705,PO-20786574,S115,Supplier_S115,4.4,M002,Salt,200,1.31,05-07-2025,Special pricing for long-term contracts,29-05-25 09:00:29
Q706,PO-20232384,S193,Supplier_S193,4.6,M024,Ascorbic Acid,2000,1.45,18-07-2025,No returns accepted after 15 days,20-06-25 19:14:29
Q707,PO-20908313,S046,Supplier_S046,4.1,M025,Soy Lecithin,500,1.66,02-07-2025,Flexible lead time on bulk orders,02-06-25 20:25:29
Q708,PO-20130116,S184,Supplier_S184,4.2,M015,Maltodextrin,2000,1.2,06-07-2025,Free delivery for orders above 1000 units,03-06-25 08:01:29
Q709,PO-20942852,S071,Supplier_S071,4.4,M037,Caramel Color,100,1.88,11-07-2025,Advance payment required,08-06-25 10:11:29
Q710,PO-20643545,S071,Supplier_S071,4.4,M037,Caramel Color,1000,1.5,04-07-2025,No returns accepted after 15 days,31-05-25 12:59:29
Q711,PO-20938035,S093,Supplier_S093,4.1,M003,Citric Acid,1000,1.16,15-07-2025,No returns accepted after 15 days,04-06-25 18:20:29
Q712,PO-20987820,S025,Supplier_S025,4.2,M011,Cheddar Cheese,500,1.35,13-07-2025,Delivery in reusable containers,22-06-25 07:37:29
Q713,PO-20596373,S183,Supplier_S183,4.4,M009,Palm Oil,200,1.42,07-07-2025,Free delivery for orders above 1000 units,08-06-25 16:14:29
Q714,PO-20008337,S117,Supplier_S117,4.6,M013,Onion Powder,1000,1.09,17-07-2025,Delivery in reusable containers,24-05-25 18:15:29
Q715,PO-20230957,S184,Supplier_S184,4.2,M015,Maltodextrin,200,1.67,10-07-2025,Special pricing for long-term contracts,30-05-25 05:21:29
Q716,PO-20308287,S024,Supplier_S024,4.3,M024,Ascorbic Acid,100,1.61,20-07-2025,Special pricing for long-term contracts,27-05-25 08:19:29
Q717,PO-20327474,S012,Supplier_S012,4,M037,Caramel Color,200,1.55,13-07-2025,Advance payment required,10-06-25 23:27:29
Q718,PO-20527639,S064,Supplier_S064,4.1,M020,Natural Flavors,100,1.52,07-07-2025,Custom packaging available,20-06-25 16:14:29
Q719,PO-20588455,S076,Supplier_S076,4.1,M007,Vegetable Oil,1000,1.72,18-07-2025,Bulk Discount Available and payment within 30 days,06-06-25 18:53:29
Q720,PO-20043892,S017,Supplier_S017,4,M038,Baking Powder,1000,1.85,16-07-2025,Special pricing for long-term contracts,01-06-25 06:07:29
Q721,PO-20265162,S196,Supplier_S196,4.2,M042,Acetic Acid,1000,1.55,07-07-2025,Special pricing for long-term contracts,24-05-25 09:10:29
Q722,PO-20659122,S196,Supplier_S196,4.2,M042,Acetic Acid,2000,1.96,15-07-2025,Bulk Discount Available and payment within 30 days,31-05-25 15:17:29
Q723,PO-20358471,S059,Supplier_S059,4.8,M010,Whey Protein,500,1.41,19-07-2025,Flexible lead time on bulk orders,14-06-25 13:43:29
Q724,PO-20822069,S134,Supplier_S134,4.2,M033,Vanillin,500,1.31,03-07-2025,No returns accepted after 15 days,05-06-25 16:52:29
Q725,PO-20753356,S064,Supplier_S064,4.1,M020,Natural Flavors,100,1.53,06-07-2025,Discount on next purchase,21-06-25 10:21:29
Q726,PO-20637001,S036,Supplier_S036,4.5,M006,Corn,100,1.41,17-07-2025,Delivery in reusable containers,12-06-25 02:16:29
Q727,PO-20122933,S193,Supplier_S193,4.6,M024,Ascorbic Acid,100,1.44,03-07-2025,Custom packaging available,03-06-25 12:12:29
Q728,PO-20049179,S117,Supplier_S117,4.6,M013,Onion Powder,200,1.36,18-07-2025,Discount on next purchase,28-05-25 07:17:29
Q729,PO-20536092,S080,Supplier_S080,4.1,M009,Palm Oil,500,1.25,05-07-2025,No returns accepted after 15 days,10-06-25 12:46:29
Q730,PO-20724048,S076,Supplier_S076,4.1,M007,Vegetable Oil,200,1.46,03-07-2025,Bulk Discount Available and payment within 30 days,29-05-25 02:36:29
Q731,PO-20495070,S194,Supplier_S194,4.8,M042,Acetic Acid,2000,1.56,23-07-2025,Free delivery for orders above 1000 units,16-06-25 18:42:29
Q732,PO-20721152,S029,Supplier_S029,4.2,M008,Sunflower Oil,1000,1.7,07-07-2025,Bulk Discount Available and payment within 30 days,29-05-25 00:25:29
Q733,PO-20613718,S107,Supplier_S107,4.3,M027,Milk Solids,200,1.07,04-07-2025,Bulk Discount Available and payment within 30 days,24-05-25 18:25:29
Q734,PO-20063209,S194,Supplier_S194,4.8,M042,Acetic Acid,500,1.59,13-07-2025,Flexible lead time on bulk orders,10-06-25 22:53:29
Q735,PO-20730528,S183,Supplier_S183,4.4,M009,Palm Oil,2000,1.36,28-06-2025,Discount on next purchase,31-05-25 23:53:29
Q736,PO-20741152,S184,Supplier_S184,4.4,M005,Potatoes,2000,1.97,22-07-2025,Advance payment required,27-05-25 11:42:29
Q737,PO-20452026,S018,Supplier_S018,3.9,M014,Garlic Powder,100,1.62,05-07-2025,Bulk Discount Available and payment within 30 days,12-06-25 23:44:29
Q738,PO-20099454,S172,Supplier_S172,4.5,M020,Natural Flavors,100,1.44,18-07-2025,Custom packaging available,09-06-25 12:20:29
Q739,PO-20650804,S105,Supplier_S105,4.6,M027,Milk Solids,2000,1.44,12-07-2025,Advance payment required,30-05-25 10:15:29
Q740,PO-20163246,S046,Supplier_S046,4.1,M025,Soy Lecithin,500,1.2,30-06-2025,No returns accepted after 15 days,05-06-25 21:55:29
Q741,PO-20984816,S134,Supplier_S134,4.2,M033,Vanillin,100,1.76,14-07-2025,No returns accepted after 15 days,22-06-25 10:21:29
Q742,PO-20145737,S064,Supplier_S064,4.1,M020,Natural Flavors,500,1.59,15-07-2025,Delivery in reusable containers,12-06-25 15:45:29
Q743,PO-20925642,S076,Supplier_S076,4.1,M007,Vegetable Oil,2000,1.36,12-07-2025,Flexible lead time on bulk orders,16-06-25 18:05:29
Q744,PO-20164823,S196,Supplier_S196,4.2,M042,Acetic Acid,500,1.61,02-07-2025,Flexible lead time on bulk orders,23-05-25 22:19:29
Q745,PO-20762343,S057,Supplier_S057,4.4,M002,Salt,1000,1.45,01-07-2025,Discount on next purchase,04-06-25 02:49:29
Q746,PO-20693795,S057,Supplier_S057,4.4,M002,Salt,1000,1.38,06-07-2025,Special pricing for long-term contracts,04-06-25 03:38:29
Q747,PO-20817926,S007,Supplier_S007,4.1,M001,Sugar,1000,1.51,07-07-2025,No returns accepted after 15 days,14-06-25 04:52:29
Q748,PO-20379705,S100,Supplier_S100,3.9,M028,Skimmed Milk Powder,1000,1.29,02-07-2025,Discount on next purchase,21-06-25 06:12:29
Q749,PO-20051688,S161,Supplier_S161,4.5,M003,Citric Acid,500,1.64,06-07-2025,Advance payment required,04-06-25 07:08:29
Q750,PO-20273062,S189,Supplier_S189,4.5,M020,Natural Flavors,500,1.55,16-07-2025,Flexible lead time on bulk orders,29-05-25 21:28:29
Q751,PO-20158113,S064,Supplier_S064,4.1,M020,Natural Flavors,2000,1.64,07-07-2025,Custom packaging available,16-06-25 04:34:29
Q752,PO-20401821,S024,Supplier_S024,4.3,M024,Ascorbic Acid,2000,1.98,18-07-2025,Special pricing for long-term contracts,12-06-25 08:11:29
Q753,PO-20979862,S172,Supplier_S172,4.1,M015,Maltodextrin,100,1.22,03-07-2025,Special pricing for long-term contracts,18-06-25 20:34:29
Q754,PO-20422170,S071,Supplier_S071,4.4,M037,Caramel Color,1000,1.6,15-07-2025,Custom packaging available,09-06-25 00:42:29
Q755,PO-20725127,S141,Supplier_S141,4.4,M026,Cocoa Powder,500,1.12,28-06-2025,Bulk Discount Available and payment within 30 days,22-06-25 02:42:29
Q756,PO-20341288,S049,Supplier_S049,4.3,M011,Cheddar Cheese,500,1.45,17-07-2025,Advance payment required,20-06-25 14:43:29
Q757,PO-20533965,S193,Supplier_S193,4.6,M024,Ascorbic Acid,100,1.71,30-06-2025,Free delivery for orders above 1000 units,07-06-25 16:59:29
Q758,PO-20621930,S057,Supplier_S057,4.4,M002,Salt,100,1.36,03-07-2025,Custom packaging available,10-06-25 05:54:29
Q759,PO-20390752,S046,Supplier_S046,4.4,M033,Vanillin,200,1.24,16-07-2025,Bulk Discount Available and payment within 30 days,16-06-25 12:51:29
Q760,PO-20268089,S036,Supplier_S036,4.5,M006,Corn,500,1.69,22-07-2025,Custom packaging available,16-06-25 04:36:29
Q761,PO-20631018,S159,Supplier_S159,4.5,M003,Citric Acid,200,1.27,18-07-2025,Free delivery for orders above 1000 units,16-06-25 19:06:29
Q762,PO-20245803,S012,Supplier_S012,4,M037,Caramel Color,200,1.36,28-06-2025,Custom packaging available,18-06-25 20:43:29
Q763,PO-20888058,S007,Supplier_S007,4.1,M001,Sugar,1000,1.42,01-07-2025,Special pricing for long-term contracts,28-05-25 20:26:29
Q764,PO-20802561,S134,Supplier_S134,4.2,M033,Vanillin,200,1.45,17-07-2025,Advance payment required,13-06-25 09:09:29
Q765,PO-20408802,S064,Supplier_S064,4.1,M020,Natural Flavors,100,1.29,16-07-2025,Custom packaging available,25-05-25 15:29:29
Q766,PO-20729409,S093,Supplier_S093,4.1,M003,Citric Acid,200,1.71,12-07-2025,Flexible lead time on bulk orders,19-06-25 08:00:29
Q767,PO-20464575,S194,Supplier_S194,4.8,M042,Acetic Acid,2000,1.47,03-07-2025,Special pricing for long-term contracts,29-05-25 22:36:29
Q768,PO-20239970,S172,Supplier_S172,4.5,M020,Natural Flavors,2000,1.91,10-07-2025,No returns accepted after 15 days,16-06-25 09:33:29
Q769,PO-20851560,S012,Supplier_S012,4,M037,Caramel Color,1000,1.71,17-07-2025,Flexible lead time on bulk orders,30-05-25 19:50:29
Q770,PO-20247949,S184,Supplier_S184,4.2,M015,Maltodextrin,200,1.81,14-07-2025,Delivery in reusable containers,16-06-25 20:02:29
Q771,PO-20562728,S134,Supplier_S134,4.2,M033,Vanillin,500,1.59,16-07-2025,Delivery in reusable containers,04-06-25 12:51:29
Q772,PO-20901459,S151,Supplier_S151,4.7,M002,Salt,200,1.63,11-07-2025,Custom packaging available,25-05-25 23:45:29
Q773,PO-20734193,S190,Supplier_S190,3.9,M001,Sugar,100,1.63,06-07-2025,Flexible lead time on bulk orders,31-05-25 13:05:29
Q774,PO-20774982,S025,Supplier_S025,4.2,M011,Cheddar Cheese,1000,1.47,07-07-2025,No returns accepted after 15 days,09-06-25 03:39:29
Q775,PO-20335718,S151,Supplier_S151,4.7,M002,Salt,2000,1.45,18-07-2025,Free delivery for orders above 1000 units,10-06-25 11:19:29
Q776,PO-20586598,S194,Supplier_S194,4.8,M042,Acetic Acid,100,1.64,20-07-2025,Bulk Discount Available and payment within 30 days,15-06-25 09:13:29
Q777,PO-20497599,S115,Supplier_S115,4.4,M002,Salt,200,1.6,05-07-2025,No returns accepted after 15 days,30-05-25 20:12:29
Q778,PO-20796854,S193,Supplier_S193,4.6,M024,Ascorbic Acid,2000,1.91,08-07-2025,Bulk Discount Available and payment within 30 days,08-06-25 18:44:29
Q779,PO-20282231,S146,Supplier_S146,4.4,M005,Potatoes,100,1.42,18-07-2025,Custom packaging available,05-06-25 12:18:29
Q780,PO-20961664,S012,Supplier_S012,4,M037,Caramel Color,100,1.18,20-07-2025,Custom packaging available,05-06-25 08:09:29
Q781,PO-20031704,S153,Supplier_S153,4.3,M014,Garlic Powder,100,1.62,14-07-2025,No returns accepted after 15 days,20-06-25 15:59:29
Q782,PO-20816149,S105,Supplier_S105,4.6,M027,Milk Solids,100,1.6,30-06-2025,Delivery in reusable containers,21-06-25 18:14:29
Q783,PO-20267774,S007,Supplier_S007,4.1,M001,Sugar,200,1.58,03-07-2025,Delivery in reusable containers,14-06-25 23:46:29
Q784,PO-20293036,S115,Supplier_S115,4.4,M002,Salt,2000,1.61,03-07-2025,Delivery in reusable containers,31-05-25 12:15:29
Q785,PO-20523219,S196,Supplier_S196,4.2,M042,Acetic Acid,1000,1.52,11-07-2025,Special pricing for long-term contracts,20-06-25 21:19:29
Q786,PO-20530059,S024,Supplier_S024,4.3,M024,Ascorbic Acid,200,1.54,08-07-2025,Advance payment required,10-06-25 06:05:29
Q787,PO-20375794,S172,Supplier_S172,4.5,M020,Natural Flavors,500,1.9,02-07-2025,Flexible lead time on bulk orders,17-06-25 15:21:29
Q788,PO-20138236,S172,Supplier_S172,4.5,M020,Natural Flavors,500,1.26,21-07-2025,Advance payment required,22-06-25 07:16:29
Q789,PO-20423421,S007,Supplier_S007,4.1,M001,Sugar,500,1.57,13-07-2025,Flexible lead time on bulk orders,27-05-25 13:20:29
Q790,PO-20214755,S076,Supplier_S076,4.1,M007,Vegetable Oil,1000,1.06,04-07-2025,Delivery in reusable containers,29-05-25 15:25:29
Q791,PO-20769996,S007,Supplier_S007,4.1,M001,Sugar,500,1.57,06-07-2025,Special pricing for long-term contracts,25-05-25 19:13:29
Q792,PO-20449772,S057,Supplier_S057,4.5,M006,Corn,1000,1.86,04-07-2025,Discount on next purchase,22-06-25 12:55:29
Q793,PO-20102937,S057,Supplier_S057,4.4,M002,Salt,500,1.62,28-06-2025,Delivery in reusable containers,13-06-25 12:18:29
Q794,PO-20177867,S172,Supplier_S172,4.5,M020,Natural Flavors,100,1.34,06-07-2025,Delivery in reusable containers,09-06-25 16:22:29
Q795,PO-20399407,S134,Supplier_S134,4.2,M033,Vanillin,500,1.53,16-07-2025,Discount on next purchase,11-06-25 18:13:29
Q796,PO-20534578,S071,Supplier_S071,4.4,M037,Caramel Color,100,1.51,08-07-2025,Bulk Discount Available and payment within 30 days,10-06-25 18:55:29
Q797,PO-20489711,S005,Supplier_S005,4.7,M008,Sunflower Oil,200,1.62,11-07-2025,Bulk Discount Available and payment within 30 days,11-06-25 08:00:29
Q798,PO-20354402,S093,Supplier_S093,4.1,M006,Corn,1000,1.57,19-07-2025,Discount on next purchase,16-06-25 06:00:29
Q799,PO-20632959,S093,Supplier_S093,4.1,M003,Citric Acid,100,1.81,15-07-2025,Flexible lead time on bulk orders,29-05-25 22:21:29
Q800,PO-20779314,S093,Supplier_S093,4.1,M003,Citric Acid,1000,1.26,21-07-2025,Custom packaging available,26-05-25 00:58:29
Q801,PO-20067705,S027,Supplier_S027,4.6,M019,Paprika Extract,200,1.64,15-07-2025,Free delivery for orders above 1000 units,09-06-25 07:14:29
Q802,PO-20882022,S151,Supplier_S151,4.7,M002,Salt,500,2.1,18-07-2025,Free delivery for orders above 1000 units,01-06-25 06:12:29
Q803,PO-20969765,S179,Supplier_S179,4.4,M025,Soy Lecithin,1000,1.65,07-07-2025,Flexible lead time on bulk orders,09-06-25 01:31:29
Q804,PO-20162901,S188,Supplier_S188,4.4,M033,Vanillin,1000,1.35,11-07-2025,Custom packaging available,18-06-25 20:20:29
Q805,PO-20808681,S184,Supplier_S184,4.2,M015,Maltodextrin,200,1.71,09-07-2025,Bulk Discount Available and payment within 30 days,08-06-25 12:39:29
Q806,PO-20241363,S007,Supplier_S007,4.1,M001,Sugar,2000,1.49,01-07-2025,No returns accepted after 15 days,08-06-25 08:14:29
Q807,PO-20154673,S018,Supplier_S018,3.9,M014,Garlic Powder,100,1.7,08-07-2025,Bulk Discount Available and payment within 30 days,24-05-25 11:18:29
Q808,PO-20715474,S057,Supplier_S057,4.5,M006,Corn,500,1.58,10-07-2025,Custom packaging available,01-06-25 08:08:29
Q809,PO-20523268,S046,Supplier_S046,4.1,M025,Soy Lecithin,2000,1.47,17-07-2025,Advance payment required,19-06-25 18:11:29
Q810,PO-20931826,S027,Supplier_S027,4.6,M019,Paprika Extract,2000,1.41,13-07-2025,Flexible lead time on bulk orders,09-06-25 02:39:29
Q811,PO-20840253,S189,Supplier_S189,4.5,M020,Natural Flavors,500,1.16,07-07-2025,Special pricing for long-term contracts,15-06-25 20:43:29
Q812,PO-20121115,S036,Supplier_S036,4.5,M006,Corn,200,1.11,17-07-2025,Advance payment required,15-06-25 08:37:29
Q813,PO-20144026,S057,Supplier_S057,4.5,M006,Corn,200,1.37,28-06-2025,Free delivery for orders above 1000 units,10-06-25 08:27:29
Q814,PO-20024654,S189,Supplier_S189,4.5,M020,Natural Flavors,500,1.4,10-07-2025,Custom packaging available,13-06-25 01:51:29
Q815,PO-20223423,S189,Supplier_S189,4.5,M020,Natural Flavors,1000,1.45,14-07-2025,Free delivery for orders above 1000 units,13-06-25 16:59:29
Q816,PO-20636159,S064,Supplier_S064,4.1,M020,Natural Flavors,1000,1.46,22-07-2025,Special pricing for long-term contracts,29-05-25 18:06:29
Q817,PO-20616831,S057,Supplier_S057,4.5,M006,Corn,100,1.72,12-07-2025,Custom packaging available,01-06-25 17:19:29
Q818,PO-20486093,S064,Supplier_S064,4.1,M020,Natural Flavors,200,1.47,20-07-2025,Bulk Discount Available and payment within 30 days,18-06-25 09:58:29
Q819,PO-20887506,S071,Supplier_S071,4.4,M037,Caramel Color,200,1.36,03-07-2025,No returns accepted after 15 days,14-06-25 07:34:29
Q820,PO-20673862,S194,Supplier_S194,4.8,M042,Acetic Acid,100,1.4,28-06-2025,Custom packaging available,20-06-25 16:44:29
Q821,PO-20973738,S134,Supplier_S134,4.2,M033,Vanillin,1000,1.46,21-07-2025,Advance payment required,20-06-25 06:48:29
Q822,PO-20177122,S115,Supplier_S115,4.4,M002,Salt,200,1.78,20-07-2025,Flexible lead time on bulk orders,20-06-25 11:05:29
Q823,PO-20418377,S049,Supplier_S049,4.3,M011,Cheddar Cheese,100,1.64,07-07-2025,Discount on next purchase,03-06-25 07:02:29
Q824,PO-20207126,S161,Supplier_S161,4.5,M003,Citric Acid,1000,1.71,05-07-2025,Free delivery for orders above 1000 units,22-06-25 12:34:29
Q825,PO-20141062,S172,Supplier_S172,4.1,M015,Maltodextrin,200,1.8,21-07-2025,Discount on next purchase,21-06-25 03:14:29
Q826,PO-20382792,S184,Supplier_S184,4.4,M005,Potatoes,2000,1.28,17-07-2025,Flexible lead time on bulk orders,09-06-25 21:13:29
Q827,PO-20131787,S093,Supplier_S093,4.1,M003,Citric Acid,1000,1.63,30-06-2025,Special pricing for long-term contracts,31-05-25 07:50:29
Q828,PO-20163629,S190,Supplier_S190,3.9,M001,Sugar,500,1.54,29-06-2025,Flexible lead time on bulk orders,03-06-25 18:15:29
Q829,PO-20709192,S024,Supplier_S024,4.3,M024,Ascorbic Acid,100,1.43,11-07-2025,Special pricing for long-term contracts,03-06-25 04:05:29
Q830,PO-20250856,S030,Supplier_S030,4.4,M038,Baking Powder,2000,1.44,06-07-2025,Bulk Discount Available and payment within 30 days,13-06-25 08:00:29
Q831,PO-20660416,S049,Supplier_S049,4.3,M011,Cheddar Cheese,100,1.36,11-07-2025,Free delivery for orders above 1000 units,06-06-25 07:54:29
Q832,PO-20923179,S076,Supplier_S076,4.1,M007,Vegetable Oil,100,1.86,20-07-2025,Delivery in reusable containers,02-06-25 04:49:29
Q833,PO-20217360,S196,Supplier_S196,4.2,M042,Acetic Acid,200,1.45,29-06-2025,Discount on next purchase,22-06-25 12:08:29
Q834,PO-20668309,S007,Supplier_S007,4.1,M001,Sugar,2000,1.47,05-07-2025,Custom packaging available,12-06-25 13:49:29
Q835,PO-20627408,S024,Supplier_S024,4.3,M024,Ascorbic Acid,200,1.53,21-07-2025,Advance payment required,26-05-25 20:32:29
Q836,PO-20169965,S190,Supplier_S190,3.9,M001,Sugar,1000,1.16,04-07-2025,Special pricing for long-term contracts,18-06-25 18:29:29
Q837,PO-20850605,S024,Supplier_S024,4.3,M024,Ascorbic Acid,100,1.64,28-06-2025,Special pricing for long-term contracts,24-05-25 02:04:29
Q838,PO-20053060,S196,Supplier_S196,4.2,M042,Acetic Acid,500,1.5,08-07-2025,Free delivery for orders above 1000 units,01-06-25 07:15:29
Q839,PO-20238758,S141,Supplier_S141,4.4,M026,Cocoa Powder,500,1.51,08-07-2025,Special pricing for long-term contracts,18-06-25 10:15:29
Q840,PO-20031834,S188,Supplier_S188,4.4,M033,Vanillin,500,1.65,15-07-2025,Custom packaging available,12-06-25 04:20:29
Q841,PO-20311969,S115,Supplier_S115,4.4,M002,Salt,1000,1.13,17-07-2025,Special pricing for long-term contracts,11-06-25 07:39:29
Q842,PO-20371646,S171,Supplier_S171,4.4,M019,Paprika Extract,200,1.54,03-07-2025,Discount on next purchase,09-06-25 13:38:29
Q843,PO-20241049,S159,Supplier_S159,4.5,M003,Citric Acid,500,1.41,10-07-2025,No returns accepted after 15 days,26-05-25 08:18:29
Q844,PO-20267171,S027,Supplier_S027,4.6,M019,Paprika Extract,200,1.65,22-07-2025,Custom packaging available,13-06-25 16:37:29
Q845,PO-20917860,S134,Supplier_S134,4.2,M033,Vanillin,100,1.53,10-07-2025,Free delivery for orders above 1000 units,28-05-25 01:14:29
Q846,PO-20773793,S090,Supplier_S090,4.7,M016,Dextrose,2000,1.15,30-06-2025,Free delivery for orders above 1000 units,06-06-25 05:03:29
Q847,PO-20636301,S071,Supplier_S071,4.4,M037,Caramel Color,2000,1.41,09-07-2025,Bulk Discount Available and payment within 30 days,10-06-25 10:40:29
Q848,PO-20493987,S190,Supplier_S190,3.9,M001,Sugar,200,1.47,14-07-2025,Discount on next purchase,31-05-25 03:51:29
Q849,PO-20953422,S007,Supplier_S007,4.1,M001,Sugar,1000,1.4,23-07-2025,Bulk Discount Available and payment within 30 days,29-05-25 23:12:29
Q850,PO-20740652,S179,Supplier_S179,4.4,M025,Soy Lecithin,2000,1.46,10-07-2025,Custom packaging available,09-06-25 15:25:29
Q851,PO-20076105,S184,Supplier_S184,4.2,M015,Maltodextrin,100,1.73,20-07-2025,Bulk Discount Available and payment within 30 days,26-05-25 15:56:29
Q852,PO-20293430,S036,Supplier_S036,4.5,M006,Corn,200,1.48,08-07-2025,Free delivery for orders above 1000 units,07-06-25 18:29:29
Q853,PO-20624035,S074,Supplier_S074,3.7,M013,Onion Powder,500,1.4,02-07-2025,Special pricing for long-term contracts,27-05-25 16:43:29
Q854,PO-20519304,S146,Supplier_S146,4.4,M005,Potatoes,1000,1.02,02-07-2025,Special pricing for long-term contracts,25-05-25 07:13:29
Q855,PO-20259440,S064,Supplier_S064,4.1,M020,Natural Flavors,500,1.54,30-06-2025,Custom packaging available,12-06-25 10:11:29
Q856,PO-20444447,S172,Supplier_S172,4.5,M020,Natural Flavors,1000,1.66,12-07-2025,Advance payment required,13-06-25 06:56:29
Q857,PO-20956470,S024,Supplier_S024,4.3,M024,Ascorbic Acid,200,1.39,18-07-2025,No returns accepted after 15 days,06-06-25 01:17:29
Q858,PO-20208432,S027,Supplier_S027,4.6,M019,Paprika Extract,200,1.71,18-07-2025,No returns accepted after 15 days,04-06-25 13:42:29
Q859,PO-20870178,S184,Supplier_S184,4.2,M015,Maltodextrin,200,1.73,30-06-2025,Custom packaging available,11-06-25 20:35:29
Q860,PO-20313071,S169,Supplier_S169,4.2,M011,Cheddar Cheese,1000,1.6,14-07-2025,Bulk Discount Available and payment within 30 days,12-06-25 11:30:29
Q861,PO-20102649,S172,Supplier_S172,4.5,M020,Natural Flavors,100,1.36,02-07-2025,Bulk Discount Available and payment within 30 days,05-06-25 21:18:29
Q862,PO-20174977,S007,Supplier_S007,4.1,M001,Sugar,100,1.5,18-07-2025,Advance payment required,06-06-25 13:50:29
Q863,PO-20917867,S172,Supplier_S172,4.5,M020,Natural Flavors,100,1.58,08-07-2025,Discount on next purchase,28-05-25 07:14:29
Q864,PO-20188959,S169,Supplier_S169,4.2,M011,Cheddar Cheese,100,1.67,17-07-2025,Delivery in reusable containers,01-06-25 18:29:29
Q865,PO-20809365,S071,Supplier_S071,4.4,M037,Caramel Color,200,1.54,16-07-2025,Flexible lead time on bulk orders,01-06-25 05:35:29
Q866,PO-20345224,S005,Supplier_S005,4.7,M008,Sunflower Oil,1000,1.35,19-07-2025,Free delivery for orders above 1000 units,18-06-25 06:32:29
Q867,PO-20021437,S057,Supplier_S057,4.5,M006,Corn,100,1.76,13-07-2025,Free delivery for orders above 1000 units,14-06-25 05:00:29
Q868,PO-20506857,S194,Supplier_S194,4.8,M042,Acetic Acid,1000,1.6,21-07-2025,Bulk Discount Available and payment within 30 days,17-06-25 00:59:29
Q869,PO-20308993,S024,Supplier_S024,4.3,M024,Ascorbic Acid,500,1.47,18-07-2025,Advance payment required,17-06-25 22:39:29
Q870,PO-20752034,S184,Supplier_S184,4.2,M015,Maltodextrin,200,1.56,02-07-2025,Special pricing for long-term contracts,11-06-25 12:53:29
Q871,PO-20521350,S193,Supplier_S193,4.6,M024,Ascorbic Acid,500,1.8,21-07-2025,Delivery in reusable containers,09-06-25 08:30:29
Q872,PO-20006257,S146,Supplier_S146,4.4,M005,Potatoes,1000,1.56,18-07-2025,Flexible lead time on bulk orders,27-05-25 08:24:29
Q873,PO-20213254,S007,Supplier_S007,4.1,M001,Sugar,500,1.5,05-07-2025,Special pricing for long-term contracts,05-06-25 18:24:29
Q874,PO-20245381,S151,Supplier_S151,4.7,M002,Salt,2000,1.35,12-07-2025,Custom packaging available,18-06-25 09:49:29
Q875,PO-20756178,S029,Supplier_S029,3.9,M007,Vegetable Oil,500,1.6,05-07-2025,Bulk Discount Available and payment within 30 days,14-06-25 00:23:29
Q876,PO-20798791,S171,Supplier_S171,4.4,M019,Paprika Extract,500,1.31,04-07-2025,Custom packaging available,08-06-25 11:16:29
Q877,PO-20715055,S005,Supplier_S005,4.7,M008,Sunflower Oil,200,1.26,20-07-2025,Flexible lead time on bulk orders,26-05-25 21:15:29
Q878,PO-20880575,S007,Supplier_S007,4.1,M001,Sugar,200,1.41,14-07-2025,Special pricing for long-term contracts,04-06-25 14:02:29
Q879,PO-20678074,S046,Supplier_S046,4.4,M033,Vanillin,200,1.74,03-07-2025,Discount on next purchase,14-06-25 22:54:29
Q880,PO-20760991,S117,Supplier_S117,4.6,M013,Onion Powder,1000,1.4,30-06-2025,Delivery in reusable containers,01-06-25 01:58:29
Q881,PO-20999561,S115,Supplier_S115,4.4,M002,Salt,500,1.66,04-07-2025,Discount on next purchase,28-05-25 05:39:29
Q882,PO-20464417,S117,Supplier_S117,4.6,M013,Onion Powder,200,1.69,04-07-2025,Bulk Discount Available and payment within 30 days,16-06-25 02:16:29
Q883,PO-20255504,S093,Supplier_S093,4.1,M003,Citric Acid,2000,1.36,30-06-2025,Advance payment required,10-06-25 00:03:29
Q884,PO-20345411,S061,Supplier_S061,4.5,M024,Ascorbic Acid,2000,1.28,23-07-2025,Special pricing for long-term contracts,21-06-25 17:01:29
Q885,PO-20232317,S046,Supplier_S046,4.4,M033,Vanillin,200,1.69,29-06-2025,Free delivery for orders above 1000 units,30-05-25 06:50:29
Q886,PO-20466060,S159,Supplier_S159,4.5,M003,Citric Acid,200,1.63,09-07-2025,No returns accepted after 15 days,31-05-25 17:38:29
Q887,PO-20900464,S046,Supplier_S046,4.1,M025,Soy Lecithin,500,1.84,14-07-2025,Delivery in reusable containers,09-06-25 23:22:29
Q888,PO-20362624,S117,Supplier_S117,4.6,M013,Onion Powder,1000,1.46,18-07-2025,Special pricing for long-term contracts,19-06-25 15:02:29
Q889,PO-20892081,S171,Supplier_S171,4.4,M019,Paprika Extract,1000,1.08,22-07-2025,Free delivery for orders above 1000 units,26-05-25 03:23:29
Q890,PO-20117509,S093,Supplier_S093,4.4,M008,Sunflower Oil,2000,1.69,18-07-2025,Delivery in reusable containers,18-06-25 06:16:29
Q891,PO-20953759,S027,Supplier_S027,4.6,M019,Paprika Extract,100,1.31,05-07-2025,Flexible lead time on bulk orders,30-05-25 17:27:29
Q892,PO-20712839,S012,Supplier_S012,4,M037,Caramel Color,1000,1.89,08-07-2025,Bulk Discount Available and payment within 30 days,29-05-25 15:02:29
Q893,PO-20741870,S146,Supplier_S146,4.4,M005,Potatoes,1000,1.61,19-07-2025,Discount on next purchase,21-06-25 12:01:29
Q894,PO-20746339,S189,Supplier_S189,4.5,M020,Natural Flavors,200,1.31,06-07-2025,Flexible lead time on bulk orders,10-06-25 15:56:29
Q895,PO-20534870,S115,Supplier_S115,4.4,M002,Salt,100,1.33,08-07-2025,Flexible lead time on bulk orders,03-06-25 21:06:29
Q896,PO-20025691,S151,Supplier_S151,4.7,M002,Salt,100,1.25,02-07-2025,Delivery in reusable containers,12-06-25 21:04:29
Q897,PO-20412959,S061,Supplier_S061,4.5,M024,Ascorbic Acid,2000,1.52,21-07-2025,Free delivery for orders above 1000 units,30-05-25 09:32:29
Q898,PO-20980517,S117,Supplier_S117,4.6,M013,Onion Powder,1000,1.43,29-06-2025,Special pricing for long-term contracts,17-06-25 01:53:29
Q899,PO-20882946,S064,Supplier_S064,4.1,M020,Natural Flavors,500,1.62,16-07-2025,No returns accepted after 15 days,21-06-25 09:04:29
Q900,PO-20076355,S046,Supplier_S046,4.4,M033,Vanillin,2000,1.48,07-07-2025,Special pricing for long-term contracts,03-06-25 18:03:29
Q901,PO-20663053,S184,Supplier_S184,4.4,M005,Potatoes,2000,1.77,05-07-2025,Flexible lead time on bulk orders,16-06-25 13:17:29
Q902,PO-20916386,S194,Supplier_S194,4.8,M042,Acetic Acid,1000,1.62,13-07-2025,Free delivery for orders above 1000 units,16-06-25 15:25:29
Q903,PO-20764180,S153,Supplier_S153,4.3,M014,Garlic Powder,200,1.48,05-07-2025,Flexible lead time on bulk orders,07-06-25 01:28:29
Q904,PO-20544150,S184,Supplier_S184,4.4,M005,Potatoes,200,1.18,11-07-2025,Flexible lead time on bulk orders,11-06-25 00:01:29
Q905,PO-20663361,S172,Supplier_S172,4.1,M015,Maltodextrin,200,1.64,08-07-2025,Flexible lead time on bulk orders,28-05-25 06:21:29
Q906,PO-20219707,S080,Supplier_S080,4.1,M009,Palm Oil,200,1.67,12-07-2025,Discount on next purchase,05-06-25 22:56:29
Q907,PO-20895571,S189,Supplier_S189,4.5,M020,Natural Flavors,500,1.86,01-07-2025,Custom packaging available,24-05-25 03:20:29
Q908,PO-20031508,S071,Supplier_S071,4.4,M037,Caramel Color,2000,1.64,01-07-2025,No returns accepted after 15 days,07-06-25 04:39:29
Q909,PO-20541663,S046,Supplier_S046,4.4,M033,Vanillin,2000,1.47,14-07-2025,Custom packaging available,24-05-25 16:04:29
Q910,PO-20789380,S036,Supplier_S036,4.5,M006,Corn,1000,1.27,05-07-2025,Advance payment required,24-05-25 17:52:29
Q911,PO-20652536,S172,Supplier_S172,4.5,M020,Natural Flavors,1000,1.74,06-07-2025,Delivery in reusable containers,31-05-25 10:32:29
Q912,PO-20202513,S093,Supplier_S093,4.1,M003,Citric Acid,2000,1.31,04-07-2025,Custom packaging available,13-06-25 05:40:29
Q913,PO-20813898,S193,Supplier_S193,4.6,M024,Ascorbic Acid,500,1.29,10-07-2025,Special pricing for long-term contracts,11-06-25 06:23:29
Q914,PO-20378438,S171,Supplier_S171,4.4,M019,Paprika Extract,100,1.53,13-07-2025,Bulk Discount Available and payment within 30 days,18-06-25 01:34:29
Q915,PO-20042091,S036,Supplier_S036,4.5,M006,Corn,200,1.25,13-07-2025,Free delivery for orders above 1000 units,10-06-25 15:08:29
Q916,PO-20283147,S112,Supplier_S112,4.4,M007,Vegetable Oil,500,1.55,09-07-2025,Free delivery for orders above 1000 units,31-05-25 12:56:29
Q917,PO-20135728,S017,Supplier_S017,4,M038,Baking Powder,1000,1.13,29-06-2025,No returns accepted after 15 days,29-05-25 00:20:29
Q918,PO-20282190,S105,Supplier_S105,4.6,M027,Milk Solids,500,1.57,20-07-2025,Free delivery for orders above 1000 units,21-06-25 02:57:29
Q919,PO-20548985,S188,Supplier_S188,4.4,M033,Vanillin,500,1.32,22-07-2025,Advance payment required,28-05-25 07:12:29
Q920,PO-20214216,S093,Supplier_S093,4.4,M008,Sunflower Oil,1000,1.37,29-06-2025,Flexible lead time on bulk orders,03-06-25 08:57:29
Q921,PO-20941655,S161,Supplier_S161,4.5,M003,Citric Acid,100,1.43,04-07-2025,Bulk Discount Available and payment within 30 days,03-06-25 22:46:29
Q922,PO-20202696,S059,Supplier_S059,4.8,M010,Whey Protein,1000,1.8,08-07-2025,Custom packaging available,18-06-25 18:31:29
Q923,PO-20096964,S172,Supplier_S172,4.1,M015,Maltodextrin,500,1.32,15-07-2025,Free delivery for orders above 1000 units,23-05-25 20:18:29
Q924,PO-20668094,S057,Supplier_S057,4.4,M002,Salt,200,1.29,02-07-2025,Advance payment required,05-06-25 22:03:29
Q925,PO-20655093,S080,Supplier_S080,4.1,M009,Palm Oil,200,1.68,14-07-2025,Discount on next purchase,11-06-25 06:58:29
Q926,PO-20167712,S012,Supplier_S012,4,M037,Caramel Color,500,1.46,06-07-2025,Special pricing for long-term contracts,15-06-25 02:51:29
Q927,PO-20906667,S194,Supplier_S194,4.8,M042,Acetic Acid,1000,1.34,09-07-2025,Delivery in reusable containers,27-05-25 09:27:29
Q928,PO-20542132,S093,Supplier_S093,4.1,M003,Citric Acid,500,1.58,10-07-2025,Delivery in reusable containers,27-05-25 12:14:29
Q929,PO-20451033,S194,Supplier_S194,4.8,M042,Acetic Acid,200,1.61,17-07-2025,Discount on next purchase,25-05-25 06:10:29
Q930,PO-20106124,S161,Supplier_S161,4.5,M003,Citric Acid,2000,1.16,17-07-2025,Custom packaging available,11-06-25 16:20:29
Q931,PO-20033203,S190,Supplier_S190,3.9,M001,Sugar,200,1.96,11-07-2025,Advance payment required,06-06-25 19:40:29
Q932,PO-20135595,S036,Supplier_S036,4.5,M006,Corn,100,1.43,30-06-2025,No returns accepted after 15 days,10-06-25 08:19:29
Q933,PO-20039383,S005,Supplier_S005,4.7,M008,Sunflower Oil,200,1.18,09-07-2025,Discount on next purchase,18-06-25 15:58:29
Q934,PO-20061826,S134,Supplier_S134,4.2,M033,Vanillin,500,1.57,02-07-2025,Bulk Discount Available and payment within 30 days,21-06-25 20:27:29
Q935,PO-20950357,S115,Supplier_S115,4.4,M002,Salt,500,1.42,09-07-2025,Advance payment required,16-06-25 21:57:29
Q936,PO-20275904,S064,Supplier_S064,4.1,M020,Natural Flavors,1000,1.6,13-07-2025,Discount on next purchase,14-06-25 15:15:29
Q937,PO-20761205,S194,Supplier_S194,4.8,M042,Acetic Acid,100,1.29,06-07-2025,Special pricing for long-term contracts,16-06-25 20:35:29
Q938,PO-20193777,S190,Supplier_S190,3.9,M001,Sugar,1000,1.19,23-07-2025,Special pricing for long-term contracts,16-06-25 07:48:29
Q939,PO-20763375,S029,Supplier_S029,3.9,M007,Vegetable Oil,500,1.71,23-07-2025,Custom packaging available,11-06-25 20:10:29
Q940,PO-20604233,S029,Supplier_S029,4.2,M008,Sunflower Oil,200,1.63,14-07-2025,Delivery in reusable containers,06-06-25 06:32:29
Q941,PO-20935528,S159,Supplier_S159,4.5,M003,Citric Acid,1000,1.16,30-06-2025,Discount on next purchase,28-05-25 14:12:29
Q942,PO-20231392,S134,Supplier_S134,4.2,M033,Vanillin,100,1.39,08-07-2025,Discount on next purchase,17-06-25 11:22:29
Q943,PO-20417317,S071,Supplier_S071,4.4,M037,Caramel Color,200,1.04,17-07-2025,Special pricing for long-term contracts,03-06-25 21:56:29
Q944,PO-20951459,S189,Supplier_S189,4.5,M020,Natural Flavors,500,1.63,09-07-2025,Custom packaging available,17-06-25 10:51:29
Q945,PO-20903535,S112,Supplier_S112,4.4,M007,Vegetable Oil,1000,1.1,05-07-2025,Discount on next purchase,03-06-25 07:01:29
Q946,PO-20802944,S172,Supplier_S172,4.5,M020,Natural Flavors,200,2.14,20-07-2025,Bulk Discount Available and payment within 30 days,19-06-25 05:37:29
Q947,PO-20748582,S189,Supplier_S189,4.5,M020,Natural Flavors,1000,1.98,10-07-2025,No returns accepted after 15 days,29-05-25 01:16:29
Q948,PO-20350911,S161,Supplier_S161,4.5,M003,Citric Acid,100,1.67,08-07-2025,Custom packaging available,11-06-25 08:30:29
Q949,PO-20719398,S151,Supplier_S151,4.7,M002,Salt,2000,1.76,13-07-2025,Bulk Discount Available and payment within 30 days,14-06-25 08:44:29
Q950,PO-20128225,S064,Supplier_S064,4.1,M020,Natural Flavors,500,1.72,28-06-2025,Delivery in reusable containers,28-05-25 11:15:29
Q951,PO-20662177,S027,Supplier_S027,4.6,M019,Paprika Extract,1000,1.42,23-07-2025,Flexible lead time on bulk orders,30-05-25 14:04:29
Q952,PO-20419472,S194,Supplier_S194,4.8,M042,Acetic Acid,1000,1.74,14-07-2025,Bulk Discount Available and payment within 30 days,14-06-25 05:46:29
Q953,PO-20259072,S005,Supplier_S005,4.7,M008,Sunflower Oil,100,1.72,16-07-2025,Delivery in reusable containers,23-05-25 20:19:29
Q954,PO-20564809,S184,Supplier_S184,4.4,M005,Potatoes,2000,1.43,12-07-2025,Free delivery for orders above 1000 units,13-06-25 14:37:29
Q955,PO-20028314,S190,Supplier_S190,3.9,M001,Sugar,1000,1.73,09-07-2025,Delivery in reusable containers,31-05-25 03:42:29
Q956,PO-20086588,S188,Supplier_S188,4.4,M033,Vanillin,200,1.4,17-07-2025,Free delivery for orders above 1000 units,19-06-25 01:01:29
Q957,PO-20612249,S193,Supplier_S193,4.6,M024,Ascorbic Acid,100,1.57,20-07-2025,Discount on next purchase,27-05-25 06:34:29
Q958,PO-20232179,S172,Supplier_S172,4.1,M015,Maltodextrin,1000,1.52,23-07-2025,Advance payment required,13-06-25 11:26:29
Q959,PO-20604313,S029,Supplier_S029,4.2,M008,Sunflower Oil,2000,1.76,15-07-2025,Free delivery for orders above 1000 units,14-06-25 08:35:29
Q960,PO-20796305,S007,Supplier_S007,4.1,M001,Sugar,100,1.21,12-07-2025,Special pricing for long-term contracts,11-06-25 22:00:29
Q961,PO-20411705,S190,Supplier_S190,3.9,M001,Sugar,200,1.31,04-07-2025,Special pricing for long-term contracts,31-05-25 19:08:29
Q962,PO-20106243,S183,Supplier_S183,4.4,M009,Palm Oil,100,1.74,09-07-2025,Discount on next purchase,03-06-25 06:43:29
Q963,PO-20419071,S093,Supplier_S093,4.1,M003,Citric Acid,1000,1.35,04-07-2025,No returns accepted after 15 days,21-06-25 07:48:29
Q964,PO-20038350,S115,Supplier_S115,4.4,M002,Salt,1000,1.63,28-06-2025,Bulk Discount Available and payment within 30 days,25-05-25 09:36:29
Q965,PO-20211136,S090,Supplier_S090,4.7,M016,Dextrose,100,1.72,10-07-2025,Flexible lead time on bulk orders,20-06-25 21:33:29
Q966,PO-20413338,S161,Supplier_S161,4.5,M003,Citric Acid,500,1.67,19-07-2025,No returns accepted after 15 days,24-05-25 18:54:29
Q967,PO-20012331,S196,Supplier_S196,4.2,M042,Acetic Acid,100,1.34,09-07-2025,Flexible lead time on bulk orders,07-06-25 08:03:29
Q968,PO-20105695,S190,Supplier_S190,3.9,M001,Sugar,200,1.47,11-07-2025,Delivery in reusable containers,12-06-25 20:20:29
Q969,PO-20862736,S076,Supplier_S076,4.1,M007,Vegetable Oil,1000,1.44,10-07-2025,No returns accepted after 15 days,04-06-25 05:38:29
Q970,PO-20715434,S090,Supplier_S090,4.7,M016,Dextrose,2000,1.37,30-06-2025,Custom packaging available,12-06-25 21:13:29
Q971,PO-20645408,S024,Supplier_S024,4.3,M024,Ascorbic Acid,2000,1.57,09-07-2025,Free delivery for orders above 1000 units,07-06-25 13:06:29
Q972,PO-20918220,S057,Supplier_S057,4.5,M006,Corn,1000,1.49,01-07-2025,Advance payment required,25-05-25 03:22:29
Q973,PO-20578675,S172,Supplier_S172,4.5,M020,Natural Flavors,100,1.3,05-07-2025,Custom packaging available,16-06-25 11:16:29
Q974,PO-20862918,S109,Supplier_S109,4.3,M013,Onion Powder,200,1.6,06-07-2025,Special pricing for long-term contracts,30-05-25 23:32:29
Q975,PO-20808826,S093,Supplier_S093,4.1,M006,Corn,200,1.44,17-07-2025,Custom packaging available,19-06-25 07:06:29
Q976,PO-20094904,S064,Supplier_S064,4.1,M020,Natural Flavors,200,1.45,07-07-2025,Advance payment required,15-06-25 13:30:29
Q977,PO-20604733,S189,Supplier_S189,4.5,M020,Natural Flavors,200,1.47,15-07-2025,Bulk Discount Available and payment within 30 days,08-06-25 19:30:29
Q978,PO-20225113,S196,Supplier_S196,4.2,M042,Acetic Acid,1000,1.92,18-07-2025,No returns accepted after 15 days,29-05-25 12:10:29
Q979,PO-20040393,S007,Supplier_S007,4.1,M001,Sugar,200,1.49,02-07-2025,No returns accepted after 15 days,17-06-25 02:58:29
Q980,PO-20678229,S071,Supplier_S071,4.4,M037,Caramel Color,100,1.37,06-07-2025,Advance payment required,18-06-25 04:19:29
Q981,PO-20696719,S046,Supplier_S046,4.4,M033,Vanillin,2000,1.39,17-07-2025,Special pricing for long-term contracts,09-06-25 01:02:29
Q982,PO-20096760,S172,Supplier_S172,4.1,M015,Maltodextrin,200,1.39,18-07-2025,No returns accepted after 15 days,27-05-25 08:42:29
Q983,PO-20025198,S071,Supplier_S071,4.4,M037,Caramel Color,200,1.56,15-07-2025,Delivery in reusable containers,19-06-25 06:36:29
Q984,PO-20292339,S159,Supplier_S159,4.5,M003,Citric Acid,1000,1.6,17-07-2025,Free delivery for orders above 1000 units,27-05-25 14:18:29
Q985,PO-20525162,S193,Supplier_S193,4.6,M024,Ascorbic Acid,2000,1.31,19-07-2025,Special pricing for long-term contracts,13-06-25 01:00:29
Q986,PO-20476316,S172,Supplier_S172,4.1,M015,Maltodextrin,100,1.36,09-07-2025,No returns accepted after 15 days,20-06-25 00:18:29
Q987,PO-20140940,S190,Supplier_S190,3.9,M001,Sugar,100,1.72,22-07-2025,Bulk Discount Available and payment within 30 days,05-06-25 07:08:29
Q988,PO-20130370,S012,Supplier_S012,4,M037,Caramel Color,100,1.57,03-07-2025,Free delivery for orders above 1000 units,18-06-25 10:40:29
Q989,PO-20465222,S074,Supplier_S074,3.7,M013,Onion Powder,500,1.4,06-07-2025,Discount on next purchase,04-06-25 08:04:29
Q990,PO-20980591,S041,Supplier_S041,4.3,M026,Cocoa Powder,1000,1.67,23-07-2025,Free delivery for orders above 1000 units,10-06-25 04:30:29
Q991,PO-20576545,S172,Supplier_S172,4.5,M020,Natural Flavors,1000,1.27,10-07-2025,Free delivery for orders above 1000 units,14-06-25 07:13:29
Q992,PO-20053701,S146,Supplier_S146,4.4,M005,Potatoes,100,1.72,06-07-2025,Custom packaging available,21-06-25 10:14:29
Q993,PO-20898171,S057,Supplier_S057,4.4,M002,Salt,2000,1.32,04-07-2025,Special pricing for long-term contracts,20-06-25 22:25:29
Q994,PO-20501823,S061,Supplier_S061,4.5,M024,Ascorbic Acid,2000,1.64,17-07-2025,Free delivery for orders above 1000 units,28-05-25 12:24:29
Q995,PO-20242655,S184,Supplier_S184,4.2,M015,Maltodextrin,1000,1.52,14-07-2025,Custom packaging available,17-06-25 21:23:29
Q996,PO-20516632,S151,Supplier_S151,4.7,M002,Salt,1000,1.6,17-07-2025,Bulk Discount Available and payment within 30 days,17-06-25 03:26:29
Q997,PO-20290223,S007,Supplier_S007,4.1,M001,Sugar,2000,1.59,20-07-2025,Free delivery for orders above 1000 units,30-05-25 04:06:29
Q998,PO-20213493,S189,Supplier_S189,4.5,M020,Natural Flavors,100,1.2,18-07-2025,Delivery in reusable containers,19-06-25 00:45:29
Q999,PO-20827690,S112,Supplier_S112,4.4,M007,Vegetable Oil,2000,1.55,05-07-2025,Bulk Discount Available and payment within 30 days,28-05-25 08:37:29
Q1000,PO-20337743,S188,Supplier_S188,4.4,M033,Vanillin,100,1.55,21-07-2025,Custom packaging available,28-05-25 10:46:29
