Supplier_ID,Supplier_Name,Material_ID,Material_Name,OnTime_Delivery_Percentage,Quality_Score,Average_Price_Deviation,Fulfilled_Order_Count,Complaint_Count,Lead_Days,Discount_Offer_Percentage,Create_Datetime
S001,Supplier_S001,M059,Sunflower Oil,95.99,3.3,-2.84,817,7,9,9.71,23-06-25 19:47:57
S001,Supplier_S001,M233,Vegetable Oil,87.58,4,4.74,80,2,8,8.53,23-06-25 19:47:57
S001,Supplier_S001,M300,Onion Powder,86.8,5,-7.81,298,0,3,12.95,23-06-25 19:47:57
S002,Supplier_S002,M182,Garlic Powder,78.31,4.3,9.04,677,9,3,4.5,23-06-25 19:47:57
S002,Supplier_S002,M282,Glucono Delta Lactone,88.04,3,7.64,294,19,10,16.73,23-06-25 19:47:57
S002,Supplier_S002,M327,Pectin,81.83,4.6,3.93,110,14,7,7.22,23-06-25 19:47:57
S002,Supplier_S002,M378,Milk Solids,96.62,3.1,3.63,706,3,6,11.21,23-06-25 19:47:57
S002,Supplier_S002,M440,Fumaric Acid,97.57,3.7,6.85,821,9,6,18.39,23-06-25 19:47:57
S003,Supplier_S003,M104,Dextrose,84.82,4.9,7.02,489,8,3,24.26,23-06-25 19:47:57
S003,Supplier_S003,M181,Garlic Powder,81.29,3.7,-4.96,487,9,10,15.62,23-06-25 19:47:57
S003,Supplier_S003,M236,Corn Syrup,90.49,4.8,-0.02,214,7,3,26.18,23-06-25 19:47:57
S003,Supplier_S003,M368,Whey Protein,96.71,4.8,2.63,910,20,6,23.68,23-06-25 19:47:57
S003,Supplier_S003,M415,Dextrose,88.4,3.6,4.36,249,15,5,1.1,23-06-25 19:47:57
S003,Supplier_S003,M439,Sugar,92.29,3.8,8.07,221,4,3,9.29,23-06-25 19:47:57
S004,Supplier_S004,M055,Ascorbic Acid,73.71,3.7,4.98,278,18,6,24.67,23-06-25 19:47:57
S004,Supplier_S004,M205,Potatoes,74.83,3.6,-4.99,869,1,4,6.12,23-06-25 19:47:57
S004,Supplier_S004,M268,Tapioca Starch,86.14,3.4,0.47,274,17,7,18.69,23-06-25 19:47:57
S004,Supplier_S004,M293,Paprika Extract,91.13,3.6,-5.1,82,9,9,26.77,23-06-25 19:47:57
S004,Supplier_S004,M306,Acetic Acid,88.11,4.8,4.78,684,14,5,24.24,23-06-25 19:47:57
S004,Supplier_S004,M345,Sunflower Oil,85.1,4.7,5.9,582,19,8,25.38,23-06-25 19:47:57
S004,Supplier_S004,M387,Yeast Extract,73.36,3,9.41,889,0,3,14.43,23-06-25 19:47:57
S004,Supplier_S004,M423,Palm Oil,91.4,4.2,6.82,936,18,2,19.12,23-06-25 19:47:57
S005,Supplier_S005,M008,Sunflower Oil,96.36,4.7,-3.85,69,7,9,28.41,23-06-25 19:47:57
S005,Supplier_S005,M075,Tapioca Starch,96.51,3.1,-3.26,794,19,2,17.92,23-06-25 19:47:57
S005,Supplier_S005,M112,Soy Lecithin,93.28,3.3,9.87,249,18,5,17.32,23-06-25 19:47:57
S005,Supplier_S005,M120,Modified Starch,85.73,3.5,2.4,268,11,4,23.85,23-06-25 19:47:57
S005,Supplier_S005,M219,Monosodium Glutamate,88.95,4.6,1.58,797,18,3,27.19,23-06-25 19:47:57
S005,Supplier_S005,M256,Corn,79.68,4.3,-7.79,545,2,0,25.06,23-06-25 19:47:57
S005,Supplier_S005,M346,Tapioca Starch,80.45,4.4,-7.22,462,19,8,22.91,23-06-25 19:47:57
S005,Supplier_S005,M407,Yeast Extract,95.17,4.2,-8.31,556,19,5,12.05,23-06-25 19:47:57
S005,Supplier_S005,M410,Onion Powder,86.62,4.2,-7.97,791,17,10,23.56,23-06-25 19:47:57
S006,Supplier_S006,M052,Palm Oil,75.7,3.5,5.11,795,4,10,2.91,23-06-25 19:47:57
S006,Supplier_S006,M095,Annatto Extract,85.16,4.9,-5.7,371,1,0,8.44,23-06-25 19:47:57
S006,Supplier_S006,M334,Onion Powder,89.67,4.6,-0.28,691,16,8,13.36,23-06-25 19:47:57
S006,Supplier_S006,M417,Tapioca Starch,82.21,3.2,0.37,517,11,8,22.77,23-06-25 19:47:57
S006,Supplier_S006,M454,Maltodextrin,86.59,3.4,-2.39,323,14,4,11.25,23-06-25 19:47:57
S007,Supplier_S007,M001,Sugar,78.25,3.4,4.73,702,17,1,17.71,23-06-25 19:47:57
S007,Supplier_S007,M031,Monosodium Glutamate,90.72,4.3,-7.96,801,9,10,18.01,23-06-25 19:47:57
S007,Supplier_S007,M211,Fumaric Acid,81.25,4.6,-1.09,54,9,10,5.78,23-06-25 19:47:57
S007,Supplier_S007,M358,Milk Solids,71.97,3.6,-3.25,30,17,5,1.12,23-06-25 19:47:57
S007,Supplier_S007,M481,Pectin,89.21,3.7,-3.33,289,4,3,8.21,23-06-25 19:47:57
S008,Supplier_S008,M061,Barley Malt Extract,88.99,4.1,-3.5,621,16,4,13.61,23-06-25 19:47:57
S008,Supplier_S008,M065,Lactic Acid,91.08,3.6,-3.2,16,5,2,16.99,23-06-25 19:47:57
S008,Supplier_S008,M079,Potatoes,97.52,3.9,6.62,787,15,7,18.46,23-06-25 19:47:57
S008,Supplier_S008,M092,Brown Sugar,71.36,4.3,1.54,676,6,9,12.5,23-06-25 19:47:57
S008,Supplier_S008,M125,Sunflower Oil,91.39,3.2,-6.92,738,20,2,22.19,23-06-25 19:47:57
S008,Supplier_S008,M135,Glucono Delta Lactone,92.57,4.6,-8.75,114,17,2,10.97,23-06-25 19:47:57
S008,Supplier_S008,M274,Aspartame,94.65,4.3,4.77,165,6,1,3.95,23-06-25 19:47:57
S008,Supplier_S008,M364,Vegetable Oil,71.66,4.8,-3.72,315,2,6,26.9,23-06-25 19:47:57
S008,Supplier_S008,M414,Baking Powder,80.74,3.4,5.36,723,0,1,13.88,23-06-25 19:47:57
S009,Supplier_S009,M119,Sodium Bicarbonate,88.92,3.1,-6.98,233,16,7,11.2,23-06-25 19:47:57
S009,Supplier_S009,M257,Cocoa Powder,85.77,4.4,-4.88,385,7,9,21.54,23-06-25 19:47:57
S009,Supplier_S009,M303,Garlic Powder,84.5,3.7,1.61,994,2,2,21.91,23-06-25 19:47:57
S009,Supplier_S009,M392,Acesulfame K,77.73,3.7,-2.9,57,17,4,26.89,23-06-25 19:47:57
S009,Supplier_S009,M403,Palm Oil,81.09,3.6,0.46,130,11,4,29.73,23-06-25 19:47:57
S009,Supplier_S009,M437,Glucono Delta Lactone,97.41,4.1,-2.18,400,6,6,1.91,23-06-25 19:47:57
S009,Supplier_S009,M478,Sucrose,89.74,3.5,-9.08,978,16,4,19.77,23-06-25 19:47:57
S010,Supplier_S010,M056,Cheddar Cheese,81.13,4.9,3.93,563,13,9,22.27,23-06-25 19:47:57
S010,Supplier_S010,M104,Dextrose,87.04,3.2,9.66,301,14,10,16.3,23-06-25 19:47:57
S010,Supplier_S010,M303,Garlic Powder,85.79,4.7,5.01,296,14,8,2.35,23-06-25 19:47:57
S010,Supplier_S010,M389,Dextrose,84.58,4.2,2.23,704,15,3,21.43,23-06-25 19:47:57
S011,Supplier_S011,M032,Annatto Extract,82.6,4,-1.33,380,20,7,21.22,23-06-25 19:47:57
S011,Supplier_S011,M175,Milk Solids,72.35,4.4,-5.96,852,20,2,25.02,23-06-25 19:47:57
S011,Supplier_S011,M208,Palm Oil,97.86,4.2,5.47,650,19,10,9.03,23-06-25 19:47:57
S012,Supplier_S012,M037,Caramel Color,70.37,3.6,-0.43,358,5,0,7.57,23-06-25 19:47:57
S012,Supplier_S012,M056,Cheddar Cheese,79.13,4,-8.06,918,17,2,11.66,23-06-25 19:47:57
S012,Supplier_S012,M082,Soy Lecithin,99.43,3.5,-9.68,817,2,5,7.23,23-06-25 19:47:57
S012,Supplier_S012,M348,Sucralose,97.04,3.4,-2.97,102,4,4,28.46,23-06-25 19:47:57
S012,Supplier_S012,M384,Sodium Citrate,73.23,3.8,-8.11,686,18,4,10.66,23-06-25 19:47:57
S012,Supplier_S012,M385,Palm Oil,96.3,3.6,1.74,475,14,9,24.24,23-06-25 19:47:57
S012,Supplier_S012,M443,Tapioca Starch,81.98,3.4,-9.24,266,3,2,9.81,23-06-25 19:47:57
S012,Supplier_S012,M497,Annatto Extract,75.75,4.1,-4.95,908,17,5,26.85,23-06-25 19:47:57
S013,Supplier_S013,M012,Tomato Powder,99.98,4.7,9.38,958,7,2,12.19,23-06-25 19:47:57
S013,Supplier_S013,M094,Natural Flavors,91.63,3.4,-6.81,537,14,7,26.37,23-06-25 19:47:57
S013,Supplier_S013,M172,Cocoa Powder,89.15,5,-0.53,128,9,6,14.13,23-06-25 19:47:57
S013,Supplier_S013,M190,Caramel Color,73.71,3.5,4.04,220,20,0,9.03,23-06-25 19:47:57
S013,Supplier_S013,M380,Potatoes,81.44,3.8,-6.44,998,12,1,0.62,23-06-25 19:47:57
S013,Supplier_S013,M393,Monosodium Glutamate,88.29,4.7,-7.96,585,1,8,3.16,23-06-25 19:47:57
S013,Supplier_S013,M418,Natural Flavors,97.55,4.1,-3.68,411,6,5,2.45,23-06-25 19:47:57
S013,Supplier_S013,M446,Cocoa Powder,81.32,3.4,-5.01,940,7,3,2.74,23-06-25 19:47:57
S014,Supplier_S014,M044,Glucono Delta Lactone,73.93,3.6,7.62,506,3,0,29.19,23-06-25 19:47:57
S014,Supplier_S014,M060,Garlic Powder,85.4,3.2,0.08,978,19,0,21.82,23-06-25 19:47:57
S014,Supplier_S014,M115,Acesulfame K,81.32,4.2,-9.21,84,6,9,21.73,23-06-25 19:47:57
S014,Supplier_S014,M279,Sugar,93.36,4.9,3.92,148,12,6,9.7,23-06-25 19:47:57
S014,Supplier_S014,M304,Cheddar Cheese,82.63,4.9,5.96,306,5,0,20.85,23-06-25 19:47:57
S014,Supplier_S014,M305,Tomato Powder,85.17,4.7,-4.44,145,19,4,8.26,23-06-25 19:47:57
S014,Supplier_S014,M322,Citric Acid,80.93,3.4,-4.97,641,14,0,3.13,23-06-25 19:47:57
S014,Supplier_S014,M409,Corn Syrup,77.19,4.2,-5.27,530,16,6,28.48,23-06-25 19:47:57
S015,Supplier_S015,M086,Caramel Color,88.23,4.6,-9.3,78,7,10,10.99,23-06-25 19:47:57
S015,Supplier_S015,M179,Sucralose,70.99,3.1,-2.79,213,8,5,24.71,23-06-25 19:47:57
S015,Supplier_S015,M183,Corn,82.12,3.6,-7.2,36,20,7,29.92,23-06-25 19:47:57
S015,Supplier_S015,M288,Glucono Delta Lactone,79.95,4.8,5.92,77,4,4,25.22,23-06-25 19:47:57
S015,Supplier_S015,M343,Sodium Benzoate,82.59,4.8,-2.88,306,9,8,19.17,23-06-25 19:47:57
S016,Supplier_S016,M039,Sodium Benzoate,87.81,3.6,-5.37,733,9,7,2.14,23-06-25 19:47:57
S016,Supplier_S016,M058,Dextrose,75.69,3.2,6.96,475,2,10,6.36,23-06-25 19:47:57
S016,Supplier_S016,M108,Dextrose,97.09,3.4,0.73,178,10,8,13.26,23-06-25 19:47:57
S016,Supplier_S016,M421,Tomato Powder,71.67,3.1,7,421,3,9,22.56,23-06-25 19:47:57
S016,Supplier_S016,M424,Skimmed Milk Powder,79.35,3.9,9.19,782,11,4,17.51,23-06-25 19:47:57
S017,Supplier_S017,M038,Baking Powder,72.56,3.5,1.16,436,19,9,23.72,23-06-25 19:47:57
S017,Supplier_S017,M083,Modified Starch,93.29,3.9,-4.13,54,6,0,9.47,23-06-25 19:47:57
S017,Supplier_S017,M319,Brown Sugar,74.24,3.8,3.93,576,5,7,7.31,23-06-25 19:47:57
S017,Supplier_S017,M334,Onion Powder,96.15,3.5,8.95,670,10,6,17.36,23-06-25 19:47:57
S017,Supplier_S017,M476,Milk Solids,86.09,4.6,-0.23,541,18,8,21.41,23-06-25 19:47:57
S018,Supplier_S018,M010,Whey Protein,86.18,4.4,7.65,600,15,3,23.54,23-06-25 19:47:57
S018,Supplier_S018,M014,Garlic Powder,71.19,3.2,3.15,588,16,5,28.04,23-06-25 19:47:57
S018,Supplier_S018,M016,Dextrose,73.11,4.8,-4.71,921,3,8,4.66,23-06-25 19:47:57
S018,Supplier_S018,M030,Disodium Guanylate,77.69,3.7,2.12,996,3,2,28.94,23-06-25 19:47:57
S018,Supplier_S018,M046,Pectin,93.18,4.7,-3.2,816,16,4,24.62,23-06-25 19:47:57
S018,Supplier_S018,M049,Sucralose,92.81,4.4,-7.99,180,9,0,1.38,23-06-25 19:47:57
S018,Supplier_S018,M134,Brown Sugar,74.93,5,-5.12,188,17,2,9.93,23-06-25 19:47:57
S018,Supplier_S018,M209,Annatto Extract,76.4,3.7,-2.78,233,19,8,14.25,23-06-25 19:47:57
S018,Supplier_S018,M444,Garlic Powder,92.24,3.3,3.43,21,8,2,13.22,23-06-25 19:47:57
S019,Supplier_S019,M093,Potassium Sorbate,81.12,4.1,-3.62,487,3,4,13.49,23-06-25 19:47:57
S019,Supplier_S019,M212,Potassium Sorbate,93.83,4.1,1.5,243,8,6,11.64,23-06-25 19:47:57
S019,Supplier_S019,M259,Disodium Inosinate,85.95,3.4,0.52,264,18,10,28.43,23-06-25 19:47:57
S019,Supplier_S019,M455,Onion Powder,91.45,3.4,8.32,14,0,8,21.91,23-06-25 19:47:57
S020,Supplier_S020,M018,Yeast Extract,97.12,4.1,6.69,606,17,2,12.89,23-06-25 19:47:57
S020,Supplier_S020,M086,Caramel Color,81.49,4.1,2.1,705,14,5,11.16,23-06-25 19:47:57
S020,Supplier_S020,M171,Lactic Acid,76.17,3.4,3.94,749,17,4,19.82,23-06-25 19:47:57
S021,Supplier_S021,M092,Brown Sugar,89.17,4,2.54,306,20,4,14.49,23-06-25 19:47:57
S021,Supplier_S021,M250,Potassium Sorbate,75.45,4.8,-5,400,0,1,29.24,23-06-25 19:47:57
S021,Supplier_S021,M315,Sucrose,93,4.3,-6.47,50,12,10,5.73,23-06-25 19:47:57
S022,Supplier_S022,M085,Whey Protein,83.32,3.9,4.54,943,11,9,29.94,23-06-25 19:47:57
S022,Supplier_S022,M371,Whey Protein,91.04,3.3,-1.98,449,19,4,4.48,23-06-25 19:47:57
S022,Supplier_S022,M385,Palm Oil,80.24,4.8,6.2,226,5,1,22.41,23-06-25 19:47:57
S022,Supplier_S022,M398,Corn Syrup,78.52,3.2,1.04,543,10,10,4.8,23-06-25 19:47:57
S022,Supplier_S022,M461,Natural Flavors,78.3,3.7,1.71,499,15,10,22.82,23-06-25 19:47:57
S022,Supplier_S022,M478,Sucrose,83.35,4.2,3.9,545,11,9,16.15,23-06-25 19:47:57
S023,Supplier_S023,M069,Disodium Inosinate,85.92,3.4,5.52,369,20,2,7.09,23-06-25 19:47:57
S023,Supplier_S023,M311,Corn Syrup,73.9,4.3,8,589,5,1,20.87,23-06-25 19:47:57
S023,Supplier_S023,M326,Potassium Sorbate,95.71,4,9.91,615,15,7,8.38,23-06-25 19:47:57
S023,Supplier_S023,M339,Sodium Bicarbonate,70.37,3.7,-3.84,466,17,1,6.47,23-06-25 19:47:57
S024,Supplier_S024,M024,Ascorbic Acid,90.18,3.4,-6.02,35,1,3,29.52,23-06-25 19:47:57
S024,Supplier_S024,M063,Skimmed Milk Powder,72.9,4.5,6.24,579,1,9,28.7,23-06-25 19:47:57
S024,Supplier_S024,M095,Annatto Extract,87.93,4.7,3.45,302,17,0,25.42,23-06-25 19:47:57
S024,Supplier_S024,M126,Skimmed Milk Powder,72.79,4.2,-3.51,404,0,4,12.41,23-06-25 19:47:57
S024,Supplier_S024,M160,Paprika Extract,75.22,4.9,7.09,579,17,3,2.84,23-06-25 19:47:57
S024,Supplier_S024,M173,Onion Powder,81.63,3.7,-2.37,201,14,0,7.9,23-06-25 19:47:57
S024,Supplier_S024,M295,Caramel Color,81.76,4.4,3.3,817,10,7,14.63,23-06-25 19:47:57
S024,Supplier_S024,M408,Paprika Extract,91.4,3.6,-8.03,155,13,5,7.74,23-06-25 19:47:57
S025,Supplier_S025,M011,Cheddar Cheese,89.39,3.1,4.56,829,3,3,5.75,23-06-25 19:47:57
S025,Supplier_S025,M094,Natural Flavors,78.71,3.8,2.31,264,5,5,28.01,23-06-25 19:47:57
S025,Supplier_S025,M172,Cocoa Powder,78.84,4.3,2,214,3,0,6.21,23-06-25 19:47:57
S025,Supplier_S025,M298,Cheddar Cheese,74.17,4.2,5.1,839,0,2,19.83,23-06-25 19:47:57
S025,Supplier_S025,M318,Soy Lecithin,75.12,4.2,6.36,118,3,7,17.85,23-06-25 19:47:57
S025,Supplier_S025,M482,Acetic Acid,85.95,4.2,6.99,498,18,2,7.77,23-06-25 19:47:57
S026,Supplier_S026,M048,Aspartame,97.31,3,-7.12,901,20,2,2.24,23-06-25 19:47:57
S026,Supplier_S026,M062,Baking Powder,95.58,4.3,5.38,748,6,6,13.55,23-06-25 19:47:57
S026,Supplier_S026,M167,Monosodium Glutamate,89.48,3.3,9.37,720,19,5,6.7,23-06-25 19:47:57
S026,Supplier_S026,M217,Baking Powder,87.42,4.9,-2.86,697,20,3,3,23-06-25 19:47:57
S026,Supplier_S026,M369,Disodium Inosinate,88.9,4.6,-7.28,420,6,10,9.17,23-06-25 19:47:57
S026,Supplier_S026,M479,Barley Malt Extract,88.06,3.4,-2.82,141,19,6,2.23,23-06-25 19:47:57
S027,Supplier_S027,M019,Paprika Extract,99.29,4.6,7.63,35,5,5,23.47,23-06-25 19:47:57
S027,Supplier_S027,M064,Sodium Citrate,81.03,4.5,1.48,836,13,8,29.24,23-06-25 19:47:57
S027,Supplier_S027,M133,Caramel Color,83.66,3.4,-0.34,497,3,7,21.66,23-06-25 19:47:57
S027,Supplier_S027,M182,Garlic Powder,78.48,4.4,-0.37,354,8,10,9.75,23-06-25 19:47:57
S027,Supplier_S027,M245,Soy Lecithin,88.54,3.2,8.63,409,9,3,7.42,23-06-25 19:47:57
S027,Supplier_S027,M310,Aspartame,72.76,4.9,3.13,865,6,9,19.14,23-06-25 19:47:57
S027,Supplier_S027,M313,Sunflower Oil,79.89,3.8,-9.93,734,15,7,13.08,23-06-25 19:47:57
S027,Supplier_S027,M449,Sucrose,93.74,4.8,1.38,267,3,9,9.73,23-06-25 19:47:57
S028,Supplier_S028,M126,Skimmed Milk Powder,82.93,4.1,0.25,115,0,1,10.62,23-06-25 19:47:57
S028,Supplier_S028,M260,Vanillin,75.41,3.8,-3.25,171,17,9,13.29,23-06-25 19:47:57
S028,Supplier_S028,M366,Tapioca Starch,81.24,4.9,-3.67,443,15,10,7.39,23-06-25 19:47:57
S028,Supplier_S028,M438,Yeast Extract,97.34,3.8,-5.88,308,16,1,13.64,23-06-25 19:47:57
S029,Supplier_S029,M007,Vegetable Oil,74.74,3,4.44,746,8,8,22.86,23-06-25 19:47:57
S029,Supplier_S029,M008,Sunflower Oil,72.57,4,-8.62,788,17,2,3.85,23-06-25 19:47:57
S029,Supplier_S029,M195,Sodium Citrate,90.89,3.1,8.85,173,3,6,27.34,23-06-25 19:47:57
S029,Supplier_S029,M296,Aspartame,85.24,3.8,4.29,119,10,8,19.48,23-06-25 19:47:57
S029,Supplier_S029,M306,Acetic Acid,72.53,3.3,8.68,167,15,6,23.11,23-06-25 19:47:57
S029,Supplier_S029,M338,Tomato Powder,87.5,3.4,8.71,294,6,0,2.51,23-06-25 19:47:57
S029,Supplier_S029,M357,Yeast Extract,74.69,3.1,-4.73,615,12,9,20.29,23-06-25 19:47:57
S029,Supplier_S029,M370,Natural Flavors,77.49,4.4,5.35,674,4,9,20.57,23-06-25 19:47:57
S029,Supplier_S029,M494,Glucono Delta Lactone,75.45,3,3.21,339,6,4,14.16,23-06-25 19:47:57
S030,Supplier_S030,M038,Baking Powder,84.75,4.2,3.73,165,4,9,28.47,23-06-25 19:47:57
S030,Supplier_S030,M045,Gum Arabic,98.41,4.3,-6.92,965,9,8,21.16,23-06-25 19:47:57
S030,Supplier_S030,M062,Baking Powder,89.95,3.7,-6.95,955,15,1,2.74,23-06-25 19:47:57
S030,Supplier_S030,M152,Palm Oil,74.12,3,-0.07,365,16,8,23.49,23-06-25 19:47:57
S030,Supplier_S030,M194,Tomato Powder,75.49,3.8,9.25,288,12,7,24,23-06-25 19:47:57
S030,Supplier_S030,M200,Ascorbic Acid,88.33,3.4,8.6,412,6,7,24.74,23-06-25 19:47:57
S030,Supplier_S030,M210,Maltodextrin,80.38,3.5,2.85,950,19,3,28.77,23-06-25 19:47:57
S030,Supplier_S030,M293,Paprika Extract,86.79,3.2,0.85,572,10,4,4.25,23-06-25 19:47:57
S030,Supplier_S030,M331,Maltodextrin,96.94,4,-1.54,65,2,5,10.36,23-06-25 19:47:57
S031,Supplier_S031,M111,Annatto Extract,81.79,3.3,9.57,864,0,0,29.35,23-06-25 19:47:57
S031,Supplier_S031,M116,Corn Syrup,77.18,3.6,-4.34,487,17,10,10.78,23-06-25 19:47:57
S031,Supplier_S031,M239,Salt,83.8,4.4,-9.76,225,12,9,3.02,23-06-25 19:47:57
S031,Supplier_S031,M319,Brown Sugar,87.46,3.3,5.82,657,19,6,23.33,23-06-25 19:47:57
S031,Supplier_S031,M372,Yeast Extract,81.46,3.9,-5.87,230,9,10,5.68,23-06-25 19:47:57
S031,Supplier_S031,M407,Yeast Extract,71.35,4.7,-9.53,457,5,6,0.72,23-06-25 19:47:57
S031,Supplier_S031,M490,Aspartame,86.5,4.6,4.29,342,12,8,21.78,23-06-25 19:47:57
S032,Supplier_S032,M041,Sodium Citrate,87.94,4.8,4.69,628,8,0,2.74,23-06-25 19:47:57
S032,Supplier_S032,M089,Gum Arabic,93.76,3.5,-0.12,379,17,9,11.07,23-06-25 19:47:57
S032,Supplier_S032,M332,Salt,83.74,3.2,7.96,305,2,1,4.94,23-06-25 19:47:57
S032,Supplier_S032,M461,Natural Flavors,85.67,3,2.06,995,8,7,14.2,23-06-25 19:47:57
S033,Supplier_S033,M153,Acetic Acid,85.32,3.1,7.19,180,11,2,7.65,23-06-25 19:47:57
S033,Supplier_S033,M421,Tomato Powder,97.57,3.9,-3.97,651,13,1,3.05,23-06-25 19:47:57
S033,Supplier_S033,M424,Skimmed Milk Powder,86.23,3.3,-0.61,627,10,4,11.06,23-06-25 19:47:57
S033,Supplier_S033,M483,Corn Syrup,77.47,4.2,4.14,197,14,5,23.95,23-06-25 19:47:57
S033,Supplier_S033,M497,Annatto Extract,83.45,4.4,8.22,79,15,6,15.71,23-06-25 19:47:57
S034,Supplier_S034,M016,Dextrose,96.38,3.7,-6.85,863,17,4,18.35,23-06-25 19:47:57
S034,Supplier_S034,M109,Tapioca Starch,83.7,3.1,-0.75,836,9,0,11.88,23-06-25 19:47:57
S034,Supplier_S034,M145,Sodium Citrate,91.78,4.5,-1.42,103,3,0,6.4,23-06-25 19:47:57
S034,Supplier_S034,M146,Salt,76.79,4.4,-9.81,722,10,1,29.64,23-06-25 19:47:57
S034,Supplier_S034,M166,Citric Acid,91.51,4.8,6.89,341,1,0,4.43,23-06-25 19:47:57
S034,Supplier_S034,M195,Sodium Citrate,84.48,4.1,-1.24,635,12,5,18.34,23-06-25 19:47:57
S034,Supplier_S034,M295,Caramel Color,92.99,3.9,8.95,157,19,4,27.39,23-06-25 19:47:57
S034,Supplier_S034,M335,Cocoa Powder,83.68,3.3,8.48,738,17,4,5.47,23-06-25 19:47:57
S035,Supplier_S035,M110,Acetic Acid,97.51,3.8,-8.4,997,17,2,19.61,23-06-25 19:47:57
S035,Supplier_S035,M129,Potatoes,78.41,4.6,-2.7,964,18,3,17.77,23-06-25 19:47:57
S035,Supplier_S035,M189,Corn,81,4.3,-9.25,907,20,4,23.14,23-06-25 19:47:57
S035,Supplier_S035,M228,Pectin,82.26,3.4,4.18,818,0,9,15.68,23-06-25 19:47:57
S035,Supplier_S035,M302,Dextrose,88.14,4.2,6.94,252,16,4,12.33,23-06-25 19:47:57
S035,Supplier_S035,M364,Vegetable Oil,93.69,3.6,1.01,669,1,7,23.47,23-06-25 19:47:57
S035,Supplier_S035,M451,Milk Solids,97.2,4.3,-5.03,713,7,9,26.18,23-06-25 19:47:57
S035,Supplier_S035,M455,Onion Powder,89.23,4.2,-1.82,49,3,6,27.96,23-06-25 19:47:57
S036,Supplier_S036,M006,Corn,86.6,4.9,3.61,127,17,4,23.06,23-06-25 19:47:57
S036,Supplier_S036,M087,Sugar,84.97,3.8,1.23,278,8,7,6.44,23-06-25 19:47:57
S036,Supplier_S036,M147,Vegetable Oil,70.25,4.3,-1.2,749,6,10,22.45,23-06-25 19:47:57
S036,Supplier_S036,M186,Sodium Benzoate,80.28,5,7.86,478,4,5,25.87,23-06-25 19:47:57
S036,Supplier_S036,M301,Yeast Extract,96.18,3.3,-9.77,673,0,2,21.64,23-06-25 19:47:57
S036,Supplier_S036,M329,Sugar,72.12,4.8,-3.34,43,9,6,22.59,23-06-25 19:47:57
S036,Supplier_S036,M345,Sunflower Oil,91.38,4.4,6.05,437,14,1,3.5,23-06-25 19:47:57
S037,Supplier_S037,M113,Citric Acid,80.33,4.3,-2.38,547,10,6,12.25,23-06-25 19:47:57
S037,Supplier_S037,M345,Sunflower Oil,85.55,3.7,-0.3,358,5,1,6.54,23-06-25 19:47:57
S037,Supplier_S037,M366,Tapioca Starch,75.25,4.9,-1.21,270,18,0,14.71,23-06-25 19:47:57
S038,Supplier_S038,M099,Ascorbic Acid,70.95,4.9,-7.8,29,14,5,12.56,23-06-25 19:47:57
S038,Supplier_S038,M160,Paprika Extract,77.45,3.7,0.27,703,9,4,24.6,23-06-25 19:47:57
S038,Supplier_S038,M333,Citric Acid,90.47,4.9,-0.52,440,14,10,0.64,23-06-25 19:47:57
S038,Supplier_S038,M367,Potatoes,91.47,4.6,-9.58,1000,19,0,25.24,23-06-25 19:47:57
S038,Supplier_S038,M373,Disodium Inosinate,89.42,3.2,-0.62,902,10,6,20.61,23-06-25 19:47:57
S038,Supplier_S038,M388,Soy Lecithin,70.65,3.3,-6.95,729,14,7,14.14,23-06-25 19:47:57
S038,Supplier_S038,M473,Caramel Color,84.22,4.9,-7.65,537,20,5,17.8,23-06-25 19:47:57
S038,Supplier_S038,M493,Garlic Powder,70.53,3.4,7.29,399,13,8,9.19,23-06-25 19:47:57
S039,Supplier_S039,M071,Sucralose,95.93,4.7,2.3,529,12,7,17.41,23-06-25 19:47:57
S040,Supplier_S040,M066,Vanillin,92.63,3.1,-8.37,463,13,7,18.21,23-06-25 19:47:57
S040,Supplier_S040,M208,Palm Oil,93.7,4.1,-8.54,734,10,8,6.6,23-06-25 19:47:57
S040,Supplier_S040,M247,Palm Oil,70.25,4.8,8.94,498,9,0,22.98,23-06-25 19:47:57
S040,Supplier_S040,M254,Soy Lecithin,94.17,3.9,-6.14,715,12,5,21.73,23-06-25 19:47:57
S040,Supplier_S040,M379,Sucrose,87.83,3,9.4,681,19,7,9.75,23-06-25 19:47:57
S041,Supplier_S041,M026,Cocoa Powder,79.59,4.1,-7.23,246,12,2,21.19,23-06-25 19:47:57
S041,Supplier_S041,M066,Vanillin,82.43,3.4,0.25,363,13,1,8.5,23-06-25 19:47:57
S041,Supplier_S041,M214,Disodium Guanylate,74.32,4.4,8.28,824,20,5,28.72,23-06-25 19:47:57
S041,Supplier_S041,M370,Natural Flavors,93.78,3.6,-0.43,762,4,4,5.2,23-06-25 19:47:57
S042,Supplier_S042,M004,Corn Syrup,81.38,5,2.8,580,7,10,9.73,23-06-25 19:47:57
S042,Supplier_S042,M076,Milk Solids,94.94,4.5,6.18,179,14,0,12.33,23-06-25 19:47:57
S042,Supplier_S042,M091,Tomato Powder,89.05,4.1,-7.5,320,19,8,2.8,23-06-25 19:47:57
S042,Supplier_S042,M171,Lactic Acid,86.41,4.8,-8.14,618,19,7,21.14,23-06-25 19:47:57
S042,Supplier_S042,M216,Monosodium Glutamate,76.62,4.7,-6.11,195,18,0,25.54,23-06-25 19:47:57
S042,Supplier_S042,M248,Disodium Guanylate,85.96,3.5,-6.24,80,5,2,8.69,23-06-25 19:47:57
S042,Supplier_S042,M312,Whey Protein,77.94,3.9,-0.17,960,6,9,11.78,23-06-25 19:47:57
S042,Supplier_S042,M349,Caramel Color,85.87,4.4,9.29,185,17,0,29.21,23-06-25 19:47:57
S042,Supplier_S042,M377,Sodium Benzoate,91.27,4,-0.14,876,4,1,10.49,23-06-25 19:47:57
S042,Supplier_S042,M381,Sucralose,93.38,3.6,5.05,679,4,1,8.96,23-06-25 19:47:57
S042,Supplier_S042,M466,Whey Protein,97.08,4.5,-5.59,273,15,10,3.69,23-06-25 19:47:57
S043,Supplier_S043,M091,Tomato Powder,98.04,3.5,8.95,541,9,1,7.52,23-06-25 19:47:57
S043,Supplier_S043,M132,Pectin,71.33,5,3.55,419,10,6,3.18,23-06-25 19:47:57
S043,Supplier_S043,M137,Barley Malt Extract,98.56,4,-6.1,403,17,8,19.59,23-06-25 19:47:57
S043,Supplier_S043,M153,Acetic Acid,92.49,4.7,4.66,130,0,5,24.21,23-06-25 19:47:57
S043,Supplier_S043,M170,Gum Arabic,95.37,3.6,-3.63,984,3,1,10.25,23-06-25 19:47:57
S043,Supplier_S043,M226,Gum Arabic,80.28,3.9,1.81,245,12,6,3.97,23-06-25 19:47:57
S043,Supplier_S043,M243,Natural Flavors,94.23,3.7,2.63,595,12,1,2.37,23-06-25 19:47:57
S043,Supplier_S043,M419,Modified Starch,79.32,4.3,-8.07,501,13,0,17.78,23-06-25 19:47:57
S043,Supplier_S043,M447,Gum Arabic,75.69,3.4,0.83,971,13,1,6.97,23-06-25 19:47:57
S043,Supplier_S043,M498,Aspartame,78.22,4.9,-4.21,988,18,0,23.83,23-06-25 19:47:57
S044,Supplier_S044,M122,Onion Powder,97.57,3.5,8.03,718,18,7,8.13,23-06-25 19:47:57
S044,Supplier_S044,M141,Sodium Benzoate,95.98,3.5,4.23,858,7,10,11.78,23-06-25 19:47:57
S044,Supplier_S044,M372,Yeast Extract,70.42,4.1,5.47,960,14,10,14.82,23-06-25 19:47:57
S044,Supplier_S044,M386,Corn Syrup,84.31,4.4,7.38,998,19,7,9.08,23-06-25 19:47:57
S044,Supplier_S044,M439,Sugar,94.54,4.3,-6.82,598,9,9,6.09,23-06-25 19:47:57
S044,Supplier_S044,M460,Citric Acid,97.07,3.8,2.54,649,3,10,4.98,23-06-25 19:47:57
S044,Supplier_S044,M486,Sucrose,85.71,3.5,-8.5,869,4,8,10.6,23-06-25 19:47:57
S045,Supplier_S045,M023,Lactic Acid,84.2,4.8,5.92,183,2,4,15.46,23-06-25 19:47:57
S045,Supplier_S045,M162,Acesulfame K,97.25,3.5,-1.08,162,1,9,18.58,23-06-25 19:47:57
S045,Supplier_S045,M232,Gum Arabic,93.52,4,3.97,639,5,10,1.08,23-06-25 19:47:57
S046,Supplier_S046,M025,Soy Lecithin,85.54,3.1,-5.02,878,3,7,4,23-06-25 19:47:57
S046,Supplier_S046,M033,Vanillin,98.96,3.5,6.16,561,15,7,13.07,23-06-25 19:47:57
S046,Supplier_S046,M111,Annatto Extract,83.89,4.4,-1.52,398,7,3,13.82,23-06-25 19:47:57
S046,Supplier_S046,M180,Brown Sugar,86.54,3.7,6.75,274,2,4,0.82,23-06-25 19:47:57
S046,Supplier_S046,M221,Gum Arabic,98.46,4.3,9.35,763,15,5,1.21,23-06-25 19:47:57
S046,Supplier_S046,M257,Cocoa Powder,76.06,4,-8.02,594,20,6,19.74,23-06-25 19:47:57
S046,Supplier_S046,M342,Sodium Citrate,72,4.5,1.62,589,13,4,18.84,23-06-25 19:47:57
S046,Supplier_S046,M375,Brown Sugar,91.31,3.9,-4.79,330,1,2,14.98,23-06-25 19:47:57
S046,Supplier_S046,M428,Ascorbic Acid,70.64,4.7,8.21,31,4,6,19.65,23-06-25 19:47:57
S047,Supplier_S047,M034,Tapioca Starch,80.64,3.5,-4.41,620,8,8,0.3,23-06-25 19:47:57
S047,Supplier_S047,M065,Lactic Acid,82.02,3.3,2.66,41,2,8,6.45,23-06-25 19:47:57
S047,Supplier_S047,M076,Milk Solids,90.29,3.5,-1.12,301,14,3,16.02,23-06-25 19:47:57
S047,Supplier_S047,M240,Sugar,75.3,4,9.91,879,20,8,16.02,23-06-25 19:47:57
S047,Supplier_S047,M286,Ascorbic Acid,73.54,4.7,5.99,434,13,0,10.01,23-06-25 19:47:57
S047,Supplier_S047,M404,Gum Arabic,95.01,3.3,-7.23,661,14,7,20.02,23-06-25 19:47:57
S047,Supplier_S047,M452,Yeast Extract,70.18,4.7,-8.6,207,1,10,29.76,23-06-25 19:47:57
S047,Supplier_S047,M489,Acetic Acid,73.26,3.9,6.79,175,4,5,22.41,23-06-25 19:47:57
S048,Supplier_S048,M114,Salt,86.87,4.9,1.15,147,12,3,7.65,23-06-25 19:47:57
S048,Supplier_S048,M216,Monosodium Glutamate,97.97,5,-0.77,572,2,4,20.15,23-06-25 19:47:57
S048,Supplier_S048,M255,Annatto Extract,85.93,3.9,6.39,564,11,7,0.02,23-06-25 19:47:57
S048,Supplier_S048,M256,Corn,94.57,3.4,3.66,794,17,2,18.39,23-06-25 19:47:57
S048,Supplier_S048,M271,Sodium Benzoate,85.02,3.9,8.53,32,1,3,27.67,23-06-25 19:47:57
S048,Supplier_S048,M276,Skimmed Milk Powder,84.22,3.3,-5.47,428,0,4,28.51,23-06-25 19:47:57
S048,Supplier_S048,M495,Sodium Bicarbonate,86.55,4.7,-3.38,769,11,9,15.87,23-06-25 19:47:57
S049,Supplier_S049,M011,Cheddar Cheese,82.93,3.8,-0.66,756,1,10,19.6,23-06-25 19:47:57
S049,Supplier_S049,M044,Glucono Delta Lactone,88.27,3.5,-6.83,574,0,8,12.24,23-06-25 19:47:57
S049,Supplier_S049,M267,Fumaric Acid,74.68,4.5,-8.28,767,1,3,28.47,23-06-25 19:47:57
S049,Supplier_S049,M387,Yeast Extract,74.35,3.5,6.84,888,17,3,2.58,23-06-25 19:47:57
S049,Supplier_S049,M436,Disodium Guanylate,98.26,3.8,-1.23,883,17,0,11.24,23-06-25 19:47:57
S049,Supplier_S049,M438,Yeast Extract,79.87,4.9,2.78,321,2,2,3.13,23-06-25 19:47:57
S050,Supplier_S050,M036,Sucrose,92.16,3.6,1.79,788,16,9,8.49,23-06-25 19:47:57
S050,Supplier_S050,M077,Pectin,82.56,3.3,-6.01,629,4,4,1.57,23-06-25 19:47:57
S050,Supplier_S050,M344,Tomato Powder,79.49,4.7,6,287,11,1,16.03,23-06-25 19:47:57
S050,Supplier_S050,M390,Lactic Acid,91.46,3.9,7.66,750,12,6,24.99,23-06-25 19:47:57
S050,Supplier_S050,M417,Tapioca Starch,99.76,4.4,0.66,268,17,7,0.06,23-06-25 19:47:57
S050,Supplier_S050,M456,Pectin,83.09,3.5,8.26,749,11,8,21.27,23-06-25 19:47:57
S050,Supplier_S050,M472,Caramel Color,74.34,3.4,4.97,762,20,0,10.87,23-06-25 19:47:57
S051,Supplier_S051,M070,Acetic Acid,92.63,4.5,-1.02,956,18,10,19.06,23-06-25 19:47:57
S051,Supplier_S051,M217,Baking Powder,88.59,4.8,-3.64,471,10,9,19.78,23-06-25 19:47:57
S051,Supplier_S051,M271,Sodium Benzoate,79.15,4,4.89,28,11,10,10.56,23-06-25 19:47:57
S051,Supplier_S051,M371,Whey Protein,70.69,4.1,2.24,244,2,7,5.95,23-06-25 19:47:57
S051,Supplier_S051,M428,Ascorbic Acid,96.55,3.7,-5.8,477,7,5,24.28,23-06-25 19:47:57
S051,Supplier_S051,M434,Disodium Guanylate,99.94,5,5.05,767,17,4,0.26,23-06-25 19:47:57
S052,Supplier_S052,M088,Vegetable Oil,96.74,4.7,4.24,959,20,2,23.81,23-06-25 19:47:57
S052,Supplier_S052,M089,Gum Arabic,94.11,4.1,2.24,98,2,4,11.94,23-06-25 19:47:57
S052,Supplier_S052,M103,Maltodextrin,75.27,4.8,9.94,416,15,2,28.1,23-06-25 19:47:57
S052,Supplier_S052,M145,Sodium Citrate,96.46,3.6,7.49,907,8,1,19.64,23-06-25 19:47:57
S052,Supplier_S052,M156,Sodium Bicarbonate,93.54,4.5,-5.15,387,18,7,29.93,23-06-25 19:47:57
S052,Supplier_S052,M186,Sodium Benzoate,75.41,3.2,-3.35,191,10,10,1.74,23-06-25 19:47:57
S052,Supplier_S052,M237,Cheddar Cheese,90.27,4.3,2.28,792,17,0,25.44,23-06-25 19:47:57
S052,Supplier_S052,M290,Milk Solids,97.71,4.5,0.47,804,10,2,23.08,23-06-25 19:47:57
S052,Supplier_S052,M353,Palm Oil,91.4,4.2,-4.54,818,20,6,10.68,23-06-25 19:47:57
S052,Supplier_S052,M409,Corn Syrup,78.08,3.6,1.06,77,15,0,12.22,23-06-25 19:47:57
S052,Supplier_S052,M440,Fumaric Acid,87.08,4,-0.75,50,2,4,19.39,23-06-25 19:47:57
S053,Supplier_S053,M230,Sodium Bicarbonate,79.2,3.7,4.11,763,4,10,3.57,23-06-25 19:47:57
S053,Supplier_S053,M394,Skimmed Milk Powder,74.71,3.6,-1.17,528,15,1,4.63,23-06-25 19:47:57
S053,Supplier_S053,M427,Onion Powder,75.97,3.6,-5.62,278,5,5,25.43,23-06-25 19:47:57
S054,Supplier_S054,M017,Sodium Bicarbonate,95.38,3.2,-1.53,293,1,0,10.01,23-06-25 19:47:57
S054,Supplier_S054,M187,Sugar,89,3.8,9.31,402,0,0,16.01,23-06-25 19:47:57
S054,Supplier_S054,M258,Corn,84.74,4.8,-8.4,830,20,0,10.83,23-06-25 19:47:57
S054,Supplier_S054,M361,Dextrose,79.4,3.8,-4.97,537,14,10,22.9,23-06-25 19:47:57
S054,Supplier_S054,M416,Tomato Powder,87.64,4.5,-7.45,965,18,3,26.43,23-06-25 19:47:57
S054,Supplier_S054,M477,Potatoes,94.02,3.2,-7.42,221,20,2,2.63,23-06-25 19:47:57
S055,Supplier_S055,M034,Tapioca Starch,89.38,4,5.86,105,9,3,12.13,23-06-25 19:47:57
S055,Supplier_S055,M162,Acesulfame K,81.49,3.8,2.85,826,16,3,18.92,23-06-25 19:47:57
S055,Supplier_S055,M360,Aspartame,72.76,4.7,-8.11,354,8,1,16.99,23-06-25 19:47:57
S055,Supplier_S055,M380,Potatoes,94.05,3.6,5.96,771,2,8,28.56,23-06-25 19:47:57
S056,Supplier_S056,M036,Sucrose,73.02,3.4,-5.45,193,9,0,21.24,23-06-25 19:47:57
S056,Supplier_S056,M404,Gum Arabic,87.19,4.1,8.01,810,12,7,25.03,23-06-25 19:47:57
S056,Supplier_S056,M445,Garlic Powder,71.03,4.4,-5.68,723,1,10,24.35,23-06-25 19:47:57
S057,Supplier_S057,M002,Salt,78.35,4.7,5.18,173,13,5,8.34,23-06-25 19:47:57
S057,Supplier_S057,M006,Corn,90.41,4.2,-2.3,620,14,8,7.54,23-06-25 19:47:57
S057,Supplier_S057,M107,Vanillin,87.87,4.6,0.51,550,11,1,27.52,23-06-25 19:47:57
S057,Supplier_S057,M184,Fumaric Acid,77.76,4.6,5.26,197,10,10,2.68,23-06-25 19:47:57
S057,Supplier_S057,M218,Vegetable Oil,80.76,3.6,1.03,189,20,9,2.46,23-06-25 19:47:57
S057,Supplier_S057,M265,Baking Powder,78.69,3.8,-7.36,94,15,9,22.36,23-06-25 19:47:57
S057,Supplier_S057,M500,Garlic Powder,89.19,4.9,-4.44,146,8,0,19.27,23-06-25 19:47:57
S058,Supplier_S058,M030,Disodium Guanylate,93.44,4.3,5.08,982,7,3,25.18,23-06-25 19:47:57
S058,Supplier_S058,M079,Potatoes,97.92,4.7,3,820,4,2,1.15,23-06-25 19:47:57
S058,Supplier_S058,M155,Corn Syrup,82.49,4.4,-4.57,89,18,5,3.58,23-06-25 19:47:57
S058,Supplier_S058,M185,Annatto Extract,82.61,4.8,-2.57,609,9,7,25.54,23-06-25 19:47:57
S058,Supplier_S058,M234,Vanillin,96.28,4.6,1.5,720,14,6,16.9,23-06-25 19:47:57
S058,Supplier_S058,M314,Tapioca Starch,99.75,3.7,-3.94,66,20,10,2.72,23-06-25 19:47:57
S058,Supplier_S058,M383,Glucono Delta Lactone,90.53,3.6,-5.03,447,9,9,1.43,23-06-25 19:47:57
S059,Supplier_S059,M010,Whey Protein,97.16,4.7,-8.58,253,8,10,14.56,23-06-25 19:47:57
S059,Supplier_S059,M237,Cheddar Cheese,95.05,4.7,-2.88,807,3,1,27.61,23-06-25 19:47:57
S059,Supplier_S059,M347,Monosodium Glutamate,84.53,3.9,-6.07,43,16,9,1.78,23-06-25 19:47:57
S061,Supplier_S061,M024,Ascorbic Acid,90.89,4,-5.12,681,0,1,23.35,23-06-25 19:47:57
S061,Supplier_S061,M113,Citric Acid,99.57,4,-1.73,291,1,8,28.46,23-06-25 19:47:57
S061,Supplier_S061,M140,Barley Malt Extract,88.48,4.6,6.27,834,1,9,10.52,23-06-25 19:47:57
S061,Supplier_S061,M169,Yeast Extract,99.47,3.3,7.71,100,20,5,13.4,23-06-25 19:47:57
S061,Supplier_S061,M172,Cocoa Powder,81.79,4.1,-0.18,65,11,0,12.83,23-06-25 19:47:57
S061,Supplier_S061,M206,Lactic Acid,78.63,4.3,8.53,406,13,10,9.38,23-06-25 19:47:57
S061,Supplier_S061,M272,Modified Starch,94.36,4.3,7.57,921,0,8,28.47,23-06-25 19:47:57
S061,Supplier_S061,M496,Lactic Acid,76.3,3.8,7.74,143,20,9,3.61,23-06-25 19:47:57
S062,Supplier_S062,M131,Disodium Guanylate,74.62,3.8,-2.46,469,19,7,17.47,23-06-25 19:47:57
S062,Supplier_S062,M198,Skimmed Milk Powder,71.51,3.4,2.87,422,7,1,13.77,23-06-25 19:47:57
S063,Supplier_S063,M099,Ascorbic Acid,85.56,4.1,9.96,499,16,6,9.41,23-06-25 19:47:57
S063,Supplier_S063,M253,Vegetable Oil,72.68,3.3,-8.17,643,10,10,1.8,23-06-25 19:47:57
S063,Supplier_S063,M278,Sodium Bicarbonate,86.14,5,-9.21,406,16,10,28.88,23-06-25 19:47:57
S063,Supplier_S063,M395,Ascorbic Acid,80.24,4,-8.3,391,13,5,18.88,23-06-25 19:47:57
S064,Supplier_S064,M020,Natural Flavors,75.79,3.7,7.29,1000,8,5,19.24,23-06-25 19:47:57
S064,Supplier_S064,M155,Corn Syrup,83.95,3.6,6.9,345,2,8,13.7,23-06-25 19:47:57
S064,Supplier_S064,M179,Sucralose,85.15,4.3,-7.52,41,7,5,14.66,23-06-25 19:47:57
S064,Supplier_S064,M218,Vegetable Oil,92.19,3.9,6.8,147,10,7,13.89,23-06-25 19:47:57
S064,Supplier_S064,M248,Disodium Guanylate,77.19,4.5,8.2,836,8,4,19.45,23-06-25 19:47:57
S064,Supplier_S064,M441,Sucralose,90.96,3.1,7.71,171,8,10,16.13,23-06-25 19:47:57
S064,Supplier_S064,M463,Brown Sugar,71.37,4.6,-3.49,464,7,9,14.54,23-06-25 19:47:57
S065,Supplier_S065,M128,Aspartame,79.14,4.9,-3.36,645,12,5,13.21,23-06-25 19:47:57
S065,Supplier_S065,M131,Disodium Guanylate,86.03,4.8,7.39,438,17,0,23.72,23-06-25 19:47:57
S065,Supplier_S065,M241,Fumaric Acid,86.81,4.9,-4.85,30,13,1,10.53,23-06-25 19:47:57
S065,Supplier_S065,M348,Sucralose,71.99,4.3,5.09,811,3,9,6.16,23-06-25 19:47:57
S065,Supplier_S065,M412,Potatoes,73.69,3.3,1.13,296,13,3,18.31,23-06-25 19:47:57
S066,Supplier_S066,M051,Fumaric Acid,98.36,5,-4.02,995,13,4,13.71,23-06-25 19:47:57
S066,Supplier_S066,M054,Sucrose,99.02,3.6,7.41,833,3,7,28.89,23-06-25 19:47:57
S066,Supplier_S066,M070,Acetic Acid,75.2,3.3,5.18,87,5,10,14.82,23-06-25 19:47:57
S066,Supplier_S066,M312,Whey Protein,72.22,4.6,-2.34,350,1,4,28.67,23-06-25 19:47:57
S066,Supplier_S066,M363,Garlic Powder,88.04,3.8,-7.73,206,0,3,23.91,23-06-25 19:47:57
S066,Supplier_S066,M408,Paprika Extract,74.63,4.9,3.57,70,19,5,5.44,23-06-25 19:47:57
S067,Supplier_S067,M106,Paprika Extract,80.79,3.5,3.36,486,9,2,12.16,23-06-25 19:47:57
S067,Supplier_S067,M247,Palm Oil,70.32,4,5.17,149,11,4,14.08,23-06-25 19:47:57
S067,Supplier_S067,M313,Sunflower Oil,74.47,4.3,8.66,690,12,4,4.55,23-06-25 19:47:57
S067,Supplier_S067,M364,Vegetable Oil,90.15,4.8,-2.06,869,4,3,3.36,23-06-25 19:47:57
S067,Supplier_S067,M377,Sodium Benzoate,84.01,3.2,7.9,516,1,7,10.7,23-06-25 19:47:57
S067,Supplier_S067,M480,Salt,97.11,3.8,-8.33,270,13,2,16.08,23-06-25 19:47:57
S068,Supplier_S068,M040,Potassium Sorbate,87.69,4.6,-6.04,127,17,3,19.43,23-06-25 19:47:57
S068,Supplier_S068,M055,Ascorbic Acid,98.21,3.2,-5.32,35,19,8,9.84,23-06-25 19:47:57
S068,Supplier_S068,M060,Garlic Powder,73.8,3.8,-7.73,75,15,7,23.34,23-06-25 19:47:57
S068,Supplier_S068,M245,Soy Lecithin,78.53,4.3,-7.37,868,5,0,1.05,23-06-25 19:47:57
S069,Supplier_S069,M085,Whey Protein,73.08,3.7,-4.09,466,19,6,5,23-06-25 19:47:57
S069,Supplier_S069,M115,Acesulfame K,86.77,4,7.39,350,9,0,6.35,23-06-25 19:47:57
S069,Supplier_S069,M178,Potassium Sorbate,85.2,3.3,7.03,910,18,0,5.21,23-06-25 19:47:57
S069,Supplier_S069,M362,Disodium Inosinate,94.27,4.7,8.14,967,18,10,1.8,23-06-25 19:47:57
S069,Supplier_S069,M410,Onion Powder,79.14,3.8,-8.32,661,16,3,23.49,23-06-25 19:47:57
S069,Supplier_S069,M489,Acetic Acid,81.84,4.5,8.02,174,6,7,28.79,23-06-25 19:47:57
S070,Supplier_S070,M065,Lactic Acid,82.59,3.7,-2.6,748,10,9,17.89,23-06-25 19:47:57
S070,Supplier_S070,M078,Onion Powder,97.16,3.3,-1.25,979,7,7,26.54,23-06-25 19:47:57
S070,Supplier_S070,M102,Pectin,74.12,4.9,9.56,171,13,10,28.05,23-06-25 19:47:57
S070,Supplier_S070,M249,Annatto Extract,70.44,3.4,-1.6,814,15,5,13.91,23-06-25 19:47:57
S070,Supplier_S070,M412,Potatoes,95.18,3.8,-2.97,657,6,9,25.22,23-06-25 19:47:57
S071,Supplier_S071,M037,Caramel Color,99.23,4.1,3.95,139,20,7,3.08,23-06-25 19:47:57
S071,Supplier_S071,M046,Pectin,78.49,3.6,1.74,685,15,2,13.4,23-06-25 19:47:57
S071,Supplier_S071,M058,Dextrose,76.16,4.7,1.08,610,6,3,9.86,23-06-25 19:47:57
S071,Supplier_S071,M176,Sucrose,97.51,3,4.01,611,16,6,3.38,23-06-25 19:47:57
S071,Supplier_S071,M187,Sugar,93.21,4.2,-6.83,814,2,2,18.43,23-06-25 19:47:57
S071,Supplier_S071,M234,Vanillin,85.19,4.1,0.06,358,3,8,28.7,23-06-25 19:47:57
S071,Supplier_S071,M272,Modified Starch,90.34,4.7,3.73,437,7,9,4.58,23-06-25 19:47:57
S071,Supplier_S071,M319,Brown Sugar,70.47,4,-9.87,193,2,10,17.81,23-06-25 19:47:57
S071,Supplier_S071,M440,Fumaric Acid,99.73,3.9,6.49,629,7,8,9.87,23-06-25 19:47:57
S071,Supplier_S071,M470,Garlic Powder,87.22,4.3,-5.69,308,12,0,29.43,23-06-25 19:47:57
S071,Supplier_S071,M475,Yeast Extract,83.35,3,-7.67,134,15,10,20.06,23-06-25 19:47:57
S071,Supplier_S071,M484,Potassium Sorbate,98.25,4.8,6.28,322,20,1,28.42,23-06-25 19:47:57
S071,Supplier_S071,M496,Lactic Acid,72.25,4.1,-3.14,752,15,3,16.01,23-06-25 19:47:57
S072,Supplier_S072,M123,Fumaric Acid,87.61,4.5,4.25,417,2,4,4.87,23-06-25 19:47:57
S072,Supplier_S072,M198,Skimmed Milk Powder,92.36,3,-1.93,46,17,8,0.01,23-06-25 19:47:57
S072,Supplier_S072,M240,Sugar,87.14,5,3.72,843,3,4,24.12,23-06-25 19:47:57
S072,Supplier_S072,M354,Glucono Delta Lactone,75.37,4.2,-3.46,320,19,9,2.89,23-06-25 19:47:57
S072,Supplier_S072,M418,Natural Flavors,87.15,3.1,4.75,716,13,1,27.51,23-06-25 19:47:57
S073,Supplier_S073,M371,Whey Protein,82.43,3.4,7.53,977,18,3,0.62,23-06-25 19:47:57
S073,Supplier_S073,M404,Gum Arabic,94.57,4,-7.55,367,2,0,12.53,23-06-25 19:47:57
S073,Supplier_S073,M435,Pectin,98.37,4.6,5.16,22,15,10,15.38,23-06-25 19:47:57
S073,Supplier_S073,M472,Caramel Color,91.03,4.1,-8.05,341,18,0,25.49,23-06-25 19:47:57
S074,Supplier_S074,M013,Onion Powder,76.53,3.1,4.71,72,10,0,1.5,23-06-25 19:47:57
S074,Supplier_S074,M080,Corn,95.1,4,0.72,657,16,9,7.26,23-06-25 19:47:57
S074,Supplier_S074,M084,Maltodextrin,95.86,3.1,3.11,289,3,5,13.11,23-06-25 19:47:57
S074,Supplier_S074,M268,Tapioca Starch,80.3,4.6,-3.9,492,0,5,6.27,23-06-25 19:47:57
S074,Supplier_S074,M351,Sodium Citrate,79.36,5,-1.12,577,13,4,29.55,23-06-25 19:47:57
S074,Supplier_S074,M453,Cheddar Cheese,80.79,3.8,-0.59,442,16,9,22.05,23-06-25 19:47:57
S075,Supplier_S075,M081,Aspartame,70.05,3.7,1.41,201,2,8,29.24,23-06-25 19:47:57
S075,Supplier_S075,M156,Sodium Bicarbonate,93.28,4.5,0.93,825,7,2,0.19,23-06-25 19:47:57
S075,Supplier_S075,M299,Sucralose,97.4,3.6,8.87,455,11,1,17.48,23-06-25 19:47:57
S076,Supplier_S076,M007,Vegetable Oil,85.23,3.2,2.51,871,20,8,18.27,23-06-25 19:47:57
S076,Supplier_S076,M050,Yeast Extract,81.25,3.3,0.62,589,5,2,5.25,23-06-25 19:47:57
S076,Supplier_S076,M052,Palm Oil,94.99,4.8,5.51,245,19,5,6.57,23-06-25 19:47:57
S076,Supplier_S076,M207,Acesulfame K,75.32,4.4,-6.26,187,16,1,11.32,23-06-25 19:47:57
S076,Supplier_S076,M430,Baking Powder,99.05,4.8,-5.82,93,15,10,18.45,23-06-25 19:47:57
S076,Supplier_S076,M500,Garlic Powder,77.47,4.6,0.69,11,20,5,18.98,23-06-25 19:47:57
S077,Supplier_S077,M028,Skimmed Milk Powder,95.6,4.9,-1.62,775,17,9,26.93,23-06-25 19:47:57
S077,Supplier_S077,M093,Potassium Sorbate,90.66,3.3,-1.69,485,6,5,18.2,23-06-25 19:47:57
S077,Supplier_S077,M098,Cocoa Powder,93.49,4.6,1.55,748,1,9,14.41,23-06-25 19:47:57
S077,Supplier_S077,M104,Dextrose,79.92,4.5,2.97,745,5,0,22.1,23-06-25 19:47:57
S077,Supplier_S077,M134,Brown Sugar,82.79,3.9,5.96,654,5,2,19.21,23-06-25 19:47:57
S077,Supplier_S077,M147,Vegetable Oil,93.2,4.5,-7.34,703,4,1,15.92,23-06-25 19:47:57
S077,Supplier_S077,M241,Fumaric Acid,77.63,4.7,-8.07,772,10,4,10.83,23-06-25 19:47:57
S077,Supplier_S077,M287,Sunflower Oil,79.72,3,3.72,359,12,9,18.48,23-06-25 19:47:57
S077,Supplier_S077,M400,Milk Solids,70.16,3.7,-5.28,773,18,9,21.44,23-06-25 19:47:57
S077,Supplier_S077,M488,Dextrose,84.76,3.2,0.29,167,13,1,27.39,23-06-25 19:47:57
S078,Supplier_S078,M113,Citric Acid,96.39,4.8,2.52,447,17,7,1.41,23-06-25 19:47:57
S078,Supplier_S078,M247,Palm Oil,93.94,4.2,5.94,571,11,3,12.35,23-06-25 19:47:57
S078,Supplier_S078,M398,Corn Syrup,71.11,3.7,4.5,767,4,8,29.76,23-06-25 19:47:57
S078,Supplier_S078,M453,Cheddar Cheese,87.29,4.9,-5.97,893,15,1,28.53,23-06-25 19:47:57
S078,Supplier_S078,M465,Acesulfame K,99.89,5,-0.66,927,14,1,14.47,23-06-25 19:47:57
S078,Supplier_S078,M494,Glucono Delta Lactone,78.08,3.6,-2.98,438,7,5,26.85,23-06-25 19:47:57
S078,Supplier_S078,M500,Garlic Powder,91.25,4.1,-6.58,56,17,3,8.76,23-06-25 19:47:57
S079,Supplier_S079,M035,Brown Sugar,87.45,3.9,0.62,445,17,5,10.55,23-06-25 19:47:57
S079,Supplier_S079,M067,Paprika Extract,75.27,3.8,4.07,522,17,10,24.19,23-06-25 19:47:57
S079,Supplier_S079,M157,Natural Flavors,92.44,4.2,0.11,662,12,1,17.76,23-06-25 19:47:57
S079,Supplier_S079,M185,Annatto Extract,75.84,3.2,3.61,552,9,6,1.62,23-06-25 19:47:57
S079,Supplier_S079,M289,Garlic Powder,81.15,4.7,-3.95,547,9,2,3.37,23-06-25 19:47:57
S079,Supplier_S079,M335,Cocoa Powder,75.26,4.4,8.09,823,4,2,7.14,23-06-25 19:47:57
S079,Supplier_S079,M459,Pectin,93.93,4.6,-4.62,224,12,4,0.19,23-06-25 19:47:57
S080,Supplier_S080,M009,Palm Oil,76.74,3.7,1.77,245,18,3,0.22,23-06-25 19:47:57
S080,Supplier_S080,M053,Monosodium Glutamate,71,3.7,-7.37,941,9,5,22.42,23-06-25 19:47:57
S080,Supplier_S080,M074,Citric Acid,89.3,3.7,-7.44,729,16,1,19.38,23-06-25 19:47:57
S081,Supplier_S081,M071,Sucralose,85.22,3.6,-0.96,68,11,4,2.3,23-06-25 19:47:57
S081,Supplier_S081,M238,Skimmed Milk Powder,97.48,3.6,-5.56,600,4,0,15.77,23-06-25 19:47:57
S082,Supplier_S082,M079,Potatoes,97.18,3,-5.69,163,17,9,15.83,23-06-25 19:47:57
S082,Supplier_S082,M101,Cheddar Cheese,86.81,4.9,4.43,304,3,9,20.3,23-06-25 19:47:57
S082,Supplier_S082,M134,Brown Sugar,71.34,4.4,-9.55,361,20,1,20.31,23-06-25 19:47:57
S082,Supplier_S082,M336,Corn Syrup,73.79,3.5,-6.31,585,1,10,9.51,23-06-25 19:47:57
S082,Supplier_S082,M469,Palm Oil,81.86,4.1,-0.79,158,9,3,14.99,23-06-25 19:47:57
S083,Supplier_S083,M091,Tomato Powder,89.23,4.2,1.61,185,19,9,10.13,23-06-25 19:47:57
S083,Supplier_S083,M155,Corn Syrup,90.2,3.1,-5.54,538,1,6,2.07,23-06-25 19:47:57
S083,Supplier_S083,M178,Potassium Sorbate,92.78,4.7,6.42,537,5,1,9.33,23-06-25 19:47:57
S083,Supplier_S083,M261,Ascorbic Acid,83.42,3.8,4.53,301,19,0,15.53,23-06-25 19:47:57
S083,Supplier_S083,M379,Sucrose,70.87,3.9,4.15,501,14,10,28.66,23-06-25 19:47:57
S083,Supplier_S083,M448,Corn,89.74,3.6,2.48,54,2,3,12.33,23-06-25 19:47:57
S084,Supplier_S084,M125,Sunflower Oil,82.96,4.4,3.21,97,19,4,23.94,23-06-25 19:47:57
S084,Supplier_S084,M246,Corn,99.25,4.1,-4.55,465,4,8,5.31,23-06-25 19:47:57
S084,Supplier_S084,M298,Cheddar Cheese,94.66,3.4,9.12,81,19,1,20.57,23-06-25 19:47:57
S084,Supplier_S084,M401,Aspartame,87.47,4.6,-2.77,110,4,6,24.85,23-06-25 19:47:57
S084,Supplier_S084,M405,Caramel Color,71.37,4.3,-1.14,294,20,1,25.98,23-06-25 19:47:57
S084,Supplier_S084,M466,Whey Protein,74.07,4.1,4.51,102,10,3,27.95,23-06-25 19:47:57
S084,Supplier_S084,M476,Milk Solids,91.41,4.7,0.75,425,0,6,16.68,23-06-25 19:47:57
S085,Supplier_S085,M021,Barley Malt Extract,96.99,3.4,-9.11,456,0,8,27.77,23-06-25 19:47:57
S085,Supplier_S085,M043,Fumaric Acid,90.81,3.6,8.9,843,17,0,13.64,23-06-25 19:47:57
S085,Supplier_S085,M198,Skimmed Milk Powder,94.04,3.9,7.13,467,10,1,29.42,23-06-25 19:47:57
S085,Supplier_S085,M250,Potassium Sorbate,95.31,4.9,-8.88,804,12,1,16.3,23-06-25 19:47:57
S085,Supplier_S085,M273,Barley Malt Extract,91.15,4,-7.29,940,4,10,27.99,23-06-25 19:47:57
S085,Supplier_S085,M285,Salt,85.74,4.4,2.24,121,18,10,15.87,23-06-25 19:47:57
S085,Supplier_S085,M419,Modified Starch,88.79,3.7,-4.99,120,15,3,28.76,23-06-25 19:47:57
S085,Supplier_S085,M451,Milk Solids,92.52,3.5,4.66,360,7,3,16.18,23-06-25 19:47:57
S085,Supplier_S085,M488,Dextrose,73.21,3.7,4.45,421,11,0,3.04,23-06-25 19:47:57
S086,Supplier_S086,M047,Acesulfame K,77.01,4.6,-9.13,772,15,6,11.58,23-06-25 19:47:57
S086,Supplier_S086,M420,Disodium Inosinate,93.82,4.9,5.51,644,14,1,18.76,23-06-25 19:47:57
S086,Supplier_S086,M434,Disodium Guanylate,90.25,3.5,4.9,796,8,3,21.17,23-06-25 19:47:57
S086,Supplier_S086,M455,Onion Powder,81.23,3.8,-1.68,414,11,6,14.69,23-06-25 19:47:57
S087,Supplier_S087,M167,Monosodium Glutamate,87.67,3.4,-3.86,715,9,2,5.33,23-06-25 19:47:57
S087,Supplier_S087,M201,Vanillin,83.52,4.3,9.12,147,15,0,15.91,23-06-25 19:47:57
S087,Supplier_S087,M235,Citric Acid,72.03,4.3,9.88,703,7,5,12.37,23-06-25 19:47:57
S087,Supplier_S087,M338,Tomato Powder,91.95,4.8,-7.21,574,3,4,0.74,23-06-25 19:47:57
S087,Supplier_S087,M353,Palm Oil,87.85,5,-7.54,868,13,7,8.36,23-06-25 19:47:57
S087,Supplier_S087,M462,Corn,90.95,4.5,7.76,152,0,9,3.69,23-06-25 19:47:57
S088,Supplier_S088,M166,Citric Acid,91.14,3.3,-7.78,548,11,1,11.21,23-06-25 19:47:57
S088,Supplier_S088,M304,Cheddar Cheese,87.93,3.6,5.7,276,1,10,14.19,23-06-25 19:47:57
S088,Supplier_S088,M413,Skimmed Milk Powder,98.77,3.7,8.28,146,20,0,18.26,23-06-25 19:47:57
S088,Supplier_S088,M467,Aspartame,98.99,3.9,-5.33,275,3,4,2.63,23-06-25 19:47:57
S088,Supplier_S088,M468,Ascorbic Acid,87.77,3.4,8.84,596,11,2,25.6,23-06-25 19:47:57
S089,Supplier_S089,M047,Acesulfame K,92.89,3.8,8.66,900,6,3,17.15,23-06-25 19:47:57
S089,Supplier_S089,M169,Yeast Extract,77.96,3.5,-8.64,272,3,0,1.44,23-06-25 19:47:57
S089,Supplier_S089,M223,Skimmed Milk Powder,96.62,3,7.64,460,5,3,2.31,23-06-25 19:47:57
S089,Supplier_S089,M234,Vanillin,88.19,3.4,8.59,598,0,4,5.25,23-06-25 19:47:57
S089,Supplier_S089,M361,Dextrose,75.42,3,4.07,893,5,9,14.98,23-06-25 19:47:57
S089,Supplier_S089,M435,Pectin,92.83,3.3,-2.05,242,6,7,7.01,23-06-25 19:47:57
S090,Supplier_S090,M016,Dextrose,99.62,4.3,-9.84,846,17,4,27.95,23-06-25 19:47:57
S090,Supplier_S090,M074,Citric Acid,99.03,4.4,-2.16,619,2,4,16.77,23-06-25 19:47:57
S090,Supplier_S090,M101,Cheddar Cheese,98.66,3.2,8.48,681,8,7,6.42,23-06-25 19:47:57
S090,Supplier_S090,M267,Fumaric Acid,99.7,3.9,-7.08,55,7,3,20.56,23-06-25 19:47:57
S090,Supplier_S090,M464,Disodium Guanylate,98.17,4.9,-0.48,684,3,6,8.82,23-06-25 19:47:57
S091,Supplier_S091,M064,Sodium Citrate,85.22,3.3,-0.36,877,3,5,25.36,23-06-25 19:47:57
S091,Supplier_S091,M162,Acesulfame K,77.37,3.6,-1.76,573,15,0,2.63,23-06-25 19:47:57
S091,Supplier_S091,M349,Caramel Color,93.42,4.2,0.1,79,3,9,22.9,23-06-25 19:47:57
S091,Supplier_S091,M488,Dextrose,70.21,4.5,-5,491,12,5,8.98,23-06-25 19:47:57
S092,Supplier_S092,M050,Yeast Extract,88.28,3.8,3.66,519,18,2,6.97,23-06-25 19:47:57
S092,Supplier_S092,M084,Maltodextrin,82,3.9,9.13,357,5,7,20.76,23-06-25 19:47:57
S092,Supplier_S092,M164,Baking Powder,93.74,4.5,5.28,980,7,9,25.4,23-06-25 19:47:57
S092,Supplier_S092,M165,Aspartame,71.14,3.1,2.03,30,16,7,0.02,23-06-25 19:47:57
S092,Supplier_S092,M192,Sucrose,82.29,3.3,0.96,942,6,7,9.92,23-06-25 19:47:57
S092,Supplier_S092,M448,Corn,75.21,3.8,-3.68,408,6,7,6.6,23-06-25 19:47:57
S093,Supplier_S093,M003,Citric Acid,76.29,3.5,8.73,673,2,9,19.05,23-06-25 19:47:57
S093,Supplier_S093,M006,Corn,85.29,3.2,-9.06,122,4,10,4.8,23-06-25 19:47:57
S093,Supplier_S093,M008,Sunflower Oil,84.26,4.1,-4.7,903,19,6,28.93,23-06-25 19:47:57
S093,Supplier_S093,M069,Disodium Inosinate,79.31,3.7,-3.34,182,2,8,19,23-06-25 19:47:57
S093,Supplier_S093,M075,Tapioca Starch,74.13,3.2,6.89,113,16,8,25.05,23-06-25 19:47:57
S093,Supplier_S093,M117,Maltodextrin,83.98,4.6,4.45,789,10,3,11.12,23-06-25 19:47:57
S093,Supplier_S093,M126,Skimmed Milk Powder,70.16,3.6,-2.8,286,3,2,2.62,23-06-25 19:47:57
S093,Supplier_S093,M128,Aspartame,98.33,4.4,-0.08,641,6,7,3.21,23-06-25 19:47:57
S093,Supplier_S093,M244,Onion Powder,73.09,3.1,7.57,571,1,0,23.13,23-06-25 19:47:57
S093,Supplier_S093,M321,Barley Malt Extract,71.59,3.2,-7.02,874,15,7,5.29,23-06-25 19:47:57
S093,Supplier_S093,M367,Potatoes,89.87,4.9,3.81,817,7,4,16.58,23-06-25 19:47:57
S093,Supplier_S093,M376,Monosodium Glutamate,96.78,3.6,9.89,792,4,8,25.59,23-06-25 19:47:57
S093,Supplier_S093,M394,Skimmed Milk Powder,80.91,4.6,-7.54,216,14,6,23.08,23-06-25 19:47:57
S093,Supplier_S093,M457,Salt,91.2,3.1,3.31,161,8,9,13.66,23-06-25 19:47:57
S094,Supplier_S094,M022,Modified Starch,72.1,4.3,-3.4,331,3,4,15.21,23-06-25 19:47:57
S094,Supplier_S094,M097,Disodium Guanylate,79.99,3.9,-0.86,630,16,2,9.84,23-06-25 19:47:57
S094,Supplier_S094,M267,Fumaric Acid,79.62,4.2,-9.52,322,5,5,18.49,23-06-25 19:47:57
S095,Supplier_S095,M077,Pectin,84.42,3.7,8.69,738,16,1,8.55,23-06-25 19:47:57
S095,Supplier_S095,M107,Vanillin,76.57,3.3,-6.94,775,19,5,12.48,23-06-25 19:47:57
S095,Supplier_S095,M382,Acesulfame K,76,3.9,-2.24,284,18,9,12.69,23-06-25 19:47:57
S096,Supplier_S096,M121,Soy Lecithin,83.77,3.5,3.94,317,2,10,29.75,23-06-25 19:47:57
S096,Supplier_S096,M153,Acetic Acid,78.16,3.1,4.25,600,20,1,14.88,23-06-25 19:47:57
S096,Supplier_S096,M161,Glucono Delta Lactone,98.13,3.2,1.72,949,2,0,29.91,23-06-25 19:47:57
S096,Supplier_S096,M411,Vegetable Oil,99.56,4.6,0.75,443,17,7,1.25,23-06-25 19:47:57
S097,Supplier_S097,M114,Salt,86.14,3.5,-5.49,888,4,7,27.44,23-06-25 19:47:57
S097,Supplier_S097,M229,Tomato Powder,76.16,4.6,-1.82,119,4,6,19.55,23-06-25 19:47:57
S097,Supplier_S097,M427,Onion Powder,73.46,3.6,-6.11,609,11,0,29.26,23-06-25 19:47:57
S097,Supplier_S097,M461,Natural Flavors,70.29,3.5,9.1,691,18,0,2.91,23-06-25 19:47:57
S098,Supplier_S098,M147,Vegetable Oil,97.6,4.2,-1.15,232,2,1,4.2,23-06-25 19:47:57
S098,Supplier_S098,M163,Sunflower Oil,80.77,4.1,-0.31,944,18,8,9.65,23-06-25 19:47:57
S098,Supplier_S098,M308,Ascorbic Acid,91.17,3.9,-7.1,901,13,0,8.66,23-06-25 19:47:57
S098,Supplier_S098,M408,Paprika Extract,73.44,3.2,-6.64,157,5,4,23.05,23-06-25 19:47:57
S098,Supplier_S098,M450,Acetic Acid,92.25,4,4.09,23,7,0,18.49,23-06-25 19:47:57
S098,Supplier_S098,M480,Salt,72.12,4.5,9.91,723,20,3,21.43,23-06-25 19:47:57
S098,Supplier_S098,M481,Pectin,77.42,3.5,0.63,710,17,6,1.98,23-06-25 19:47:57
S099,Supplier_S099,M251,Brown Sugar,99.25,3.5,9.89,213,14,1,15.63,23-06-25 19:47:57
S099,Supplier_S099,M356,Modified Starch,79.44,3.8,-0.81,43,5,8,19.78,23-06-25 19:47:57
S100,Supplier_S100,M028,Skimmed Milk Powder,82.13,3.3,-0.65,140,19,8,0.81,23-06-25 19:47:57
S100,Supplier_S100,M082,Soy Lecithin,86.38,4.6,-6.5,807,14,7,18.95,23-06-25 19:47:57
S100,Supplier_S100,M124,Cheddar Cheese,99.23,3.1,-1.26,868,2,5,18.16,23-06-25 19:47:57
S100,Supplier_S100,M150,Disodium Inosinate,82.63,4.1,-6.54,492,2,0,17.62,23-06-25 19:47:57
S100,Supplier_S100,M222,Acetic Acid,96.45,3.1,2.97,115,16,10,24.89,23-06-25 19:47:57
S100,Supplier_S100,M270,Barley Malt Extract,78.14,4.7,3.2,895,3,0,8.77,23-06-25 19:47:57
S100,Supplier_S100,M276,Skimmed Milk Powder,76.68,4.3,-5.94,219,2,2,27.81,23-06-25 19:47:57
S100,Supplier_S100,M299,Sucralose,88.34,4,6.95,882,9,0,11.08,23-06-25 19:47:57
S100,Supplier_S100,M368,Whey Protein,97.83,4.8,-3.98,968,7,4,6.31,23-06-25 19:47:57
S100,Supplier_S100,M381,Sucralose,94.03,4.5,8.43,935,19,2,10.77,23-06-25 19:47:57
S100,Supplier_S100,M431,Corn,91.37,4.1,-0.33,988,15,7,8.05,23-06-25 19:47:57
S101,Supplier_S101,M095,Annatto Extract,82.93,4.8,4.55,792,12,5,1.36,23-06-25 19:47:57
S101,Supplier_S101,M136,Modified Starch,90.16,3.6,-5.23,129,5,5,20.8,23-06-25 19:47:57
S101,Supplier_S101,M294,Sodium Citrate,79.97,3.4,5.17,838,17,1,29.21,23-06-25 19:47:57
S101,Supplier_S101,M368,Whey Protein,78.22,3.2,5.59,513,15,6,27.79,23-06-25 19:47:57
S102,Supplier_S102,M058,Dextrose,89.18,4.9,-8.99,351,7,2,23.61,23-06-25 19:47:57
S102,Supplier_S102,M068,Sodium Benzoate,71.27,3,8.42,892,10,9,12.88,23-06-25 19:47:57
S102,Supplier_S102,M135,Glucono Delta Lactone,88.42,3.4,1.84,408,0,3,6.17,23-06-25 19:47:57
S102,Supplier_S102,M248,Disodium Guanylate,91.45,4.3,6.57,235,8,1,12.67,23-06-25 19:47:57
S102,Supplier_S102,M253,Vegetable Oil,70.27,3.1,5.67,496,19,2,11.14,23-06-25 19:47:57
S102,Supplier_S102,M266,Pectin,77.99,3.9,3.69,599,2,1,20.15,23-06-25 19:47:57
S103,Supplier_S103,M038,Baking Powder,76.77,4,-0.99,463,9,9,29.7,23-06-25 19:47:57
S103,Supplier_S103,M151,Ascorbic Acid,95.04,4.4,-8.68,725,13,3,1.74,23-06-25 19:47:57
S103,Supplier_S103,M297,Sunflower Oil,77.08,4.3,-8.44,963,18,7,3.43,23-06-25 19:47:57
S103,Supplier_S103,M389,Dextrose,84.2,4,8.78,365,14,6,0.62,23-06-25 19:47:57
S103,Supplier_S103,M397,Modified Starch,97.01,4.2,-7.06,423,14,10,6.15,23-06-25 19:47:57
S104,Supplier_S104,M121,Soy Lecithin,89.5,3.1,-1.89,396,17,7,1.68,23-06-25 19:47:57
S104,Supplier_S104,M337,Pectin,93.06,4.9,8.56,169,0,8,29.27,23-06-25 19:47:57
S104,Supplier_S104,M435,Pectin,87.61,4.1,-0.63,843,14,5,23.76,23-06-25 19:47:57
S105,Supplier_S105,M027,Milk Solids,87.52,4.4,7.13,793,18,6,14.31,23-06-25 19:47:57
S105,Supplier_S105,M373,Disodium Inosinate,70.86,5,-5.29,471,7,5,17.49,23-06-25 19:47:57
S105,Supplier_S105,M396,Cocoa Powder,93.84,3.7,-9.4,159,0,8,28.31,23-06-25 19:47:57
S106,Supplier_S106,M043,Fumaric Acid,79.44,3.6,9.4,423,16,0,19.73,23-06-25 19:47:57
S106,Supplier_S106,M044,Glucono Delta Lactone,85.55,4.2,-0.03,462,1,3,8.01,23-06-25 19:47:57
S106,Supplier_S106,M090,Sodium Bicarbonate,90.4,3.7,7.56,808,17,10,17.63,23-06-25 19:47:57
S106,Supplier_S106,M224,Milk Solids,96.72,3.3,-6.67,954,5,8,28.75,23-06-25 19:47:57
S106,Supplier_S106,M230,Sodium Bicarbonate,76.89,4.6,8.98,112,6,8,12.02,23-06-25 19:47:57
S106,Supplier_S106,M285,Salt,79.49,4.1,9.9,372,4,9,16.88,23-06-25 19:47:57
S106,Supplier_S106,M326,Potassium Sorbate,91.9,4.5,-5.07,345,13,9,6.67,23-06-25 19:47:57
S107,Supplier_S107,M027,Milk Solids,79.93,3.9,-8.75,862,13,6,27.15,23-06-25 19:47:57
S107,Supplier_S107,M057,Glucono Delta Lactone,72.97,4,-1.84,984,8,0,20.71,23-06-25 19:47:57
S107,Supplier_S107,M109,Tapioca Starch,86.23,3.1,7.88,966,15,0,8.61,23-06-25 19:47:57
S107,Supplier_S107,M138,Yeast Extract,73.4,3.2,5.5,853,11,8,24.68,23-06-25 19:47:57
S107,Supplier_S107,M320,Paprika Extract,84.28,3.3,-7.14,287,16,7,12.36,23-06-25 19:47:57
S107,Supplier_S107,M340,Acetic Acid,87.94,3.3,-3.94,898,16,5,1.98,23-06-25 19:47:57
S107,Supplier_S107,M342,Sodium Citrate,97.2,4.3,-9.43,793,8,7,29.83,23-06-25 19:47:57
S107,Supplier_S107,M385,Palm Oil,88.12,4.7,-7.87,557,0,0,11.85,23-06-25 19:47:57
S107,Supplier_S107,M441,Sucralose,75.39,4.2,-1.36,403,5,9,2.87,23-06-25 19:47:57
S108,Supplier_S108,M170,Gum Arabic,93.66,4.2,5.16,240,5,7,2.21,23-06-25 19:47:57
S108,Supplier_S108,M174,Natural Flavors,97.08,4.4,0.04,932,16,9,20.33,23-06-25 19:47:57
S108,Supplier_S108,M359,Caramel Color,94.34,4.3,-6.67,316,11,6,6.05,23-06-25 19:47:57
S108,Supplier_S108,M397,Modified Starch,91.02,4.7,4.43,331,11,0,24.81,23-06-25 19:47:57
S108,Supplier_S108,M490,Aspartame,92.26,4.7,-7.37,990,3,0,3.78,23-06-25 19:47:57
S109,Supplier_S109,M013,Onion Powder,84.3,4.8,0.62,68,16,1,25.54,23-06-25 19:47:57
S109,Supplier_S109,M151,Ascorbic Acid,72.47,4.1,2.32,294,2,4,2.37,23-06-25 19:47:57
S109,Supplier_S109,M175,Milk Solids,77.74,4.8,8.28,78,2,6,16.69,23-06-25 19:47:57
S109,Supplier_S109,M205,Potatoes,73.19,3.8,-8.94,67,6,4,22.51,23-06-25 19:47:57
S109,Supplier_S109,M228,Pectin,77.64,4.5,8.2,95,9,9,26.3,23-06-25 19:47:57
S109,Supplier_S109,M369,Disodium Inosinate,86.43,3.7,3.9,790,1,10,19.25,23-06-25 19:47:57
S109,Supplier_S109,M374,Sucrose,80.63,4.2,3.42,831,19,0,0.16,23-06-25 19:47:57
S109,Supplier_S109,M388,Soy Lecithin,73.08,4.7,-1.36,435,15,9,17.88,23-06-25 19:47:57
S109,Supplier_S109,M469,Palm Oil,80.95,4.4,5.93,542,19,9,6.66,23-06-25 19:47:57
S110,Supplier_S110,M081,Aspartame,72.03,4.1,0.15,529,17,0,11.71,23-06-25 19:47:57
S110,Supplier_S110,M194,Tomato Powder,72.85,4.5,-9.08,882,4,10,19.42,23-06-25 19:47:57
S110,Supplier_S110,M294,Sodium Citrate,75.37,4.2,1.86,866,14,9,10.67,23-06-25 19:47:57
S110,Supplier_S110,M361,Dextrose,93.87,4.3,-3.96,833,9,6,19.9,23-06-25 19:47:57
S110,Supplier_S110,M433,Dextrose,82.98,3.7,-0.05,289,12,0,5.39,23-06-25 19:47:57
S110,Supplier_S110,M436,Disodium Guanylate,87.33,3.3,8.87,19,15,10,25.03,23-06-25 19:47:57
S110,Supplier_S110,M462,Corn,81.35,3.1,-2.88,348,3,0,13.71,23-06-25 19:47:57
S110,Supplier_S110,M464,Disodium Guanylate,75.85,3.3,0.4,595,16,0,3.84,23-06-25 19:47:57
S110,Supplier_S110,M484,Potassium Sorbate,82.2,3.6,-8.2,91,2,3,28.35,23-06-25 19:47:57
S110,Supplier_S110,M493,Garlic Powder,89,3.5,-3.28,500,1,8,12.81,23-06-25 19:47:57
S111,Supplier_S111,M022,Modified Starch,90.01,3.7,3.94,577,4,3,12.61,23-06-25 19:47:57
S111,Supplier_S111,M063,Skimmed Milk Powder,86.85,4.3,-1.78,904,13,0,29.05,23-06-25 19:47:57
S111,Supplier_S111,M202,Disodium Guanylate,94.46,3.2,3.15,630,10,8,26.44,23-06-25 19:47:57
S111,Supplier_S111,M265,Baking Powder,86.44,3.5,-2.03,454,4,2,14.43,23-06-25 19:47:57
S111,Supplier_S111,M309,Salt,95.75,3.7,-4.66,110,8,10,17.53,23-06-25 19:47:57
S111,Supplier_S111,M376,Monosodium Glutamate,89.72,4.6,-8.94,162,1,3,5.49,23-06-25 19:47:57
S111,Supplier_S111,M460,Citric Acid,83.52,4.6,-6.29,70,5,3,7.78,23-06-25 19:47:57
S111,Supplier_S111,M495,Sodium Bicarbonate,77.57,4,-3.31,124,3,10,0.41,23-06-25 19:47:57
S112,Supplier_S112,M007,Vegetable Oil,74.59,4.5,0.79,807,16,0,17.97,23-06-25 19:47:57
S112,Supplier_S112,M152,Palm Oil,83.6,4.2,-3.81,769,5,1,0.38,23-06-25 19:47:57
S112,Supplier_S112,M158,Gum Arabic,98.93,3.5,-4.78,332,12,5,9.54,23-06-25 19:47:57
S112,Supplier_S112,M189,Corn,80.28,4.8,-2.81,202,5,6,0.57,23-06-25 19:47:57
S112,Supplier_S112,M302,Dextrose,83.63,3.8,6.4,403,11,3,5.57,23-06-25 19:47:57
S112,Supplier_S112,M491,Baking Powder,78.68,4,5.22,263,19,2,21.88,23-06-25 19:47:57
S113,Supplier_S113,M041,Sodium Citrate,90.66,4.4,8.85,522,17,7,13.13,23-06-25 19:47:57
S113,Supplier_S113,M048,Aspartame,93.45,3.5,2.47,417,20,1,25.55,23-06-25 19:47:57
S113,Supplier_S113,M053,Monosodium Glutamate,75.27,3.3,0.79,384,16,8,27.4,23-06-25 19:47:57
S113,Supplier_S113,M073,Salt,88.29,3.7,8.36,406,13,5,20.37,23-06-25 19:47:57
S113,Supplier_S113,M307,Vanillin,92.66,3.2,-6.65,418,15,4,14.29,23-06-25 19:47:57
S113,Supplier_S113,M350,Brown Sugar,98.73,3.4,-2.9,398,13,3,15.43,23-06-25 19:47:57
S113,Supplier_S113,M499,Disodium Inosinate,85.28,4.1,-2.2,631,8,3,5.52,23-06-25 19:47:57
S114,Supplier_S114,M244,Onion Powder,92.44,4,-0.99,181,5,0,3.75,23-06-25 19:47:57
S114,Supplier_S114,M323,Dextrose,79.78,3.2,4.75,900,6,6,26.74,23-06-25 19:47:57
S114,Supplier_S114,M340,Acetic Acid,98.8,4.5,-8.23,429,20,4,12.44,23-06-25 19:47:57
S114,Supplier_S114,M415,Dextrose,76.65,3,-4.38,953,11,3,2.7,23-06-25 19:47:57
S114,Supplier_S114,M452,Yeast Extract,98.15,3.3,-6.53,572,6,3,15.22,23-06-25 19:47:57
S115,Supplier_S115,M002,Salt,76.46,4.5,-7.96,399,3,5,25.42,23-06-25 19:47:57
S115,Supplier_S115,M026,Cocoa Powder,85.64,4.3,-4.51,89,9,3,8.15,23-06-25 19:47:57
S115,Supplier_S115,M207,Acesulfame K,82.86,4.1,-7.4,608,8,0,9.92,23-06-25 19:47:57
S115,Supplier_S115,M273,Barley Malt Extract,97.51,3.6,1.15,981,3,2,9.53,23-06-25 19:47:57
S116,Supplier_S116,M072,Corn Syrup,89.56,3.6,-0.49,164,1,7,3.11,23-06-25 19:47:57
S116,Supplier_S116,M078,Onion Powder,97.91,3.8,-2.07,392,7,6,29.84,23-06-25 19:47:57
S116,Supplier_S116,M159,Disodium Guanylate,79.42,3.2,-2.83,798,6,7,9.25,23-06-25 19:47:57
S116,Supplier_S116,M200,Ascorbic Acid,81.22,3.2,7.94,514,4,6,3.21,23-06-25 19:47:57
S116,Supplier_S116,M240,Sugar,86.66,4.7,-6.08,829,4,7,24.17,23-06-25 19:47:57
S116,Supplier_S116,M249,Annatto Extract,99.17,3.6,-7.5,458,0,3,2.71,23-06-25 19:47:57
S116,Supplier_S116,M356,Modified Starch,93.38,4.8,-6.72,451,4,4,21.47,23-06-25 19:47:57
S116,Supplier_S116,M433,Dextrose,77.01,4.3,-2.82,94,9,8,15.38,23-06-25 19:47:57
S117,Supplier_S117,M013,Onion Powder,90.9,4.5,5.67,687,15,2,5.7,23-06-25 19:47:57
S117,Supplier_S117,M093,Potassium Sorbate,79.38,4.4,4.68,891,11,6,3.92,23-06-25 19:47:57
S117,Supplier_S117,M222,Acetic Acid,87.63,4.8,-8.44,267,12,3,15.49,23-06-25 19:47:57
S117,Supplier_S117,M284,Annatto Extract,87.37,4.9,-8.14,316,10,5,26.93,23-06-25 19:47:57
S117,Supplier_S117,M318,Soy Lecithin,88.47,3.1,-5.95,355,12,5,3.62,23-06-25 19:47:57
S118,Supplier_S118,M051,Fumaric Acid,70.28,4.6,8.02,703,17,2,2.22,23-06-25 19:47:57
S118,Supplier_S118,M061,Barley Malt Extract,71.82,4,-1.97,712,3,7,21.37,23-06-25 19:47:57
S118,Supplier_S118,M100,Potatoes,80.27,3.7,5.44,748,20,4,18.3,23-06-25 19:47:57
S118,Supplier_S118,M143,Tomato Powder,82.89,3.4,-4.63,858,9,5,16.42,23-06-25 19:47:57
S118,Supplier_S118,M176,Sucrose,73.03,3.6,0.71,362,13,4,11.49,23-06-25 19:47:57
S118,Supplier_S118,M315,Sucrose,90.88,4.8,2.61,377,15,1,26.56,23-06-25 19:47:57
S118,Supplier_S118,M396,Cocoa Powder,72.54,3.6,9.64,178,13,0,11.8,23-06-25 19:47:57
S119,Supplier_S119,M004,Corn Syrup,93.05,3.1,6.44,834,10,6,8.03,23-06-25 19:47:57
S119,Supplier_S119,M045,Gum Arabic,82.46,4,-0.56,477,17,2,11.51,23-06-25 19:47:57
S119,Supplier_S119,M297,Sunflower Oil,76.25,4.4,-1.38,455,18,5,16.34,23-06-25 19:47:57
S119,Supplier_S119,M383,Glucono Delta Lactone,89.43,4.4,8.61,549,20,10,15.74,23-06-25 19:47:57
S119,Supplier_S119,M444,Garlic Powder,95.25,3.3,-9.64,112,5,4,3.72,23-06-25 19:47:57
S120,Supplier_S120,M041,Sodium Citrate,98.86,4.7,1.5,983,0,10,24.64,23-06-25 19:47:57
S120,Supplier_S120,M159,Disodium Guanylate,77.95,3.2,-6.85,712,9,9,1.21,23-06-25 19:47:57
S120,Supplier_S120,M246,Corn,86.01,4.8,-0.37,242,2,7,9.24,23-06-25 19:47:57
S120,Supplier_S120,M426,Pectin,74.87,3.9,5.78,53,15,3,27.6,23-06-25 19:47:57
S120,Supplier_S120,M433,Dextrose,89.31,4.6,8.53,110,3,1,10.81,23-06-25 19:47:57
S121,Supplier_S121,M077,Pectin,90.35,4.1,-1.19,797,9,6,15.09,23-06-25 19:47:57
S121,Supplier_S121,M222,Acetic Acid,95.05,3.5,0.89,188,12,10,11.36,23-06-25 19:47:57
S121,Supplier_S121,M324,Barley Malt Extract,84.53,4.8,-7.1,960,19,7,5.34,23-06-25 19:47:57
S121,Supplier_S121,M390,Lactic Acid,90.19,4.5,5.92,828,5,9,6.22,23-06-25 19:47:57
S122,Supplier_S122,M177,Lactic Acid,94.52,3.6,-4.39,513,3,3,4.03,23-06-25 19:47:57
S122,Supplier_S122,M180,Brown Sugar,71.49,4.7,5.6,229,7,10,6.75,23-06-25 19:47:57
S122,Supplier_S122,M214,Disodium Guanylate,86,3.3,-2.18,826,17,4,28.8,23-06-25 19:47:57
S122,Supplier_S122,M246,Corn,87.93,4.3,2.72,587,13,8,19.19,23-06-25 19:47:57
S122,Supplier_S122,M296,Aspartame,80.54,3.9,-6.58,796,11,9,17.24,23-06-25 19:47:57
S122,Supplier_S122,M301,Yeast Extract,75.65,3.8,8.49,870,13,2,8.65,23-06-25 19:47:57
S122,Supplier_S122,M367,Potatoes,79.28,4.9,-2.74,841,3,8,26.01,23-06-25 19:47:57
S122,Supplier_S122,M388,Soy Lecithin,95.79,4.2,-5.97,593,12,0,10.02,23-06-25 19:47:57
S122,Supplier_S122,M395,Ascorbic Acid,77.36,4.5,0.59,816,7,2,24.05,23-06-25 19:47:57
S122,Supplier_S122,M403,Palm Oil,74.71,4.1,8.43,131,19,6,3.31,23-06-25 19:47:57
S122,Supplier_S122,M438,Yeast Extract,86.59,3.1,3.78,510,0,2,5.97,23-06-25 19:47:57
S122,Supplier_S122,M492,Barley Malt Extract,93.48,3.2,4.61,635,5,3,29.78,23-06-25 19:47:57
S123,Supplier_S123,M101,Cheddar Cheese,81.39,5,6.37,987,4,4,1.26,23-06-25 19:47:57
S123,Supplier_S123,M103,Maltodextrin,92.68,3.6,-4.29,70,2,10,17.22,23-06-25 19:47:57
S123,Supplier_S123,M346,Tapioca Starch,80.26,4.4,-9.42,844,3,3,3.86,23-06-25 19:47:57
S123,Supplier_S123,M491,Baking Powder,75.61,3.6,-7.7,279,7,10,24.62,23-06-25 19:47:57
S124,Supplier_S124,M054,Sucrose,74.22,4.9,7.2,751,12,8,10.97,23-06-25 19:47:57
S124,Supplier_S124,M133,Caramel Color,78.86,4.8,-8.28,861,4,5,9.36,23-06-25 19:47:57
S124,Supplier_S124,M196,Monosodium Glutamate,73.39,3.8,-9.08,277,20,5,0.37,23-06-25 19:47:57
S124,Supplier_S124,M223,Skimmed Milk Powder,82.44,3.7,-7.73,701,15,7,6.32,23-06-25 19:47:57
S124,Supplier_S124,M227,Maltodextrin,73.91,4.2,6.55,928,20,6,15.66,23-06-25 19:47:57
S124,Supplier_S124,M391,Natural Flavors,76.28,3.1,-9.64,912,8,5,20.31,23-06-25 19:47:57
S124,Supplier_S124,M454,Maltodextrin,92.86,3.9,-8.34,938,9,9,16.12,23-06-25 19:47:57
S125,Supplier_S125,M034,Tapioca Starch,98.44,3.2,4.4,510,17,3,20.72,23-06-25 19:47:57
S125,Supplier_S125,M120,Modified Starch,70.51,4.6,3.48,835,5,1,27.54,23-06-25 19:47:57
S125,Supplier_S125,M144,Sucralose,83.79,3.2,7.15,461,14,0,29.76,23-06-25 19:47:57
S125,Supplier_S125,M196,Monosodium Glutamate,96.05,4,4.87,751,18,3,29.34,23-06-25 19:47:57
S125,Supplier_S125,M223,Skimmed Milk Powder,89.3,3.4,-6.26,380,19,1,19.83,23-06-25 19:47:57
S125,Supplier_S125,M241,Fumaric Acid,86.86,4.1,-2.03,717,5,0,6.46,23-06-25 19:47:57
S125,Supplier_S125,M266,Pectin,89.57,3.4,2.32,763,16,3,7.27,23-06-25 19:47:57
S125,Supplier_S125,M354,Glucono Delta Lactone,74.42,3.9,-7.56,511,15,3,18.85,23-06-25 19:47:57
S125,Supplier_S125,M389,Dextrose,85.85,3.8,-3.68,75,8,10,12.51,23-06-25 19:47:57
S125,Supplier_S125,M444,Garlic Powder,72.48,4.3,4.27,458,4,7,24.61,23-06-25 19:47:57
S125,Supplier_S125,M471,Sugar,81.75,5,3.19,878,5,0,16.44,23-06-25 19:47:57
S126,Supplier_S126,M088,Vegetable Oil,99.03,5,3.36,736,2,8,16.27,23-06-25 19:47:57
S126,Supplier_S126,M138,Yeast Extract,78.25,4.1,-6.64,478,18,7,16.49,23-06-25 19:47:57
S126,Supplier_S126,M276,Skimmed Milk Powder,99.57,4.7,-0.2,342,14,3,12.83,23-06-25 19:47:57
S126,Supplier_S126,M342,Sodium Citrate,84.28,4.4,-7.61,534,18,0,25.36,23-06-25 19:47:57
S126,Supplier_S126,M352,Onion Powder,82.02,4.2,-7.97,957,5,1,10.91,23-06-25 19:47:57
S126,Supplier_S126,M482,Acetic Acid,71.44,3.6,5.04,195,11,10,29.04,23-06-25 19:47:57
S126,Supplier_S126,M490,Aspartame,80.32,3,3.69,63,10,6,29.29,23-06-25 19:47:57
S127,Supplier_S127,M238,Skimmed Milk Powder,82.7,4.9,-9.35,365,12,10,23.28,23-06-25 19:47:57
S127,Supplier_S127,M286,Ascorbic Acid,76.98,3.6,-6.13,131,0,7,18.76,23-06-25 19:47:57
S128,Supplier_S128,M117,Maltodextrin,87.52,4.4,-4.1,210,10,3,11.4,23-06-25 19:47:57
S128,Supplier_S128,M118,Skimmed Milk Powder,89.64,4.4,-4.85,851,15,10,22.19,23-06-25 19:47:57
S128,Supplier_S128,M337,Pectin,79.94,4.4,-0.52,306,18,10,4.41,23-06-25 19:47:57
S129,Supplier_S129,M272,Modified Starch,76.77,3.7,-2.14,150,2,6,15.62,23-06-25 19:47:57
S129,Supplier_S129,M332,Salt,84.1,4.1,6.51,931,9,7,18.63,23-06-25 19:47:57
S129,Supplier_S129,M349,Caramel Color,72.96,3.4,0.08,734,15,5,20.94,23-06-25 19:47:57
S129,Supplier_S129,M392,Acesulfame K,94.2,3.7,-7.72,242,3,8,6.72,23-06-25 19:47:57
S129,Supplier_S129,M407,Yeast Extract,89.75,4.1,9.25,291,6,3,24.89,23-06-25 19:47:57
S130,Supplier_S130,M219,Monosodium Glutamate,86.55,4.1,9.97,493,20,2,10.97,23-06-25 19:47:57
S130,Supplier_S130,M287,Sunflower Oil,70.87,3.4,-3.39,356,15,7,23.92,23-06-25 19:47:57
S130,Supplier_S130,M443,Tapioca Starch,83.87,3.1,3.89,777,14,6,10.31,23-06-25 19:47:57
S131,Supplier_S131,M075,Tapioca Starch,80.88,3.4,-5.72,980,15,3,6.8,23-06-25 19:47:57
S131,Supplier_S131,M193,Sugar,78.88,3.9,-8,188,1,4,10.81,23-06-25 19:47:57
S131,Supplier_S131,M206,Lactic Acid,86.56,3,-4.97,645,14,3,27.34,23-06-25 19:47:57
S131,Supplier_S131,M262,Lactic Acid,81.01,4.2,-5.34,840,9,1,17.11,23-06-25 19:47:57
S131,Supplier_S131,M354,Glucono Delta Lactone,74.04,3.2,-8.94,79,15,10,0.8,23-06-25 19:47:57
S131,Supplier_S131,M431,Corn,92.54,4.3,0.18,520,16,7,5.37,23-06-25 19:47:57
S131,Supplier_S131,M450,Acetic Acid,96.9,3.6,4.76,785,7,9,2.38,23-06-25 19:47:57
S131,Supplier_S131,M485,Fumaric Acid,88.49,4.8,4.92,741,13,8,22.49,23-06-25 19:47:57
S132,Supplier_S132,M109,Tapioca Starch,94.49,4.5,1.57,56,13,5,21.01,23-06-25 19:47:57
S132,Supplier_S132,M117,Maltodextrin,82.42,4.1,-5.57,159,0,4,16.6,23-06-25 19:47:57
S132,Supplier_S132,M330,Potassium Sorbate,80.92,3.1,-2.34,486,19,0,10.97,23-06-25 19:47:57
S132,Supplier_S132,M344,Tomato Powder,92.99,3.4,-8.11,780,5,8,9.68,23-06-25 19:47:57
S132,Supplier_S132,M359,Caramel Color,87.18,4.6,-8,701,6,5,14.9,23-06-25 19:47:57
S132,Supplier_S132,M382,Acesulfame K,92.69,4.6,2.28,454,20,6,2.79,23-06-25 19:47:57
S132,Supplier_S132,M384,Sodium Citrate,87.57,4.5,-9.67,768,14,2,23.59,23-06-25 19:47:57
S133,Supplier_S133,M085,Whey Protein,91.81,3.2,2.05,852,5,8,8.81,23-06-25 19:47:57
S133,Supplier_S133,M149,Cocoa Powder,85.29,4.5,-4.09,65,7,7,11.58,23-06-25 19:47:57
S133,Supplier_S133,M197,Caramel Color,91.02,3.2,3.23,264,15,5,19.91,23-06-25 19:47:57
S133,Supplier_S133,M211,Fumaric Acid,85.42,4.9,-6.65,989,17,8,0.22,23-06-25 19:47:57
S133,Supplier_S133,M236,Corn Syrup,91.02,3.5,-4.25,418,10,1,16.64,23-06-25 19:47:57
S133,Supplier_S133,M239,Salt,88.39,3.7,-0.02,225,13,5,10.95,23-06-25 19:47:57
S133,Supplier_S133,M278,Sodium Bicarbonate,75.7,3.9,7.69,802,9,7,4.99,23-06-25 19:47:57
S133,Supplier_S133,M291,Sugar,99.78,3.4,-9.27,406,16,1,0.12,23-06-25 19:47:57
S133,Supplier_S133,M396,Cocoa Powder,71.11,4.8,-6.98,598,1,10,29.4,23-06-25 19:47:57
S133,Supplier_S133,M401,Aspartame,72.46,3.1,7.77,497,6,7,2.34,23-06-25 19:47:57
S133,Supplier_S133,M402,Citric Acid,91.33,3.3,4.09,893,16,1,20.83,23-06-25 19:47:57
S133,Supplier_S133,M425,Garlic Powder,89.73,3.3,-5.25,848,17,0,12.66,23-06-25 19:47:57
S133,Supplier_S133,M439,Sugar,79.8,4.8,-2.18,123,4,8,12.55,23-06-25 19:47:57
S134,Supplier_S134,M033,Vanillin,77.32,3.9,2.21,398,10,0,14.83,23-06-25 19:47:57
S134,Supplier_S134,M073,Salt,78.52,4.4,3.13,938,19,2,10,23-06-25 19:47:57
S134,Supplier_S134,M174,Natural Flavors,90.61,4.9,1.45,251,15,4,2.37,23-06-25 19:47:57
S134,Supplier_S134,M176,Sucrose,74.49,4.1,1.65,997,3,1,16.88,23-06-25 19:47:57
S134,Supplier_S134,M191,Whey Protein,73.53,3.2,-7.87,213,19,3,23.34,23-06-25 19:47:57
S134,Supplier_S134,M197,Caramel Color,89.24,3.3,6.53,923,19,0,0.35,23-06-25 19:47:57
S134,Supplier_S134,M205,Potatoes,86.24,3.7,-0.95,640,17,3,22.27,23-06-25 19:47:57
S134,Supplier_S134,M209,Annatto Extract,93.59,3.3,0.86,423,2,5,6.64,23-06-25 19:47:57
S134,Supplier_S134,M288,Glucono Delta Lactone,80.17,3.8,0.69,179,18,9,11.69,23-06-25 19:47:57
S134,Supplier_S134,M292,Sodium Benzoate,89.77,3.6,1.55,329,20,3,9.63,23-06-25 19:47:57
S134,Supplier_S134,M365,Cocoa Powder,94.87,4.9,8.63,267,15,1,7.14,23-06-25 19:47:57
S134,Supplier_S134,M420,Disodium Inosinate,87.37,3.2,-8.79,44,12,5,26.7,23-06-25 19:47:57
S134,Supplier_S134,M484,Potassium Sorbate,74.95,3.1,4.87,577,15,0,28.86,23-06-25 19:47:57
S135,Supplier_S135,M048,Aspartame,95.57,4.7,-2.4,334,20,7,26.17,23-06-25 19:47:57
S135,Supplier_S135,M067,Paprika Extract,71.36,3.8,1.99,17,6,4,28.36,23-06-25 19:47:57
S135,Supplier_S135,M073,Salt,71.57,4.3,-3.31,347,3,8,20.35,23-06-25 19:47:57
S135,Supplier_S135,M090,Sodium Bicarbonate,82.28,4.1,-7.49,334,20,1,13.5,23-06-25 19:47:57
S135,Supplier_S135,M119,Sodium Bicarbonate,95.17,3.1,6.36,59,0,6,4.12,23-06-25 19:47:57
S135,Supplier_S135,M285,Salt,72.63,4.4,2.1,817,9,6,18.27,23-06-25 19:47:57
S135,Supplier_S135,M310,Aspartame,90.56,3.7,4.51,267,6,0,0.71,23-06-25 19:47:57
S135,Supplier_S135,M332,Salt,94,4.9,6.18,973,2,3,26.76,23-06-25 19:47:57
S135,Supplier_S135,M429,Acetic Acid,96.45,4.8,-8.69,157,4,3,5.75,23-06-25 19:47:57
S136,Supplier_S136,M164,Baking Powder,87.52,3.5,-6.81,263,7,4,16.01,23-06-25 19:47:57
S137,Supplier_S137,M100,Potatoes,75.77,3.5,1.16,240,9,4,21.15,23-06-25 19:47:57
S137,Supplier_S137,M297,Sunflower Oil,87.72,3.5,-5.13,172,15,6,1.98,23-06-25 19:47:57
S137,Supplier_S137,M299,Sucralose,88.47,3.9,-5.89,908,10,4,17.11,23-06-25 19:47:57
S137,Supplier_S137,M362,Disodium Inosinate,95.81,4.8,2.68,876,13,4,24.71,23-06-25 19:47:57
S138,Supplier_S138,M021,Barley Malt Extract,87.9,3.7,5.73,456,19,8,3.47,23-06-25 19:47:57
S138,Supplier_S138,M055,Ascorbic Acid,88.3,4.3,2.71,485,9,10,12.25,23-06-25 19:47:57
S138,Supplier_S138,M111,Annatto Extract,74.65,3.4,7.5,793,3,0,24.28,23-06-25 19:47:57
S138,Supplier_S138,M141,Sodium Benzoate,74.07,4.5,-1.77,70,8,10,3.81,23-06-25 19:47:57
S138,Supplier_S138,M174,Natural Flavors,88.61,3.2,5.14,187,5,3,24.25,23-06-25 19:47:57
S138,Supplier_S138,M236,Corn Syrup,75.35,3.6,-5.63,597,8,2,28.41,23-06-25 19:47:57
S138,Supplier_S138,M360,Aspartame,78.62,3.1,9.92,421,7,9,22.29,23-06-25 19:47:57
S138,Supplier_S138,M414,Baking Powder,96.78,4.6,-1.1,136,11,6,24.82,23-06-25 19:47:57
S138,Supplier_S138,M430,Baking Powder,93.69,3.7,-8.93,824,8,2,25.55,23-06-25 19:47:57
S138,Supplier_S138,M449,Sucrose,92.85,4.4,9.56,692,15,1,10.05,23-06-25 19:47:57
S138,Supplier_S138,M489,Acetic Acid,70.17,4.8,4.18,123,6,4,1.21,23-06-25 19:47:57
S139,Supplier_S139,M314,Tapioca Starch,70.1,4.9,6.36,503,3,9,16.06,23-06-25 19:47:57
S139,Supplier_S139,M316,Cocoa Powder,79.23,4.1,6.69,470,0,0,10.18,23-06-25 19:47:57
S139,Supplier_S139,M331,Maltodextrin,89.47,4.5,5.05,902,6,3,9.61,23-06-25 19:47:57
S139,Supplier_S139,M399,Sugar,77.76,4.7,-3.92,442,16,1,21.96,23-06-25 19:47:57
S139,Supplier_S139,M411,Vegetable Oil,94.38,4.9,2.41,678,5,0,1.81,23-06-25 19:47:57
S140,Supplier_S140,M173,Onion Powder,90.04,4.6,-1.72,784,18,3,16.61,23-06-25 19:47:57
S140,Supplier_S140,M282,Glucono Delta Lactone,96.48,3.5,1.78,497,14,6,13.26,23-06-25 19:47:57
S141,Supplier_S141,M026,Cocoa Powder,92.31,3.9,-4.82,263,20,4,22.97,23-06-25 19:47:57
S141,Supplier_S141,M108,Dextrose,90.41,4.4,-0.22,930,16,7,24.26,23-06-25 19:47:57
S141,Supplier_S141,M118,Skimmed Milk Powder,83.82,4.5,-2.96,153,17,7,5.52,23-06-25 19:47:57
S141,Supplier_S141,M231,Sucralose,90.54,3.1,-2.22,661,0,1,24.7,23-06-25 19:47:57
S141,Supplier_S141,M252,Baking Powder,76.53,3.2,2.66,342,0,2,23.83,23-06-25 19:47:57
S141,Supplier_S141,M287,Sunflower Oil,89.37,4,2.54,923,17,5,13.87,23-06-25 19:47:57
S142,Supplier_S142,M047,Acesulfame K,89.91,4.6,9.62,517,1,2,15.07,23-06-25 19:47:57
S142,Supplier_S142,M202,Disodium Guanylate,95.16,4,0.17,953,5,9,5.21,23-06-25 19:47:57
S142,Supplier_S142,M215,Paprika Extract,74.24,3.1,1.45,413,17,8,28.41,23-06-25 19:47:57
S142,Supplier_S142,M262,Lactic Acid,87.12,4.1,-8.11,481,11,2,4.15,23-06-25 19:47:57
S143,Supplier_S143,M097,Disodium Guanylate,74.33,4.2,-1.97,51,1,0,4.11,23-06-25 19:47:57
S143,Supplier_S143,M137,Barley Malt Extract,84.69,3.3,-3.71,471,19,0,25.97,23-06-25 19:47:57
S143,Supplier_S143,M215,Paprika Extract,79.14,4.5,8.07,362,6,6,27.17,23-06-25 19:47:57
S143,Supplier_S143,M262,Lactic Acid,87.07,3.4,-8.46,342,15,2,14.65,23-06-25 19:47:57
S143,Supplier_S143,M298,Cheddar Cheese,87.89,4.6,-3.45,670,1,1,6.53,23-06-25 19:47:57
S143,Supplier_S143,M351,Sodium Citrate,82.84,4.7,7.9,831,15,10,11.02,23-06-25 19:47:57
S144,Supplier_S144,M096,Acesulfame K,99.67,4.4,-7.62,109,12,5,23.85,23-06-25 19:47:57
S144,Supplier_S144,M102,Pectin,74.12,4.2,1.74,258,1,10,27.16,23-06-25 19:47:57
S144,Supplier_S144,M127,Disodium Inosinate,79.03,4,-8.73,455,8,6,8.99,23-06-25 19:47:57
S144,Supplier_S144,M402,Citric Acid,98.43,4.5,-1.66,176,4,8,3.81,23-06-25 19:47:57
S145,Supplier_S145,M029,Disodium Inosinate,79.82,3.9,-3.25,910,12,4,22.56,23-06-25 19:47:57
S145,Supplier_S145,M032,Annatto Extract,80.42,3.9,-2.59,528,20,5,0.38,23-06-25 19:47:57
S145,Supplier_S145,M098,Cocoa Powder,96.96,4.7,2.59,621,15,4,29.01,23-06-25 19:47:57
S145,Supplier_S145,M144,Sucralose,93.65,4.8,5.25,57,3,10,23.52,23-06-25 19:47:57
S145,Supplier_S145,M156,Sodium Bicarbonate,82.3,3.5,-3.07,869,0,5,0.04,23-06-25 19:47:57
S145,Supplier_S145,M221,Gum Arabic,92.84,3.5,-4.71,249,1,10,6.2,23-06-25 19:47:57
S146,Supplier_S146,M005,Potatoes,79.44,4.3,-2.09,946,20,7,4.29,23-06-25 19:47:57
S146,Supplier_S146,M039,Sodium Benzoate,88.29,4.5,8.95,222,20,3,7.94,23-06-25 19:47:57
S146,Supplier_S146,M096,Acesulfame K,75.84,4.1,-8.53,526,14,8,8.39,23-06-25 19:47:57
S146,Supplier_S146,M105,Potassium Sorbate,75.79,4.2,2.77,425,13,8,9.84,23-06-25 19:47:57
S146,Supplier_S146,M124,Cheddar Cheese,90.31,4.1,-2.32,767,4,1,15.02,23-06-25 19:47:57
S146,Supplier_S146,M150,Disodium Inosinate,70.41,3.4,8.45,981,12,8,8.59,23-06-25 19:47:57
S146,Supplier_S146,M255,Annatto Extract,86.31,3.6,-0.63,898,19,8,4.81,23-06-25 19:47:57
S146,Supplier_S146,M295,Caramel Color,94.39,4.8,-0.63,476,9,10,19.33,23-06-25 19:47:57
S146,Supplier_S146,M303,Garlic Powder,96.7,3.2,-0.55,769,2,10,19.01,23-06-25 19:47:57
S146,Supplier_S146,M325,Sucrose,76.6,3.6,-6.86,823,20,9,27.17,23-06-25 19:47:57
S146,Supplier_S146,M335,Cocoa Powder,75.15,3.5,-0.32,305,1,2,10.59,23-06-25 19:47:57
S146,Supplier_S146,M341,Acetic Acid,94.79,4.7,-3.92,582,14,3,0.81,23-06-25 19:47:57
S146,Supplier_S146,M357,Yeast Extract,92.99,3.6,-8.77,614,1,2,25.11,23-06-25 19:47:57
S146,Supplier_S146,M359,Caramel Color,78,4.4,1.76,334,12,9,11.71,23-06-25 19:47:57
S146,Supplier_S146,M372,Yeast Extract,76.73,3.4,8.92,842,8,4,22.39,23-06-25 19:47:57
S146,Supplier_S146,M437,Glucono Delta Lactone,97.66,3.3,9.05,348,18,10,23.97,23-06-25 19:47:57
S147,Supplier_S147,M072,Corn Syrup,96.97,3.7,4.29,526,20,2,1.17,23-06-25 19:47:57
S147,Supplier_S147,M087,Sugar,85.88,3.8,2.99,265,3,0,22.07,23-06-25 19:47:57
S147,Supplier_S147,M154,Vegetable Oil,91.68,3.5,0.18,55,0,3,1.38,23-06-25 19:47:57
S147,Supplier_S147,M168,Whey Protein,94.26,4.2,2.79,116,15,2,9.94,23-06-25 19:47:57
S147,Supplier_S147,M177,Lactic Acid,71.12,3.6,-7.12,633,12,0,11.87,23-06-25 19:47:57
S147,Supplier_S147,M305,Tomato Powder,89.69,3.6,4.75,37,9,7,2.48,23-06-25 19:47:57
S147,Supplier_S147,M327,Pectin,82.53,3.1,9.83,761,16,0,12.77,23-06-25 19:47:57
S147,Supplier_S147,M400,Milk Solids,98.13,4.3,6.89,249,11,4,8.54,23-06-25 19:47:57
S147,Supplier_S147,M406,Paprika Extract,93.88,4.4,1.22,136,20,8,2.55,23-06-25 19:47:57
S148,Supplier_S148,M064,Sodium Citrate,94.55,4.2,2.85,36,19,10,24.88,23-06-25 19:47:57
S148,Supplier_S148,M142,Palm Oil,78.06,3.8,-0.96,658,2,6,15.47,23-06-25 19:47:57
S148,Supplier_S148,M242,Modified Starch,89.47,3.3,5.61,373,10,10,15.31,23-06-25 19:47:57
S148,Supplier_S148,M283,Whey Protein,74.84,3.6,3.22,726,19,9,23.62,23-06-25 19:47:57
S148,Supplier_S148,M336,Corn Syrup,80.32,3.7,0.8,176,17,4,3.64,23-06-25 19:47:57
S149,Supplier_S149,M031,Monosodium Glutamate,97.87,4.2,8.16,394,12,3,2.28,23-06-25 19:47:57
S149,Supplier_S149,M317,Disodium Guanylate,97.54,3.1,4.03,143,0,2,18.98,23-06-25 19:47:57
S149,Supplier_S149,M343,Sodium Benzoate,74.38,3.9,3.87,375,5,0,8.18,23-06-25 19:47:57
S149,Supplier_S149,M375,Brown Sugar,77.81,4,8.61,908,14,2,2.69,23-06-25 19:47:57
S150,Supplier_S150,M182,Garlic Powder,85.35,4.3,6.87,393,17,10,17.81,23-06-25 19:47:57
S150,Supplier_S150,M324,Barley Malt Extract,81.2,3.9,-6.12,377,8,3,10.08,23-06-25 19:47:57
S150,Supplier_S150,M358,Milk Solids,71.69,3.5,-5.31,329,18,1,27.31,23-06-25 19:47:57
S150,Supplier_S150,M378,Milk Solids,85.78,4.1,-1.67,88,7,7,20.31,23-06-25 19:47:57
S150,Supplier_S150,M432,Maltodextrin,82.75,3.8,-6.86,872,11,4,16.52,23-06-25 19:47:57
S151,Supplier_S151,M002,Salt,88.11,4.6,4.59,559,3,6,2.36,23-06-25 19:47:57
S151,Supplier_S151,M136,Modified Starch,85.32,3.8,-7.24,402,13,2,14.6,23-06-25 19:47:57
S151,Supplier_S151,M148,Milk Solids,81.52,4.9,-3.71,153,7,4,19.34,23-06-25 19:47:57
S151,Supplier_S151,M167,Monosodium Glutamate,79.05,3.3,-6.85,981,13,10,28.82,23-06-25 19:47:57
S151,Supplier_S151,M180,Brown Sugar,76.2,4.3,0.27,895,0,7,27.35,23-06-25 19:47:57
S151,Supplier_S151,M220,Potatoes,70.32,3.5,9.28,638,5,8,4.21,23-06-25 19:47:57
S151,Supplier_S151,M402,Citric Acid,93.36,4.7,1.69,661,13,7,20.67,23-06-25 19:47:57
S151,Supplier_S151,M425,Garlic Powder,75.86,3.4,8.17,814,2,5,5.68,23-06-25 19:47:57
S151,Supplier_S151,M459,Pectin,82.35,4.8,4.55,101,3,10,17.18,23-06-25 19:47:57
S151,Supplier_S151,M482,Acetic Acid,85.87,4.4,7.31,574,8,9,2.97,23-06-25 19:47:57
S152,Supplier_S152,M029,Disodium Inosinate,70.81,4.3,-7.29,482,5,0,7.8,23-06-25 19:47:57
S152,Supplier_S152,M146,Salt,82.67,3.3,-8.58,402,2,1,3.1,23-06-25 19:47:57
S152,Supplier_S152,M399,Sugar,95.25,3.5,0.15,136,1,10,28.24,23-06-25 19:47:57
S153,Supplier_S153,M014,Garlic Powder,90.26,3.5,-7.6,921,18,3,17.37,23-06-25 19:47:57
S153,Supplier_S153,M059,Sunflower Oil,78.32,5,9.75,563,8,2,3.3,23-06-25 19:47:57
S153,Supplier_S153,M129,Potatoes,99.06,3.6,3.9,512,18,3,9.78,23-06-25 19:47:57
S153,Supplier_S153,M141,Sodium Benzoate,79.71,4.4,-4.21,283,16,10,24.46,23-06-25 19:47:57
S153,Supplier_S153,M190,Caramel Color,89.86,4.3,-9.61,716,3,6,13.33,23-06-25 19:47:57
S153,Supplier_S153,M263,Fumaric Acid,79.01,4.5,1.53,90,1,5,10.44,23-06-25 19:47:57
S153,Supplier_S153,M423,Palm Oil,77.69,3.8,4.49,465,5,3,4.13,23-06-25 19:47:57
S154,Supplier_S154,M181,Garlic Powder,76.71,4.2,8.86,739,20,4,12.71,23-06-25 19:47:57
S154,Supplier_S154,M183,Corn,77.78,3.8,-2.23,46,18,9,24.48,23-06-25 19:47:57
S154,Supplier_S154,M412,Potatoes,78.44,3.3,0.68,81,9,1,11.86,23-06-25 19:47:57
S154,Supplier_S154,M422,Disodium Guanylate,88.72,3.9,-0.72,448,19,9,3.04,23-06-25 19:47:57
S154,Supplier_S154,M426,Pectin,89.16,4.4,-0.67,228,7,7,22.04,23-06-25 19:47:57
S154,Supplier_S154,M498,Aspartame,90.81,4.5,-2.05,711,17,8,29.15,23-06-25 19:47:57
S155,Supplier_S155,M017,Sodium Bicarbonate,80.29,4.4,7.06,527,15,4,27.16,23-06-25 19:47:57
S155,Supplier_S155,M199,Maltodextrin,89.13,4.8,1.25,680,14,5,10.9,23-06-25 19:47:57
S155,Supplier_S155,M273,Barley Malt Extract,86.27,3.4,-7.23,564,6,2,9.27,23-06-25 19:47:57
S155,Supplier_S155,M311,Corn Syrup,77.6,3.9,8.72,664,14,4,23.08,23-06-25 19:47:57
S155,Supplier_S155,M462,Corn,81.12,4.8,9.99,846,7,5,19.95,23-06-25 19:47:57
S155,Supplier_S155,M481,Pectin,72.94,5,-5.56,984,3,1,5.27,23-06-25 19:47:57
S156,Supplier_S156,M149,Cocoa Powder,77.23,4.3,-8.58,920,0,5,28.02,23-06-25 19:47:57
S156,Supplier_S156,M177,Lactic Acid,96.37,4.4,-9.01,496,8,5,0.61,23-06-25 19:47:57
S156,Supplier_S156,M203,Citric Acid,77.45,3.8,-3.14,311,14,2,4.15,23-06-25 19:47:57
S156,Supplier_S156,M261,Ascorbic Acid,99.8,3.6,-3.99,237,6,5,0.65,23-06-25 19:47:57
S156,Supplier_S156,M277,Natural Flavors,94.73,4.4,-2.12,971,18,9,16.08,23-06-25 19:47:57
S156,Supplier_S156,M282,Glucono Delta Lactone,94.76,3.1,-7.03,678,11,0,4.36,23-06-25 19:47:57
S156,Supplier_S156,M416,Tomato Powder,75.11,3.4,4.78,698,19,9,5.27,23-06-25 19:47:57
S157,Supplier_S157,M132,Pectin,81.22,3.9,3.59,717,16,2,10.35,23-06-25 19:47:57
S157,Supplier_S157,M136,Modified Starch,73.43,3.7,-0.84,186,9,9,17.71,23-06-25 19:47:57
S157,Supplier_S157,M275,Acesulfame K,80.78,4.4,-0.47,524,19,7,21.36,23-06-25 19:47:57
S157,Supplier_S157,M279,Sugar,85.51,3.3,6.6,472,2,8,3.4,23-06-25 19:47:57
S157,Supplier_S157,M286,Ascorbic Acid,86.81,4.3,-9.77,216,9,4,23.71,23-06-25 19:47:57
S157,Supplier_S157,M304,Cheddar Cheese,86.05,3,-0.92,937,15,9,22.01,23-06-25 19:47:57
S157,Supplier_S157,M309,Salt,83.83,4.4,-5.16,698,18,3,15.6,23-06-25 19:47:57
S157,Supplier_S157,M318,Soy Lecithin,90.52,4.1,-3.57,997,6,0,17.79,23-06-25 19:47:57
S158,Supplier_S158,M107,Vanillin,86.48,3.9,0.75,690,6,3,20.41,23-06-25 19:47:57
S158,Supplier_S158,M112,Soy Lecithin,77.22,3.1,1.88,467,19,10,21.1,23-06-25 19:47:57
S158,Supplier_S158,M231,Sucralose,84.15,4.2,-8.24,279,7,5,2.4,23-06-25 19:47:57
S159,Supplier_S159,M003,Citric Acid,95.99,3.8,-0.93,864,11,2,11.11,23-06-25 19:47:57
S159,Supplier_S159,M039,Sodium Benzoate,72.44,3.5,1.04,170,0,6,13.52,23-06-25 19:47:57
S159,Supplier_S159,M049,Sucralose,77.04,4.4,-4.25,242,2,6,29.35,23-06-25 19:47:57
S159,Supplier_S159,M199,Maltodextrin,71.63,3.4,-0.91,583,19,9,14.19,23-06-25 19:47:57
S159,Supplier_S159,M238,Skimmed Milk Powder,96.94,4.8,1.49,291,15,2,29.53,23-06-25 19:47:57
S159,Supplier_S159,M249,Annatto Extract,91.01,4,-3.59,165,1,8,0.66,23-06-25 19:47:57
S159,Supplier_S159,M321,Barley Malt Extract,95.88,5,0.15,485,20,10,6.24,23-06-25 19:47:57
S160,Supplier_S160,M293,Paprika Extract,86.22,3.1,-9.42,934,1,1,11.51,23-06-25 19:47:57
S160,Supplier_S160,M429,Acetic Acid,81.35,3.7,1.99,661,7,0,22.89,23-06-25 19:47:57
S161,Supplier_S161,M003,Citric Acid,87.32,4.4,-9.08,243,9,1,25.66,23-06-25 19:47:57
S161,Supplier_S161,M040,Potassium Sorbate,97.25,4.7,-8.57,179,9,9,22.47,23-06-25 19:47:57
S161,Supplier_S161,M071,Sucralose,83.19,3.9,2.63,825,8,9,1.69,23-06-25 19:47:57
S161,Supplier_S161,M188,Vanillin,77.46,4.4,-3.11,142,3,6,15.1,23-06-25 19:47:57
S161,Supplier_S161,M474,Gum Arabic,82.12,3.1,-5.18,510,9,9,28.64,23-06-25 19:47:57
S162,Supplier_S162,M142,Palm Oil,78.35,4.9,-2.62,983,15,5,17.46,23-06-25 19:47:57
S162,Supplier_S162,M161,Glucono Delta Lactone,83.83,3.3,1.48,851,12,7,0.88,23-06-25 19:47:57
S162,Supplier_S162,M406,Paprika Extract,98.66,4.1,5.15,990,18,8,5.68,23-06-25 19:47:57
S162,Supplier_S162,M452,Yeast Extract,82.79,3.9,-6.72,212,7,6,5.29,23-06-25 19:47:57
S162,Supplier_S162,M457,Salt,90.43,3.5,2.04,984,5,0,3.5,23-06-25 19:47:57
S162,Supplier_S162,M475,Yeast Extract,85.29,3,1.46,596,15,4,20.81,23-06-25 19:47:57
S162,Supplier_S162,M487,Barley Malt Extract,71.06,3.9,2.35,509,1,5,0.18,23-06-25 19:47:57
S163,Supplier_S163,M082,Soy Lecithin,89.71,3.2,1.64,784,10,2,1.33,23-06-25 19:47:57
S163,Supplier_S163,M264,Paprika Extract,88.97,3.1,0.49,336,17,9,4.49,23-06-25 19:47:57
S163,Supplier_S163,M413,Skimmed Milk Powder,70.13,3,-6.53,579,15,6,16.14,23-06-25 19:47:57
S164,Supplier_S164,M086,Caramel Color,90.14,3.8,0.26,777,5,0,4.28,23-06-25 19:47:57
S164,Supplier_S164,M243,Natural Flavors,80.31,3.6,3.06,737,8,9,19.34,23-06-25 19:47:57
S164,Supplier_S164,M362,Disodium Inosinate,76.02,3.9,-5.19,774,9,6,12.31,23-06-25 19:47:57
S164,Supplier_S164,M432,Maltodextrin,71.1,3.4,-5.94,893,7,6,6.56,23-06-25 19:47:57
S164,Supplier_S164,M450,Acetic Acid,74.13,4,-5.96,394,6,10,1.14,23-06-25 19:47:57
S165,Supplier_S165,M061,Barley Malt Extract,83.31,4.8,-3.56,161,2,2,8.25,23-06-25 19:47:57
S165,Supplier_S165,M173,Onion Powder,83.95,3.5,-4.63,73,4,10,2.9,23-06-25 19:47:57
S165,Supplier_S165,M263,Fumaric Acid,94.51,3.8,7.36,900,7,10,25.48,23-06-25 19:47:57
S165,Supplier_S165,M316,Cocoa Powder,80.13,4.4,-1.89,226,20,10,15.69,23-06-25 19:47:57
S165,Supplier_S165,M458,Onion Powder,97.51,3.8,1.72,932,2,8,27.3,23-06-25 19:47:57
S165,Supplier_S165,M467,Aspartame,81.31,4.4,4.72,400,20,10,23.55,23-06-25 19:47:57
S166,Supplier_S166,M132,Pectin,72.96,3.4,4.94,581,18,9,6.63,23-06-25 19:47:57
S166,Supplier_S166,M212,Potassium Sorbate,90.58,3,4.34,48,2,1,1.63,23-06-25 19:47:57
S166,Supplier_S166,M224,Milk Solids,70.67,3.1,1.47,174,4,10,15.38,23-06-25 19:47:57
S166,Supplier_S166,M254,Soy Lecithin,86.09,3.2,-0.24,334,17,10,22.7,23-06-25 19:47:57
S166,Supplier_S166,M322,Citric Acid,71.57,4.1,-6.84,39,15,8,3.48,23-06-25 19:47:57
S167,Supplier_S167,M012,Tomato Powder,84.44,4.7,8.05,178,12,0,29.56,23-06-25 19:47:57
S167,Supplier_S167,M030,Disodium Guanylate,88.64,3.5,-0.53,127,18,3,13.95,23-06-25 19:47:57
S167,Supplier_S167,M103,Maltodextrin,86.05,4.4,8.73,945,5,6,26.47,23-06-25 19:47:57
S167,Supplier_S167,M129,Potatoes,79.01,4.2,3.91,500,10,2,28.94,23-06-25 19:47:57
S167,Supplier_S167,M204,Modified Starch,86.87,4.2,8.85,737,13,10,22.44,23-06-25 19:47:57
S167,Supplier_S167,M242,Modified Starch,93.24,3.9,-8.43,638,9,7,18.95,23-06-25 19:47:57
S167,Supplier_S167,M280,Sodium Bicarbonate,85.71,3.8,5.82,533,19,2,11.36,23-06-25 19:47:57
S167,Supplier_S167,M309,Salt,90.33,5,-3.73,20,0,1,0.36,23-06-25 19:47:57
S167,Supplier_S167,M432,Maltodextrin,74.03,3.2,-1.11,370,7,9,1.23,23-06-25 19:47:57
S167,Supplier_S167,M480,Salt,86.91,4.3,0.23,177,13,2,9.49,23-06-25 19:47:57
S167,Supplier_S167,M496,Lactic Acid,87.6,4.8,3.09,205,6,7,27.77,23-06-25 19:47:57
S168,Supplier_S168,M057,Glucono Delta Lactone,76.52,3.9,-5.28,381,3,10,11.02,23-06-25 19:47:57
S168,Supplier_S168,M106,Paprika Extract,85.08,4.8,4.07,328,3,10,27.48,23-06-25 19:47:57
S168,Supplier_S168,M229,Tomato Powder,77.61,4.7,-1.53,384,19,4,29.75,23-06-25 19:47:57
S168,Supplier_S168,M233,Vegetable Oil,99.27,3.2,-4.48,419,11,10,11.85,23-06-25 19:47:57
S168,Supplier_S168,M258,Corn,92.3,4.8,6.44,823,1,9,7.97,23-06-25 19:47:57
S168,Supplier_S168,M386,Corn Syrup,94.39,4.2,3.81,996,12,4,2.63,23-06-25 19:47:57
S168,Supplier_S168,M475,Yeast Extract,72.84,4.2,-2.32,670,13,4,17.14,23-06-25 19:47:57
S169,Supplier_S169,M011,Cheddar Cheese,86.09,3.3,-6.33,483,7,1,13.29,23-06-25 19:47:57
S169,Supplier_S169,M120,Modified Starch,70.2,4.1,-9.76,552,8,8,29.32,23-06-25 19:47:57
S169,Supplier_S169,M131,Disodium Guanylate,80.79,4.8,0.74,663,2,1,23.07,23-06-25 19:47:57
S169,Supplier_S169,M227,Maltodextrin,81.11,3.1,0.6,244,15,6,10.52,23-06-25 19:47:57
S169,Supplier_S169,M302,Dextrose,72.54,4.3,-1.68,476,19,6,18.7,23-06-25 19:47:57
S169,Supplier_S169,M422,Disodium Guanylate,89.53,4.4,-9.48,539,10,9,5.77,23-06-25 19:47:57
S169,Supplier_S169,M483,Corn Syrup,74.28,4.1,-4.65,950,20,5,21.23,23-06-25 19:47:57
S170,Supplier_S170,M029,Disodium Inosinate,94.96,3.5,-8.36,29,17,0,30,23-06-25 19:47:57
S170,Supplier_S170,M035,Brown Sugar,83.61,3.6,-5.39,748,6,5,3.59,23-06-25 19:47:57
S170,Supplier_S170,M158,Gum Arabic,78.16,3.1,-5.95,808,18,1,4.66,23-06-25 19:47:57
S170,Supplier_S170,M191,Whey Protein,78.1,4.2,-7.26,860,3,8,21.56,23-06-25 19:47:57
S170,Supplier_S170,M270,Barley Malt Extract,96.5,3.8,9.6,530,3,5,14.54,23-06-25 19:47:57
S170,Supplier_S170,M307,Vanillin,91.78,3.3,1.56,872,11,0,19.27,23-06-25 19:47:57
S170,Supplier_S170,M355,Lactic Acid,85.6,4,-0.68,310,15,7,15.14,23-06-25 19:47:57
S171,Supplier_S171,M019,Paprika Extract,80.61,4.1,7.49,645,4,3,25.94,23-06-25 19:47:57
S171,Supplier_S171,M051,Fumaric Acid,79.06,5,7.07,119,7,6,17.16,23-06-25 19:47:57
S171,Supplier_S171,M067,Paprika Extract,93.02,4.5,-4.21,132,0,7,22.41,23-06-25 19:47:57
S171,Supplier_S171,M283,Whey Protein,95.14,3.6,8.41,60,3,6,29.81,23-06-25 19:47:57
S171,Supplier_S171,M365,Cocoa Powder,73.67,4.6,-3.41,608,12,3,28.07,23-06-25 19:47:57
S171,Supplier_S171,M391,Natural Flavors,73.87,3.4,2.11,113,13,7,9.11,23-06-25 19:47:57
S171,Supplier_S171,M447,Gum Arabic,91.72,3.1,0.25,845,10,5,16.86,23-06-25 19:47:57
S172,Supplier_S172,M015,Maltodextrin,79.43,3.5,-7.38,670,9,7,9.49,23-06-25 19:47:57
S172,Supplier_S172,M020,Natural Flavors,78,4.6,-7.84,903,1,7,6.67,23-06-25 19:47:57
S172,Supplier_S172,M210,Maltodextrin,90.48,3.6,8.32,977,3,6,7.7,23-06-25 19:47:57
S172,Supplier_S172,M339,Sodium Bicarbonate,97.25,3.7,-7.04,884,13,5,11.58,23-06-25 19:47:57
S173,Supplier_S173,M105,Potassium Sorbate,82.02,3.2,9.63,498,10,3,0.2,23-06-25 19:47:57
S173,Supplier_S173,M154,Vegetable Oil,80.92,4.8,-6.42,993,1,8,24.09,23-06-25 19:47:57
S173,Supplier_S173,M330,Potassium Sorbate,75.26,4.1,-8.66,736,6,2,29.44,23-06-25 19:47:57
S173,Supplier_S173,M350,Brown Sugar,82.23,4.5,-3.71,487,3,8,4.08,23-06-25 19:47:57
S173,Supplier_S173,M352,Onion Powder,90.16,3.8,0.45,702,2,1,4.3,23-06-25 19:47:57
S173,Supplier_S173,M465,Acesulfame K,86.22,3.5,-6.59,976,2,1,13.05,23-06-25 19:47:57
S173,Supplier_S173,M486,Sucrose,71.53,4,-6.59,125,10,10,7.49,23-06-25 19:47:57
S174,Supplier_S174,M021,Barley Malt Extract,98.18,3.2,9.41,192,18,4,1.15,23-06-25 19:47:57
S174,Supplier_S174,M023,Lactic Acid,88.47,3.6,0.96,10,9,4,6.31,23-06-25 19:47:57
S174,Supplier_S174,M291,Sugar,97.97,4.4,1.89,99,10,7,26.68,23-06-25 19:47:57
S174,Supplier_S174,M339,Sodium Bicarbonate,99.28,3.8,-0.19,627,19,8,28.3,23-06-25 19:47:57
S174,Supplier_S174,M383,Glucono Delta Lactone,78.72,3.9,8.14,499,9,2,29.53,23-06-25 19:47:57
S174,Supplier_S174,M417,Tapioca Starch,82.81,4.3,3,884,10,6,25.33,23-06-25 19:47:57
S174,Supplier_S174,M473,Caramel Color,81.3,5,3.59,182,1,1,10.67,23-06-25 19:47:57
S174,Supplier_S174,M485,Fumaric Acid,74.09,4,3.7,703,17,1,12.16,23-06-25 19:47:57
S175,Supplier_S175,M099,Ascorbic Acid,82.39,3.4,0.04,636,15,0,21.17,23-06-25 19:47:57
S175,Supplier_S175,M130,Baking Powder,86.5,4.9,-0.77,735,6,7,23.93,23-06-25 19:47:57
S175,Supplier_S175,M308,Ascorbic Acid,93.92,3.8,-3.69,552,1,1,27.53,23-06-25 19:47:57
S175,Supplier_S175,M397,Modified Starch,86.33,4.6,3.04,724,11,10,12.14,23-06-25 19:47:57
S175,Supplier_S175,M413,Skimmed Milk Powder,77.84,4.5,-0.95,261,10,5,6.32,23-06-25 19:47:57
S176,Supplier_S176,M123,Fumaric Acid,96.98,4.1,-9.34,961,10,0,28.84,23-06-25 19:47:57
S176,Supplier_S176,M138,Yeast Extract,91.3,3.9,-6.65,588,0,3,8.76,23-06-25 19:47:57
S176,Supplier_S176,M161,Glucono Delta Lactone,75.93,4.3,6.19,104,10,1,1.28,23-06-25 19:47:57
S176,Supplier_S176,M189,Corn,76.73,5,-5.78,32,18,8,5.07,23-06-25 19:47:57
S176,Supplier_S176,M226,Gum Arabic,75.32,4.8,2,908,17,8,22.57,23-06-25 19:47:57
S176,Supplier_S176,M363,Garlic Powder,79.32,4,9.83,442,20,0,6.06,23-06-25 19:47:57
S177,Supplier_S177,M018,Yeast Extract,71.25,3.7,8.66,891,1,5,6.3,23-06-25 19:47:57
S177,Supplier_S177,M069,Disodium Inosinate,83.1,3.2,-1.29,420,16,1,11.87,23-06-25 19:47:57
S177,Supplier_S177,M145,Sodium Citrate,77.51,3.7,8.08,179,1,6,18.77,23-06-25 19:47:57
S177,Supplier_S177,M197,Caramel Color,98.03,4,-0.61,517,5,1,22.54,23-06-25 19:47:57
S177,Supplier_S177,M279,Sugar,70.75,3.9,7.93,927,6,7,2.71,23-06-25 19:47:57
S177,Supplier_S177,M338,Tomato Powder,88.53,3.4,-2.85,344,1,9,19.24,23-06-25 19:47:57
S177,Supplier_S177,M347,Monosodium Glutamate,79.22,3.4,9.62,445,3,1,0.56,23-06-25 19:47:57
S177,Supplier_S177,M479,Barley Malt Extract,89.88,3.1,-9.27,155,9,3,28.72,23-06-25 19:47:57
S178,Supplier_S178,M088,Vegetable Oil,73.68,4.7,-0.96,930,14,1,24.32,23-06-25 19:47:57
S178,Supplier_S178,M203,Citric Acid,88.08,4.8,0.25,873,17,5,21.36,23-06-25 19:47:57
S178,Supplier_S178,M269,Baking Powder,90.05,3.8,8.12,549,1,4,5.11,23-06-25 19:47:57
S178,Supplier_S178,M280,Sodium Bicarbonate,93.89,4.4,-7.53,126,14,10,10.89,23-06-25 19:47:57
S178,Supplier_S178,M320,Paprika Extract,98.14,4.2,-9.25,194,15,9,28.51,23-06-25 19:47:57
S178,Supplier_S178,M325,Sucrose,71.79,3.3,7.03,479,13,2,22.81,23-06-25 19:47:57
S178,Supplier_S178,M328,Cheddar Cheese,82.2,3.4,-2.83,254,20,1,0.48,23-06-25 19:47:57
S178,Supplier_S178,M426,Pectin,90.77,4.7,1.32,353,19,4,12.56,23-06-25 19:47:57
S179,Supplier_S179,M025,Soy Lecithin,83.94,4.1,1.18,334,14,9,24.45,23-06-25 19:47:57
S179,Supplier_S179,M102,Pectin,76.77,3.5,-8,348,15,1,20.44,23-06-25 19:47:57
S179,Supplier_S179,M165,Aspartame,98.45,4.7,6.21,514,17,4,5.27,23-06-25 19:47:57
S179,Supplier_S179,M206,Lactic Acid,91.14,4.3,5.1,569,19,3,23.28,23-06-25 19:47:57
S179,Supplier_S179,M231,Sucralose,71.13,3.8,9.69,638,20,8,8.59,23-06-25 19:47:57
S179,Supplier_S179,M239,Salt,80.85,4.7,-6.26,279,7,4,14.14,23-06-25 19:47:57
S179,Supplier_S179,M269,Baking Powder,78.52,4.6,2.36,64,14,10,28.36,23-06-25 19:47:57
S179,Supplier_S179,M333,Citric Acid,84.89,4.7,0.41,652,0,4,12.5,23-06-25 19:47:57
S179,Supplier_S179,M442,Potassium Sorbate,91.67,3.4,-0.13,790,17,1,29.86,23-06-25 19:47:57
S179,Supplier_S179,M472,Caramel Color,91.29,3.9,-6.73,150,14,7,8.73,23-06-25 19:47:57
S180,Supplier_S180,M052,Palm Oil,99.34,4.3,-4.51,589,1,9,22.36,23-06-25 19:47:57
S180,Supplier_S180,M062,Baking Powder,76.85,3.7,-0.93,435,3,5,12.8,23-06-25 19:47:57
S180,Supplier_S180,M122,Onion Powder,72.48,4.7,2.9,349,18,1,26.84,23-06-25 19:47:57
S180,Supplier_S180,M151,Ascorbic Acid,97.63,4.9,-6.89,344,12,9,19.03,23-06-25 19:47:57
S180,Supplier_S180,M168,Whey Protein,81.75,5,9.3,43,5,9,9.55,23-06-25 19:47:57
S180,Supplier_S180,M254,Soy Lecithin,77.52,3.1,4.13,582,9,8,20.91,23-06-25 19:47:57
S180,Supplier_S180,M463,Brown Sugar,81.05,4.2,3.18,496,16,6,19.81,23-06-25 19:47:57
S181,Supplier_S181,M192,Sucrose,70.08,4.3,8.14,865,18,10,14.82,23-06-25 19:47:57
S181,Supplier_S181,M300,Onion Powder,87.7,4.3,4.24,425,12,6,16.35,23-06-25 19:47:57
S181,Supplier_S181,M329,Sugar,90.94,4.2,1.5,222,2,9,26.43,23-06-25 19:47:57
S181,Supplier_S181,M351,Sodium Citrate,91.66,3.2,-0.13,404,9,7,18.01,23-06-25 19:47:57
S181,Supplier_S181,M377,Sodium Benzoate,76.11,3.6,6.7,777,16,4,16.9,23-06-25 19:47:57
S181,Supplier_S181,M393,Monosodium Glutamate,97.8,3.9,-0.86,871,3,1,23.45,23-06-25 19:47:57
S181,Supplier_S181,M416,Tomato Powder,70.21,5,2.77,123,8,9,15.01,23-06-25 19:47:57
S181,Supplier_S181,M470,Garlic Powder,79.99,4.7,-5.79,760,7,0,27.69,23-06-25 19:47:57
S181,Supplier_S181,M492,Barley Malt Extract,87.74,4.3,-5.41,145,12,0,8.22,23-06-25 19:47:57
S182,Supplier_S182,M098,Cocoa Powder,84.25,3,-3.38,122,13,9,9.23,23-06-25 19:47:57
S182,Supplier_S182,M204,Modified Starch,99.26,3.4,0.85,662,10,1,22.82,23-06-25 19:47:57
S182,Supplier_S182,M341,Acetic Acid,97.45,3.4,6.65,306,17,7,1.27,23-06-25 19:47:57
S182,Supplier_S182,M374,Sucrose,87.92,3.1,1.14,63,10,3,14.13,23-06-25 19:47:57
S183,Supplier_S183,M009,Palm Oil,81.97,4.3,-2.53,931,16,7,3.63,23-06-25 19:47:57
S183,Supplier_S183,M160,Paprika Extract,73.06,4.6,-7.57,73,7,2,5.94,23-06-25 19:47:57
S183,Supplier_S183,M163,Sunflower Oil,78.11,3.1,1.94,40,8,0,24.26,23-06-25 19:47:57
S183,Supplier_S183,M184,Fumaric Acid,75.1,4.3,1.16,310,3,7,3.84,23-06-25 19:47:57
S183,Supplier_S183,M218,Vegetable Oil,78.42,4.7,7.83,211,8,10,2.29,23-06-25 19:47:57
S183,Supplier_S183,M280,Sodium Bicarbonate,81.42,4.5,8.25,589,4,2,26.06,23-06-25 19:47:57
S183,Supplier_S183,M281,Garlic Powder,73.53,3.3,-5.94,647,8,0,13.76,23-06-25 19:47:57
S183,Supplier_S183,M445,Garlic Powder,89.23,4.4,7.94,409,9,7,1.57,23-06-25 19:47:57
S183,Supplier_S183,M449,Sucrose,88.93,3.8,8.49,799,4,5,5.26,23-06-25 19:47:57
S183,Supplier_S183,M458,Onion Powder,96.28,3.3,-1.46,718,9,8,29.03,23-06-25 19:47:57
S184,Supplier_S184,M005,Potatoes,74.19,4.5,0.78,774,18,6,26.93,23-06-25 19:47:57
S184,Supplier_S184,M015,Maltodextrin,92.56,3.1,-0.83,586,3,1,16.13,23-06-25 19:47:57
S184,Supplier_S184,M017,Sodium Bicarbonate,73.92,5,-6.77,462,17,6,16.83,23-06-25 19:47:57
S184,Supplier_S184,M083,Modified Starch,79.3,3.8,6.31,494,8,0,22.6,23-06-25 19:47:57
S184,Supplier_S184,M200,Ascorbic Acid,72.92,4.3,-9.96,373,20,4,16.43,23-06-25 19:47:57
S184,Supplier_S184,M201,Vanillin,73.23,3.8,8.53,867,18,1,23.16,23-06-25 19:47:57
S184,Supplier_S184,M313,Sunflower Oil,71.05,3.1,4.55,805,14,0,26.9,23-06-25 19:47:57
S184,Supplier_S184,M369,Disodium Inosinate,94.73,4.4,0.13,370,13,9,21.88,23-06-25 19:47:57
S185,Supplier_S185,M139,Tapioca Starch,99.98,3.9,-3.03,846,2,7,25.96,23-06-25 19:47:57
S185,Supplier_S185,M225,Gum Arabic,89.85,3.6,-8.29,469,19,7,26.02,23-06-25 19:47:57
S185,Supplier_S185,M323,Dextrose,87.78,3.7,-6.02,703,10,3,23.37,23-06-25 19:47:57
S185,Supplier_S185,M474,Gum Arabic,89.58,3.8,3.84,824,2,7,25.95,23-06-25 19:47:57
S186,Supplier_S186,M127,Disodium Inosinate,97.16,5,1.44,183,12,2,4.17,23-06-25 19:47:57
S186,Supplier_S186,M184,Fumaric Acid,90.59,4.3,-0.49,973,11,8,9.01,23-06-25 19:47:57
S186,Supplier_S186,M217,Baking Powder,90.8,3.3,1.34,837,10,6,5.06,23-06-25 19:47:57
S186,Supplier_S186,M226,Gum Arabic,70.5,4,8.19,710,13,2,18.17,23-06-25 19:47:57
S186,Supplier_S186,M261,Ascorbic Acid,77.22,4.1,-2.5,573,8,5,28.85,23-06-25 19:47:57
S186,Supplier_S186,M390,Lactic Acid,80.32,3.5,-5.61,940,10,9,25.6,23-06-25 19:47:57
S186,Supplier_S186,M442,Potassium Sorbate,72.3,3.2,5.33,343,13,7,4.95,23-06-25 19:47:57
S187,Supplier_S187,M148,Milk Solids,77.45,4.2,4.42,301,0,10,26.27,23-06-25 19:47:57
S187,Supplier_S187,M157,Natural Flavors,72.79,4.8,7.95,542,13,5,13.75,23-06-25 19:47:57
S187,Supplier_S187,M225,Gum Arabic,75.12,4.7,2.02,823,18,2,18.7,23-06-25 19:47:57
S187,Supplier_S187,M274,Aspartame,92.96,4.8,-1.72,431,9,7,22.37,23-06-25 19:47:57
S187,Supplier_S187,M405,Caramel Color,72.68,4.2,2.47,406,7,6,10.17,23-06-25 19:47:57
S187,Supplier_S187,M471,Sugar,80.12,4.4,9.81,785,12,6,2.15,23-06-25 19:47:57
S188,Supplier_S188,M033,Vanillin,91.93,3.5,7.03,860,2,4,26.45,23-06-25 19:47:57
S188,Supplier_S188,M143,Tomato Powder,89.05,4.4,7,824,17,6,6.53,23-06-25 19:47:57
S188,Supplier_S188,M170,Gum Arabic,96.54,4,-2.43,569,12,1,24.86,23-06-25 19:47:57
S188,Supplier_S188,M171,Lactic Acid,82.94,4.3,2.15,454,5,0,3.04,23-06-25 19:47:57
S188,Supplier_S188,M188,Vanillin,79.18,3.1,-9.09,981,9,7,21.83,23-06-25 19:47:57
S188,Supplier_S188,M256,Corn,88.59,3.7,2.4,338,2,10,29.01,23-06-25 19:47:57
S188,Supplier_S188,M259,Disodium Inosinate,95.03,3.2,-5.68,541,3,1,21.76,23-06-25 19:47:57
S188,Supplier_S188,M328,Cheddar Cheese,90.07,3.3,-0.81,594,18,0,29.29,23-06-25 19:47:57
S188,Supplier_S188,M459,Pectin,75.05,4,-8.06,802,13,8,12.51,23-06-25 19:47:57
S188,Supplier_S188,M460,Citric Acid,75.29,3.4,-7.31,508,5,8,28.45,23-06-25 19:47:57
S188,Supplier_S188,M485,Fumaric Acid,77.33,4.5,9.02,853,16,10,18.28,23-06-25 19:47:57
S189,Supplier_S189,M020,Natural Flavors,94.5,3.9,-3.9,824,7,3,0.71,23-06-25 19:47:57
S189,Supplier_S189,M135,Glucono Delta Lactone,75.91,3.2,3.41,511,16,10,9.4,23-06-25 19:47:57
S189,Supplier_S189,M157,Natural Flavors,73.12,4.1,-5.24,513,1,2,21.35,23-06-25 19:47:57
S189,Supplier_S189,M165,Aspartame,97.42,3.1,4.01,980,18,9,4.26,23-06-25 19:47:57
S189,Supplier_S189,M277,Natural Flavors,89.24,4.4,-9.23,121,14,7,24.81,23-06-25 19:47:57
S189,Supplier_S189,M374,Sucrose,85.14,3.8,9.55,697,11,2,29.04,23-06-25 19:47:57
S189,Supplier_S189,M400,Milk Solids,93.54,4.4,3.45,741,12,8,22.13,23-06-25 19:47:57
S189,Supplier_S189,M487,Barley Malt Extract,87.07,3.4,-3.9,965,20,8,24.77,23-06-25 19:47:57
S190,Supplier_S190,M001,Sugar,70.95,3.2,-5.35,626,0,8,5.97,23-06-25 19:47:57
S190,Supplier_S190,M068,Sodium Benzoate,82.13,4.3,-4.21,424,0,5,5.16,23-06-25 19:47:57
S190,Supplier_S190,M116,Corn Syrup,92.41,4.5,8.29,722,19,3,11.9,23-06-25 19:47:57
S190,Supplier_S190,M194,Tomato Powder,79.86,4.8,9.1,284,2,5,24.45,23-06-25 19:47:57
S190,Supplier_S190,M306,Acetic Acid,77.84,4.4,-0.3,828,16,0,10.29,23-06-25 19:47:57
S190,Supplier_S190,M317,Disodium Guanylate,76.99,3.1,4.71,510,20,0,14.14,23-06-25 19:47:57
S190,Supplier_S190,M340,Acetic Acid,78.66,4.6,9.41,444,13,2,25.07,23-06-25 19:47:57
S190,Supplier_S190,M358,Milk Solids,92.96,4.3,-2.39,448,11,5,12.36,23-06-25 19:47:57
S190,Supplier_S190,M427,Onion Powder,82.01,4.7,-9.87,20,2,5,0.9,23-06-25 19:47:57
S190,Supplier_S190,M451,Milk Solids,78.34,4.3,5.21,543,13,10,24.38,23-06-25 19:47:57
S190,Supplier_S190,M468,Ascorbic Acid,98.62,4.2,-9.97,73,18,8,5.7,23-06-25 19:47:57
S191,Supplier_S191,M185,Annatto Extract,84.12,4.7,1.67,976,19,1,14.17,23-06-25 19:47:57
S191,Supplier_S191,M213,Corn,90.58,4.2,-4.37,958,14,6,11.85,23-06-25 19:47:57
S191,Supplier_S191,M252,Baking Powder,85.63,3.5,2.77,213,11,0,25.91,23-06-25 19:47:57
S191,Supplier_S191,M288,Glucono Delta Lactone,78.98,4.4,-3.69,558,0,3,17.32,23-06-25 19:47:57
S192,Supplier_S192,M023,Lactic Acid,93.57,4.2,-3.56,462,14,10,6.41,23-06-25 19:47:57
S192,Supplier_S192,M212,Potassium Sorbate,88.91,3.9,-9.66,699,3,8,0.18,23-06-25 19:47:57
S192,Supplier_S192,M260,Vanillin,89.16,3.7,-0.83,691,13,1,5,23-06-25 19:47:57
S192,Supplier_S192,M284,Annatto Extract,94.61,4.5,6.87,76,9,7,4.04,23-06-25 19:47:57
S192,Supplier_S192,M376,Monosodium Glutamate,78.49,4.8,2.26,789,8,8,9.39,23-06-25 19:47:57
S192,Supplier_S192,M403,Palm Oil,79.1,4,5.82,155,18,6,1.46,23-06-25 19:47:57
S193,Supplier_S193,M024,Ascorbic Acid,88.34,4.5,-0.89,917,20,9,5.83,23-06-25 19:47:57
S193,Supplier_S193,M028,Skimmed Milk Powder,84.65,3.5,-0.29,408,10,10,20.37,23-06-25 19:47:57
S193,Supplier_S193,M289,Garlic Powder,91.16,3.6,-9.37,433,2,7,26.31,23-06-25 19:47:57
S193,Supplier_S193,M355,Lactic Acid,86.27,4.6,0.81,28,1,6,26.4,23-06-25 19:47:57
S193,Supplier_S193,M463,Brown Sugar,70.09,4.3,8.84,339,0,10,10.81,23-06-25 19:47:57
S193,Supplier_S193,M477,Potatoes,98.97,4.8,-6.39,623,5,0,16.64,23-06-25 19:47:57
S193,Supplier_S193,M478,Sucrose,99.4,4,-2.73,567,5,6,29.31,23-06-25 19:47:57
S193,Supplier_S193,M499,Disodium Inosinate,74.8,3.4,3.93,910,16,7,15.11,23-06-25 19:47:57
S194,Supplier_S194,M042,Acetic Acid,94.43,4.9,-0.6,428,10,5,20.1,23-06-25 19:47:57
S194,Supplier_S194,M097,Disodium Guanylate,88.39,3.3,9.81,767,9,9,10.09,23-06-25 19:47:57
S194,Supplier_S194,M105,Potassium Sorbate,81.51,3.9,-4.66,347,9,9,21.69,23-06-25 19:47:57
S194,Supplier_S194,M114,Salt,79.91,3.2,-1,389,2,8,21.74,23-06-25 19:47:57
S194,Supplier_S194,M213,Corn,87.57,4.4,-8.55,960,16,1,8.7,23-06-25 19:47:57
S194,Supplier_S194,M230,Sodium Bicarbonate,86.56,4.1,-6.43,582,17,7,7.61,23-06-25 19:47:57
S194,Supplier_S194,M235,Citric Acid,98.84,3.9,-0.79,610,0,7,3.49,23-06-25 19:47:57
S194,Supplier_S194,M341,Acetic Acid,70.07,3.5,9.12,864,20,7,3.73,23-06-25 19:47:57
S195,Supplier_S195,M139,Tapioca Starch,83.24,3.4,-1.5,763,20,3,8.93,23-06-25 19:47:57
S195,Supplier_S195,M187,Sugar,91.92,4.9,7.84,785,16,3,0.54,23-06-25 19:47:57
S195,Supplier_S195,M315,Sucrose,83.14,3.4,-9.29,35,18,3,14.68,23-06-25 19:47:57
S196,Supplier_S196,M042,Acetic Acid,75.26,4,-1.16,294,5,9,13.08,23-06-25 19:47:57
S196,Supplier_S196,M203,Citric Acid,98.07,4.3,-5.98,649,9,10,10.36,23-06-25 19:47:57
S196,Supplier_S196,M275,Acesulfame K,88.51,4.2,2.25,620,7,3,20.62,23-06-25 19:47:57
S196,Supplier_S196,M357,Yeast Extract,90.25,4.3,3.71,595,15,7,16.87,23-06-25 19:47:57
S196,Supplier_S196,M456,Pectin,89.05,3.7,-8.85,404,13,3,7.27,23-06-25 19:47:57
S196,Supplier_S196,M486,Sucrose,86.17,4.5,-7.64,316,15,4,7.94,23-06-25 19:47:57
S197,Supplier_S197,M090,Sodium Bicarbonate,93.03,3.3,0.06,899,1,1,15.54,23-06-25 19:47:57
S197,Supplier_S197,M110,Acetic Acid,92.97,5,2.92,440,11,6,13.46,23-06-25 19:47:57
S197,Supplier_S197,M112,Soy Lecithin,71.46,4.5,-1.95,249,17,3,22.63,23-06-25 19:47:57
S197,Supplier_S197,M130,Baking Powder,94.94,3.1,6.96,824,13,10,14.98,23-06-25 19:47:57
S197,Supplier_S197,M164,Baking Powder,93.92,3.7,6.78,875,5,2,7.1,23-06-25 19:47:57
S197,Supplier_S197,M260,Vanillin,80.57,3.6,9.83,342,11,6,22.93,23-06-25 19:47:57
S197,Supplier_S197,M281,Garlic Powder,71.54,3.6,4.6,994,14,4,18.79,23-06-25 19:47:57
S197,Supplier_S197,M292,Sodium Benzoate,75.78,3.6,-3.62,461,3,4,4.48,23-06-25 19:47:57
S198,Supplier_S198,M211,Fumaric Acid,71.96,4.3,5.47,895,13,1,6.17,23-06-25 19:47:57
S198,Supplier_S198,M220,Potatoes,92,3.6,-0.71,532,2,6,10.92,23-06-25 19:47:57
S198,Supplier_S198,M251,Brown Sugar,99.46,3.9,3.63,329,10,2,18.87,23-06-25 19:47:57
S198,Supplier_S198,M320,Paprika Extract,88.82,4.6,-3.04,14,17,3,5.76,23-06-25 19:47:57
S198,Supplier_S198,M329,Sugar,82.16,4.6,-2.59,485,20,0,25.81,23-06-25 19:47:57
S198,Supplier_S198,M436,Disodium Guanylate,80.19,3.8,3.72,423,17,4,9.78,23-06-25 19:47:57
S198,Supplier_S198,M446,Cocoa Powder,82.65,5,-3.26,206,2,3,28.76,23-06-25 19:47:57
S198,Supplier_S198,M469,Palm Oil,83.67,4.2,-7.08,691,1,9,9.6,23-06-25 19:47:57
S199,Supplier_S199,M080,Corn,77.13,3.2,-5.23,664,19,7,1.88,23-06-25 19:47:57
S199,Supplier_S199,M125,Sunflower Oil,89.02,4.6,-0.99,243,11,8,28.23,23-06-25 19:47:57
S199,Supplier_S199,M140,Barley Malt Extract,76.3,4.5,3.78,891,19,10,12.85,23-06-25 19:47:57
S199,Supplier_S199,M178,Potassium Sorbate,91.86,4.2,-8.21,462,6,6,22.23,23-06-25 19:47:57
S199,Supplier_S199,M232,Gum Arabic,89.21,3.9,-5.97,682,16,4,5.84,23-06-25 19:47:57
S200,Supplier_S200,M193,Sugar,72.25,4.4,8.1,669,7,7,29.66,23-06-25 19:47:57
S200,Supplier_S200,M244,Onion Powder,77.04,3.5,4.88,777,2,3,5.01,23-06-25 19:47:57
S200,Supplier_S200,M264,Paprika Extract,85.07,3.4,-8.99,759,12,7,22.59,23-06-25 19:47:57
S200,Supplier_S200,M290,Milk Solids,97.4,3.9,-9.5,504,16,2,5.71,23-06-25 19:47:57
S200,Supplier_S200,M312,Whey Protein,89.36,3.2,0.81,451,6,9,19.3,23-06-25 19:47:57
