Product_ID,Product_Name,Forecasted_Qty,Material_ID,Material_Name,Material_Required_Qty,Create_Datetime
P0001,Salted Potato Chips,5000,M002,Salt,1000,12-06-25 19:14:47
P0001,Salted Potato Chips,5000,M019,Paprika Extract,200,18-06-25 19:14:47
P0001,Salted Potato Chips,5000,M013,Onion Powder,500,10-06-25 19:14:47
P0002,Cheese Nachos,100,M007,Vegetable Oil,1000,19-06-25 19:14:47
P0002,Cheese Nachos,100,M011,Cheddar Cheese,1000,31-05-25 19:14:47
P0002,Cheese Nachos,100,M013,Onion Powder,1000,16-06-25 19:14:47
P0003,Barbecue Corn Chips,2000,M002,Salt,100,06-06-25 19:14:47
P0003,Barbecue Corn Chips,2000,M020,Natural Flavors,100,09-06-25 19:14:47
P0003,Barbecue Corn Chips,2000,M005,Potatoes,500,14-06-25 19:14:47
P0004,Sweet Corn Puffs,2000,M002,Salt,2000,19-06-25 19:14:47
P0004,Sweet Corn Puffs,2000,M009,Palm Oil,200,06-06-25 19:14:47
P0004,Sweet Corn Puffs,2000,M006,Corn,100,15-06-25 19:14:47
P0005,Sour Cream Crisps,1000,M007,Vegetable Oil,1000,26-05-25 19:14:47
P0005,Sour Cream Crisps,1000,M013,Onion Powder,1000,15-06-25 19:14:47
P0005,Sour Cream Crisps,1000,M008,Sunflower Oil,500,03-06-25 19:14:47
P0006,Tomato Flavored Chips,500,M007,Vegetable Oil,2000,20-06-25 19:14:47
P0006,Tomato Flavored Chips,500,M011,Cheddar Cheese,1000,07-06-25 19:14:47
P0006,Tomato Flavored Chips,500,M013,Onion Powder,500,22-06-25 19:14:47
P0007,Classic Salted Wafers,1000,M007,Vegetable Oil,500,09-06-25 19:14:47
P0007,Classic Salted Wafers,1000,M019,Paprika Extract,2000,11-06-25 19:14:47
P0007,Classic Salted Wafers,1000,M005,Potatoes,100,16-06-25 19:14:47
P0008,Masala Potato Chips,100,M008,Sunflower Oil,200,29-05-25 19:14:47
P0008,Masala Potato Chips,100,M011,Cheddar Cheese,100,31-05-25 19:14:47
P0008,Masala Potato Chips,100,M005,Potatoes,1000,02-06-25 19:14:47
P0009,Honey Barbecue Chips,200,M008,Sunflower Oil,100,11-06-25 19:14:47
P0009,Honey Barbecue Chips,200,M005,Potatoes,2000,26-05-25 19:14:47
P0009,Honey Barbecue Chips,200,M014,Garlic Powder,100,06-06-25 19:14:47
P0010,Spicy Tortilla Chips,5000,M020,Natural Flavors,500,05-06-25 19:14:47
P0010,Spicy Tortilla Chips,5000,M013,Onion Powder,2000,01-06-25 19:14:47
P0010,Spicy Tortilla Chips,5000,M007,Vegetable Oil,100,22-06-25 19:14:47
P0011,Cheese Balls,1000,M006,Corn,500,13-06-25 19:14:47
P0011,Cheese Balls,1000,M003,Citric Acid,200,26-05-25 19:14:47
P0011,Cheese Balls,1000,M020,Natural Flavors,200,18-06-25 19:14:47
P0012,Chocolate Milk Drink,200,M042,Acetic Acid,1000,17-06-25 19:14:47
P0012,Chocolate Milk Drink,200,M003,Citric Acid,200,09-06-25 19:14:47
P0012,Chocolate Milk Drink,200,M037,Caramel Color,2000,02-06-25 19:14:47
P0013,Vanilla Protein Shake,2000,M033,Vanillin,500,21-06-25 19:14:47
P0013,Vanilla Protein Shake,2000,M025,Soy Lecithin,200,09-06-25 19:14:47
P0013,Vanilla Protein Shake,2000,M010,Whey Protein,1000,26-05-25 19:14:47
P0014,Energy Drink - Citrus,2000,M020,Natural Flavors,1000,30-05-25 19:14:47
P0014,Energy Drink - Citrus,2000,M042,Acetic Acid,200,13-06-25 19:14:47
P0014,Energy Drink - Citrus,2000,M037,Caramel Color,100,17-06-25 19:14:47
P0015,Fruit Punch Juice,500,M003,Citric Acid,1000,31-05-25 19:14:47
P0015,Fruit Punch Juice,500,M020,Natural Flavors,2000,26-05-25 19:14:47
P0015,Fruit Punch Juice,500,M033,Vanillin,500,19-06-25 19:14:47
P0016,Cola Beverage,5000,M020,Natural Flavors,2000,30-05-25 19:14:47
P0016,Cola Beverage,5000,M033,Vanillin,100,02-06-25 19:14:47
P0016,Cola Beverage,5000,M037,Caramel Color,200,21-06-25 19:14:47
P0017,Lemon Soda,2000,M042,Acetic Acid,200,07-06-25 19:14:47
P0017,Lemon Soda,2000,M037,Caramel Color,1000,26-05-25 19:14:47
P0017,Lemon Soda,2000,M003,Citric Acid,1000,19-06-25 19:14:47
P0018,Orange Soft Drink,200,M020,Natural Flavors,500,31-05-25 19:14:47
P0018,Orange Soft Drink,200,M033,Vanillin,2000,14-06-25 19:14:47
P0018,Orange Soft Drink,200,M024,Ascorbic Acid,100,12-06-25 19:14:47
P0019,Iced Tea - Peach,200,M001,Sugar,1000,30-05-25 19:14:47
P0019,Iced Tea - Peach,200,M033,Vanillin,2000,01-06-25 19:14:47
P0019,Iced Tea - Peach,200,M003,Citric Acid,1000,06-06-25 19:14:47
P0020,Coffee Can Drink,200,M042,Acetic Acid,100,14-06-25 19:14:47
P0020,Coffee Can Drink,200,M020,Natural Flavors,200,29-05-25 19:14:47
P0020,Coffee Can Drink,200,M001,Sugar,100,27-05-25 19:14:47
P0021,Chocolate Chip Cookies,200,M002,Salt,500,03-06-25 19:14:47
P0021,Chocolate Chip Cookies,200,M011,Cheddar Cheese,500,09-06-25 19:14:47
P0021,Chocolate Chip Cookies,200,M019,Paprika Extract,200,19-06-25 19:14:47
P0022,Cheese Crackers,5000,M001,Sugar,2000,28-05-25 19:14:47
P0022,Cheese Crackers,5000,M038,Baking Powder,2000,14-06-25 19:14:47
P0022,Cheese Crackers,5000,M002,Salt,200,19-06-25 19:14:47
P0023,Butter Popcorn,200,M027,Milk Solids,500,28-05-25 19:14:47
P0023,Butter Popcorn,200,M001,Sugar,500,27-05-25 19:14:47
P0023,Butter Popcorn,200,M025,Soy Lecithin,200,13-06-25 19:14:47
P0024,Salted Peanuts,100,M007,Vegetable Oil,1000,11-06-25 19:14:47
P0024,Salted Peanuts,100,M002,Salt,1000,11-06-25 19:14:47
P0024,Salted Peanuts,100,M015,Maltodextrin,200,02-06-25 19:14:47
P0025,Roasted Almonds,2000,M019,Paprika Extract,200,19-06-25 19:14:47
P0025,Roasted Almonds,2000,M007,Vegetable Oil,2000,20-06-25 19:14:47
P0025,Roasted Almonds,2000,M015,Maltodextrin,2000,04-06-25 19:14:47
P0026,Snack Mix - Trail,1000,M003,Citric Acid,1000,15-06-25 19:14:47
P0026,Snack Mix - Trail,1000,M009,Palm Oil,200,20-06-25 19:14:47
P0026,Snack Mix - Trail,1000,M006,Corn,200,01-06-25 19:14:47
P0027,Milkshake - Strawberry,500,M025,Soy Lecithin,2000,25-05-25 19:14:47
P0027,Milkshake - Strawberry,500,M033,Vanillin,100,20-06-25 19:14:47
P0027,Milkshake - Strawberry,500,M027,Milk Solids,200,31-05-25 19:14:47
P0028,Mint Flavored Soda,5000,M033,Vanillin,200,20-06-25 19:14:47
P0028,Mint Flavored Soda,5000,M003,Citric Acid,200,25-05-25 19:14:47
P0028,Mint Flavored Soda,5000,M037,Caramel Color,1000,01-06-25 19:14:47
P0029,Energy Bar - Peanut,2000,M028,Skimmed Milk Powder,1000,21-06-25 19:14:47
P0029,Energy Bar - Peanut,2000,M010,Whey Protein,200,09-06-25 19:14:47
P0029,Energy Bar - Peanut,2000,M016,Dextrose,500,21-06-25 19:14:47
P0030,Whey Protein Bar,100,M033,Vanillin,2000,17-06-25 19:14:47
P0030,Whey Protein Bar,100,M016,Dextrose,2000,12-06-25 19:14:47
P0030,Whey Protein Bar,100,M025,Soy Lecithin,500,21-06-25 19:14:47
P0031,Chocolate Milk Drink Mini,500,M003,Citric Acid,200,06-06-25 19:14:47
P0031,Chocolate Milk Drink Mini,500,M037,Caramel Color,1000,28-05-25 19:14:47
P0031,Chocolate Milk Drink Mini,500,M024,Ascorbic Acid,500,12-06-25 19:14:47
P0032,Cheese Balls Max,1000,M009,Palm Oil,100,18-06-25 19:14:47
P0032,Cheese Balls Max,1000,M020,Natural Flavors,1000,12-06-25 19:14:47
P0032,Cheese Balls Max,1000,M003,Citric Acid,200,02-06-25 19:14:47
P0033,Energy Drink - Citrus XL,200,M037,Caramel Color,2000,14-06-25 19:14:47
P0033,Energy Drink - Citrus XL,200,M024,Ascorbic Acid,1000,20-06-25 19:14:47
P0033,Energy Drink - Citrus XL,200,M001,Sugar,500,05-06-25 19:14:47
P0034,Classic Salted Wafers Family Pack,5000,M011,Cheddar Cheese,100,26-05-25 19:14:47
P0034,Classic Salted Wafers Family Pack,5000,M007,Vegetable Oil,100,04-06-25 19:14:47
P0034,Classic Salted Wafers Family Pack,5000,M020,Natural Flavors,500,17-06-25 19:14:47
P0035,Cheese Nachos XL,500,M007,Vegetable Oil,500,02-06-25 19:14:47
P0035,Cheese Nachos XL,500,M011,Cheddar Cheese,100,07-06-25 19:14:47
P0035,Cheese Nachos XL,500,M002,Salt,200,18-06-25 19:14:47
P0036,Cheese Nachos XL Lite,5000,M020,Natural Flavors,100,24-05-25 19:14:47
P0036,Cheese Nachos XL Lite,5000,M011,Cheddar Cheese,200,22-06-25 19:14:47
P0036,Cheese Nachos XL Lite,5000,M012,Tomato Powder,100,30-05-25 19:14:47
P0037,Chocolate Milk Drink Mini Max,2000,M037,Caramel Color,500,07-06-25 19:14:47
P0037,Chocolate Milk Drink Mini Max,2000,M042,Acetic Acid,500,17-06-25 19:14:47
P0037,Chocolate Milk Drink Mini Max,2000,M001,Sugar,500,14-06-25 19:14:47
P0038,Sweet Corn Puffs Lite,500,M006,Corn,100,12-06-25 19:14:47
P0038,Sweet Corn Puffs Lite,500,M009,Palm Oil,500,19-06-25 19:14:47
P0038,Sweet Corn Puffs Lite,500,M003,Citric Acid,500,07-06-25 19:14:47
P0039,Masala Potato Chips Lite,1000,M007,Vegetable Oil,500,31-05-25 19:14:47
P0039,Masala Potato Chips Lite,1000,M020,Natural Flavors,500,30-05-25 19:14:47
P0039,Masala Potato Chips Lite,1000,M014,Garlic Powder,200,17-06-25 19:14:47
P0040,Salted Peanuts Max,2000,M015,Maltodextrin,100,03-06-25 19:14:47
P0040,Salted Peanuts Max,2000,M002,Salt,200,29-05-25 19:14:47
P0040,Salted Peanuts Max,2000,M019,Paprika Extract,500,17-06-25 19:14:47
P0041,Chocolate Milk Drink Mini Max Family Pack,100,M020,Natural Flavors,2000,05-06-25 19:14:47
P0041,Chocolate Milk Drink Mini Max Family Pack,100,M024,Ascorbic Acid,100,17-06-25 19:14:47
P0041,Chocolate Milk Drink Mini Max Family Pack,100,M037,Caramel Color,1000,20-06-25 19:14:47
P0042,Cheese Crackers Max,5000,M001,Sugar,2000,08-06-25 19:14:47
P0042,Cheese Crackers Max,5000,M026,Cocoa Powder,200,27-05-25 19:14:47
P0042,Cheese Crackers Max,5000,M027,Milk Solids,2000,20-06-25 19:14:47
P0043,Cheese Crackers Lite,100,M001,Sugar,2000,16-06-25 19:14:47
P0043,Cheese Crackers Lite,100,M025,Soy Lecithin,100,30-05-25 19:14:47
P0043,Cheese Crackers Lite,100,M027,Milk Solids,100,17-06-25 19:14:47
P0044,Orange Soft Drink Max,500,M033,Vanillin,200,01-06-25 19:14:47
P0044,Orange Soft Drink Max,500,M042,Acetic Acid,2000,20-06-25 19:14:47
P0044,Orange Soft Drink Max,500,M037,Caramel Color,500,01-06-25 19:14:47
P0045,Chocolate Milk Drink Mini Max XL,5000,M020,Natural Flavors,2000,02-06-25 19:14:47
P0045,Chocolate Milk Drink Mini Max XL,5000,M042,Acetic Acid,500,06-06-25 19:14:47
P0045,Chocolate Milk Drink Mini Max XL,5000,M037,Caramel Color,100,20-06-25 19:14:47
P0046,Chocolate Chip Cookies Max,100,M002,Salt,1000,21-06-25 19:14:47
P0046,Chocolate Chip Cookies Max,100,M020,Natural Flavors,500,14-06-25 19:14:47
P0046,Chocolate Chip Cookies Max,100,M005,Potatoes,500,17-06-25 19:14:47
P0047,Tomato Flavored Chips Pro,5000,M011,Cheddar Cheese,1000,18-06-25 19:14:47
P0047,Tomato Flavored Chips Pro,5000,M013,Onion Powder,500,05-06-25 19:14:47
P0047,Tomato Flavored Chips Pro,5000,M005,Potatoes,200,15-06-25 19:14:47
P0048,Masala Potato Chips Mini,100,M008,Sunflower Oil,200,04-06-25 19:14:47
P0048,Masala Potato Chips Mini,100,M002,Salt,100,25-05-25 19:14:47
P0048,Masala Potato Chips Mini,100,M011,Cheddar Cheese,2000,02-06-25 19:14:47
P0049,Energy Drink - Citrus Mini,100,M024,Ascorbic Acid,500,22-06-25 19:14:47
P0049,Energy Drink - Citrus Mini,100,M003,Citric Acid,1000,26-05-25 19:14:47
P0049,Energy Drink - Citrus Mini,100,M001,Sugar,1000,11-06-25 19:14:47
P0050,Iced Tea - Peach Mini,200,M024,Ascorbic Acid,2000,13-06-25 19:14:47
P0050,Iced Tea - Peach Mini,200,M003,Citric Acid,200,16-06-25 19:14:47
P0050,Iced Tea - Peach Mini,200,M001,Sugar,200,11-06-25 19:14:47
P0051,Chocolate Milk Drink Mini Max Family Pack Pro,1000,M024,Ascorbic Acid,2000,07-06-25 19:14:47
P0051,Chocolate Milk Drink Mini Max Family Pack Pro,1000,M020,Natural Flavors,1000,01-06-25 19:14:47
P0051,Chocolate Milk Drink Mini Max Family Pack Pro,1000,M001,Sugar,1000,06-06-25 19:14:47
P0052,Whey Protein Bar Max,200,M010,Whey Protein,500,21-06-25 19:14:47
P0052,Whey Protein Bar Max,200,M016,Dextrose,200,18-06-25 19:14:47
P0052,Whey Protein Bar Max,200,M027,Milk Solids,2000,29-05-25 19:14:47
P0053,Chocolate Milk Drink Mini Max Family Pack Pro Mini,500,M042,Acetic Acid,200,16-06-25 19:14:47
P0053,Chocolate Milk Drink Mini Max Family Pack Pro Mini,500,M020,Natural Flavors,2000,08-06-25 19:14:47
P0053,Chocolate Milk Drink Mini Max Family Pack Pro Mini,500,M024,Ascorbic Acid,500,20-06-25 19:14:47
P0054,Sweet Corn Puffs XL,100,M002,Salt,500,22-06-25 19:14:47
P0054,Sweet Corn Puffs XL,100,M020,Natural Flavors,200,30-05-25 19:14:47
P0054,Sweet Corn Puffs XL,100,M006,Corn,100,27-05-25 19:14:47
P0055,Chocolate Milk Drink Mini Max Family Pack Pro XL,2000,M037,Caramel Color,500,11-06-25 19:14:47
P0055,Chocolate Milk Drink Mini Max Family Pack Pro XL,2000,M033,Vanillin,500,12-06-25 19:14:47
P0055,Chocolate Milk Drink Mini Max Family Pack Pro XL,2000,M020,Natural Flavors,500,16-06-25 19:14:47
P0056,Chocolate Milk Drink Mini Max Family Pack Pro Mini Lite,100,M020,Natural Flavors,1000,11-06-25 19:14:47
P0056,Chocolate Milk Drink Mini Max Family Pack Pro Mini Lite,100,M033,Vanillin,2000,09-06-25 19:14:47
P0056,Chocolate Milk Drink Mini Max Family Pack Pro Mini Lite,100,M024,Ascorbic Acid,2000,17-06-25 19:14:47
P0057,Cheese Crackers Family Pack,500,M026,Cocoa Powder,1000,11-06-25 19:14:47
P0057,Cheese Crackers Family Pack,500,M027,Milk Solids,100,30-05-25 19:14:47
P0057,Cheese Crackers Family Pack,500,M025,Soy Lecithin,2000,15-06-25 19:14:47
P0058,Whey Protein Bar Max Family Pack,1000,M025,Soy Lecithin,200,04-06-25 19:14:47
P0058,Whey Protein Bar Max Family Pack,1000,M027,Milk Solids,2000,26-05-25 19:14:47
P0058,Whey Protein Bar Max Family Pack,1000,M033,Vanillin,100,01-06-25 19:14:47
P0059,Coffee Can Drink Max,5000,M024,Ascorbic Acid,1000,31-05-25 19:14:47
P0059,Coffee Can Drink Max,5000,M042,Acetic Acid,200,18-06-25 19:14:47
P0059,Coffee Can Drink Max,5000,M037,Caramel Color,1000,16-06-25 19:14:47
P0060,Whey Protein Bar Family Pack,100,M010,Whey Protein,2000,16-06-25 19:14:47
P0060,Whey Protein Bar Family Pack,100,M033,Vanillin,200,29-05-25 19:14:47
P0060,Whey Protein Bar Family Pack,100,M027,Milk Solids,100,21-06-25 19:14:47
P0061,Lemon Soda Mini,5000,M003,Citric Acid,200,08-06-25 19:14:47
P0061,Lemon Soda Mini,5000,M033,Vanillin,500,26-05-25 19:14:47
P0061,Lemon Soda Mini,5000,M042,Acetic Acid,200,02-06-25 19:14:47
P0062,Butter Popcorn Family Pack,1000,M038,Baking Powder,100,05-06-25 19:14:47
P0062,Butter Popcorn Family Pack,1000,M027,Milk Solids,1000,21-06-25 19:14:47
P0062,Butter Popcorn Family Pack,1000,M001,Sugar,1000,16-06-25 19:14:47
P0063,Chocolate Milk Drink Mini Max Pro,5000,M037,Caramel Color,100,20-06-25 19:14:47
P0063,Chocolate Milk Drink Mini Max Pro,5000,M001,Sugar,2000,29-05-25 19:14:47
P0063,Chocolate Milk Drink Mini Max Pro,5000,M024,Ascorbic Acid,100,22-06-25 19:14:47
P0064,Classic Salted Wafers Family Pack Family Pack,200,M005,Potatoes,2000,24-05-25 19:14:47
P0064,Classic Salted Wafers Family Pack Family Pack,200,M014,Garlic Powder,1000,03-06-25 19:14:47
P0064,Classic Salted Wafers Family Pack Family Pack,200,M013,Onion Powder,200,30-05-25 19:14:47
P0065,Masala Potato Chips Mini Family Pack,5000,M011,Cheddar Cheese,1000,27-05-25 19:14:47
P0065,Masala Potato Chips Mini Family Pack,5000,M020,Natural Flavors,1000,11-06-25 19:14:47
P0065,Masala Potato Chips Mini Family Pack,5000,M005,Potatoes,200,28-05-25 19:14:47
P0066,Chocolate Milk Drink Mini Max Family Pack Family Pack,500,M037,Caramel Color,2000,16-06-25 19:14:47
P0066,Chocolate Milk Drink Mini Max Family Pack Family Pack,500,M003,Citric Acid,500,13-06-25 19:14:47
P0066,Chocolate Milk Drink Mini Max Family Pack Family Pack,500,M024,Ascorbic Acid,1000,22-06-25 19:14:47
P0067,Masala Potato Chips Mini Family Pack Pro,1000,M008,Sunflower Oil,500,24-05-25 19:14:47
P0067,Masala Potato Chips Mini Family Pack Pro,1000,M013,Onion Powder,2000,15-06-25 19:14:47
P0067,Masala Potato Chips Mini Family Pack Pro,1000,M002,Salt,100,20-06-25 19:14:47
P0068,Chocolate Milk Drink Mini Max Family Pack Pro XL Mini,2000,M001,Sugar,200,27-05-25 19:14:47
P0068,Chocolate Milk Drink Mini Max Family Pack Pro XL Mini,2000,M042,Acetic Acid,500,06-06-25 19:14:47
P0068,Chocolate Milk Drink Mini Max Family Pack Pro XL Mini,2000,M020,Natural Flavors,1000,29-05-25 19:14:47
P0069,Energy Drink - Citrus Mini Mini,200,M037,Caramel Color,100,14-06-25 19:14:47
P0069,Energy Drink - Citrus Mini Mini,200,M033,Vanillin,1000,28-05-25 19:14:47
P0069,Energy Drink - Citrus Mini Mini,200,M020,Natural Flavors,200,18-06-25 19:14:47
P0070,Coffee Can Drink Lite,200,M003,Citric Acid,2000,24-05-25 19:14:47
P0070,Coffee Can Drink Lite,200,M024,Ascorbic Acid,500,27-05-25 19:14:47
P0070,Coffee Can Drink Lite,200,M037,Caramel Color,100,01-06-25 19:14:47
P0071,Tomato Flavored Chips Pro XL,2000,M013,Onion Powder,200,26-05-25 19:14:47
P0071,Tomato Flavored Chips Pro XL,2000,M020,Natural Flavors,500,16-06-25 19:14:47
P0071,Tomato Flavored Chips Pro XL,2000,M014,Garlic Powder,500,16-06-25 19:14:47
P0072,Chocolate Milk Drink Mini Max Max,1000,M024,Ascorbic Acid,200,25-05-25 19:14:47
P0072,Chocolate Milk Drink Mini Max Max,1000,M003,Citric Acid,1000,09-06-25 19:14:47
P0072,Chocolate Milk Drink Mini Max Max,1000,M033,Vanillin,2000,26-05-25 19:14:47
P0073,Chocolate Milk Drink Mini Max XL XL,2000,M003,Citric Acid,200,18-06-25 19:14:47
P0073,Chocolate Milk Drink Mini Max XL XL,2000,M033,Vanillin,1000,16-06-25 19:14:47
P0073,Chocolate Milk Drink Mini Max XL XL,2000,M020,Natural Flavors,1000,19-06-25 19:14:47
P0074,Chocolate Milk Drink XL,5000,M033,Vanillin,2000,22-06-25 19:14:47
P0074,Chocolate Milk Drink XL,5000,M042,Acetic Acid,200,07-06-25 19:14:47
P0074,Chocolate Milk Drink XL,5000,M037,Caramel Color,200,24-05-25 19:14:47
P0075,Sweet Corn Puffs XL Mini,200,M015,Maltodextrin,100,15-06-25 19:14:47
P0075,Sweet Corn Puffs XL Mini,200,M003,Citric Acid,500,05-06-25 19:14:47
P0075,Sweet Corn Puffs XL Mini,200,M002,Salt,200,12-06-25 19:14:47
P0076,Orange Soft Drink Mini,1000,M033,Vanillin,100,14-06-25 19:14:47
P0076,Orange Soft Drink Mini,1000,M024,Ascorbic Acid,1000,18-06-25 19:14:47
P0076,Orange Soft Drink Mini,1000,M037,Caramel Color,500,15-06-25 19:14:47
P0077,Lemon Soda Max,2000,M003,Citric Acid,100,09-06-25 19:14:47
P0077,Lemon Soda Max,2000,M037,Caramel Color,2000,08-06-25 19:14:47
P0077,Lemon Soda Max,2000,M042,Acetic Acid,200,14-06-25 19:14:47
P0078,Mint Flavored Soda Mini,200,M037,Caramel Color,1000,05-06-25 19:14:47
P0078,Mint Flavored Soda Mini,200,M003,Citric Acid,200,25-05-25 19:14:47
P0078,Mint Flavored Soda Mini,200,M033,Vanillin,100,28-05-25 19:14:47
P0079,Sweet Corn Puffs XL Mini Max,200,M003,Citric Acid,200,09-06-25 19:14:47
P0079,Sweet Corn Puffs XL Mini Max,200,M020,Natural Flavors,500,17-06-25 19:14:47
P0079,Sweet Corn Puffs XL Mini Max,200,M006,Corn,500,22-06-25 19:14:47
P0080,Masala Potato Chips Lite Max,500,M002,Salt,500,02-06-25 19:14:47
P0080,Masala Potato Chips Lite Max,500,M020,Natural Flavors,500,31-05-25 19:14:47
P0080,Masala Potato Chips Lite Max,500,M019,Paprika Extract,2000,15-06-25 19:14:47
P0081,Chocolate Milk Drink Mini Max Family Pack Pro Mini Lite Mini,500,M003,Citric Acid,100,19-06-25 19:14:47
P0081,Chocolate Milk Drink Mini Max Family Pack Pro Mini Lite Mini,500,M020,Natural Flavors,200,05-06-25 19:14:47
P0081,Chocolate Milk Drink Mini Max Family Pack Pro Mini Lite Mini,500,M042,Acetic Acid,500,10-06-25 19:14:47
P0082,Tomato Flavored Chips Max,100,M011,Cheddar Cheese,2000,22-06-25 19:14:47
P0082,Tomato Flavored Chips Max,100,M002,Salt,200,29-05-25 19:14:47
P0082,Tomato Flavored Chips Max,100,M020,Natural Flavors,500,16-06-25 19:14:47
P0083,Sweet Corn Puffs Family Pack,2000,M002,Salt,500,06-06-25 19:14:47
P0083,Sweet Corn Puffs Family Pack,2000,M020,Natural Flavors,200,01-06-25 19:14:47
P0083,Sweet Corn Puffs Family Pack,2000,M015,Maltodextrin,100,01-06-25 19:14:47
P0084,Orange Soft Drink Mini Family Pack,200,M037,Caramel Color,1000,13-06-25 19:14:47
P0084,Orange Soft Drink Mini Family Pack,200,M042,Acetic Acid,2000,27-05-25 19:14:47
P0084,Orange Soft Drink Mini Family Pack,200,M003,Citric Acid,2000,04-06-25 19:14:47
P0085,Masala Potato Chips Mini Mini,200,M014,Garlic Powder,1000,31-05-25 19:14:47
P0085,Masala Potato Chips Mini Mini,200,M008,Sunflower Oil,100,05-06-25 19:14:47
P0085,Masala Potato Chips Mini Mini,200,M002,Salt,500,20-06-25 19:14:47
P0086,Sweet Corn Puffs XL Lite,100,M009,Palm Oil,200,12-06-25 19:14:47
P0086,Sweet Corn Puffs XL Lite,100,M015,Maltodextrin,100,06-06-25 19:14:47
P0086,Sweet Corn Puffs XL Lite,100,M020,Natural Flavors,1000,13-06-25 19:14:47
P0087,Butter Popcorn XL,5000,M002,Salt,200,01-06-25 19:14:47
P0087,Butter Popcorn XL,5000,M026,Cocoa Powder,2000,07-06-25 19:14:47
P0087,Butter Popcorn XL,5000,M033,Vanillin,100,28-05-25 19:14:47
P0088,Mint Flavored Soda XL,1000,M001,Sugar,100,04-06-25 19:14:47
P0088,Mint Flavored Soda XL,1000,M033,Vanillin,1000,03-06-25 19:14:47
P0088,Mint Flavored Soda XL,1000,M042,Acetic Acid,200,02-06-25 19:14:47
P0089,Chocolate Milk Drink Mini Max XL Lite,5000,M042,Acetic Acid,100,04-06-25 19:14:47
P0089,Chocolate Milk Drink Mini Max XL Lite,5000,M033,Vanillin,1000,19-06-25 19:14:47
P0089,Chocolate Milk Drink Mini Max XL Lite,5000,M003,Citric Acid,1000,30-05-25 19:14:47
P0090,Sweet Corn Puffs XL Mini Pro,100,M006,Corn,200,01-06-25 19:14:47
P0090,Sweet Corn Puffs XL Mini Pro,100,M015,Maltodextrin,2000,11-06-25 19:14:47
P0090,Sweet Corn Puffs XL Mini Pro,100,M002,Salt,200,15-06-25 19:14:47
P0091,Spicy Tortilla Chips Lite,200,M019,Paprika Extract,200,25-05-25 19:14:47
P0091,Spicy Tortilla Chips Lite,200,M007,Vegetable Oil,100,15-06-25 19:14:47
P0091,Spicy Tortilla Chips Lite,200,M008,Sunflower Oil,1000,29-05-25 19:14:47
P0092,Cola Beverage Mini,500,M033,Vanillin,200,13-06-25 19:14:47
P0092,Cola Beverage Mini,500,M020,Natural Flavors,100,11-06-25 19:14:47
P0092,Cola Beverage Mini,500,M042,Acetic Acid,100,15-06-25 19:14:47
P0093,Tomato Flavored Chips Pro XL Pro,1000,M008,Sunflower Oil,200,31-05-25 19:14:47
P0093,Tomato Flavored Chips Pro XL Pro,1000,M007,Vegetable Oil,1000,31-05-25 19:14:47
P0093,Tomato Flavored Chips Pro XL Pro,1000,M011,Cheddar Cheese,200,09-06-25 19:14:47
P0094,Chocolate Milk Drink Pro,100,M042,Acetic Acid,1000,29-05-25 19:14:47
P0094,Chocolate Milk Drink Pro,100,M033,Vanillin,1000,12-06-25 19:14:47
P0094,Chocolate Milk Drink Pro,100,M003,Citric Acid,100,02-06-25 19:14:47
P0095,Masala Potato Chips Mini Family Pack Pro Max,500,M013,Onion Powder,200,24-05-25 19:14:47
P0095,Masala Potato Chips Mini Family Pack Pro Max,500,M005,Potatoes,2000,05-06-25 19:14:47
P0095,Masala Potato Chips Mini Family Pack Pro Max,500,M007,Vegetable Oil,200,16-06-25 19:14:47
P0096,Butter Popcorn XL Lite,200,M002,Salt,200,08-06-25 19:14:47
P0096,Butter Popcorn XL Lite,200,M033,Vanillin,2000,03-06-25 19:14:47
P0096,Butter Popcorn XL Lite,200,M026,Cocoa Powder,100,31-05-25 19:14:47
P0097,Sweet Corn Puffs Lite Lite,5000,M020,Natural Flavors,1000,08-06-25 19:14:47
P0097,Sweet Corn Puffs Lite Lite,5000,M006,Corn,2000,15-06-25 19:14:47
P0097,Sweet Corn Puffs Lite Lite,5000,M003,Citric Acid,1000,16-06-25 19:14:47
P0098,Whey Protein Bar Max Family Pack Lite,2000,M033,Vanillin,500,31-05-25 19:14:47
P0098,Whey Protein Bar Max Family Pack Lite,2000,M027,Milk Solids,2000,30-05-25 19:14:47
P0098,Whey Protein Bar Max Family Pack Lite,2000,M028,Skimmed Milk Powder,200,20-06-25 19:14:47
P0099,Tomato Flavored Chips Pro XL Pro Mini,5000,M008,Sunflower Oil,500,31-05-25 19:14:47
P0099,Tomato Flavored Chips Pro XL Pro Mini,5000,M020,Natural Flavors,500,26-05-25 19:14:47
P0099,Tomato Flavored Chips Pro XL Pro Mini,5000,M005,Potatoes,100,28-05-25 19:14:47
P0100,Sweet Corn Puffs XL Mini Lite,2000,M020,Natural Flavors,2000,29-05-25 19:14:47
P0100,Sweet Corn Puffs XL Mini Lite,2000,M015,Maltodextrin,200,06-06-25 19:14:47
P0100,Sweet Corn Puffs XL Mini Lite,2000,M003,Citric Acid,2000,30-05-25 19:14:47
P0101,Iced Tea - Peach Mini Lite,500,M042,Acetic Acid,100,13-06-25 19:14:47
P0101,Iced Tea - Peach Mini Lite,500,M037,Caramel Color,500,20-06-25 19:14:47
P0101,Iced Tea - Peach Mini Lite,500,M024,Ascorbic Acid,200,03-06-25 19:14:47
P0102,Energy Drink - Citrus Mini Family Pack,500,M037,Caramel Color,500,13-06-25 19:14:47
P0102,Energy Drink - Citrus Mini Family Pack,500,M024,Ascorbic Acid,100,08-06-25 19:14:47
P0102,Energy Drink - Citrus Mini Family Pack,500,M020,Natural Flavors,2000,05-06-25 19:14:47
P0103,Orange Soft Drink Max Family Pack,2000,M020,Natural Flavors,100,26-05-25 19:14:47
P0103,Orange Soft Drink Max Family Pack,2000,M037,Caramel Color,500,03-06-25 19:14:47
P0103,Orange Soft Drink Max Family Pack,2000,M003,Citric Acid,200,17-06-25 19:14:47
P0104,Tomato Flavored Chips Pro XL Family Pack,5000,M008,Sunflower Oil,100,30-05-25 19:14:47
P0104,Tomato Flavored Chips Pro XL Family Pack,5000,M013,Onion Powder,200,30-05-25 19:14:47
P0104,Tomato Flavored Chips Pro XL Family Pack,5000,M019,Paprika Extract,500,26-05-25 19:14:47
P0105,Roasted Almonds Family Pack,100,M015,Maltodextrin,100,31-05-25 19:14:47
P0105,Roasted Almonds Family Pack,100,M002,Salt,2000,28-05-25 19:14:47
P0105,Roasted Almonds Family Pack,100,M007,Vegetable Oil,2000,03-06-25 19:14:47
P0106,Salted Peanuts Max Family Pack,500,M002,Salt,1000,28-05-25 19:14:47
P0106,Salted Peanuts Max Family Pack,500,M019,Paprika Extract,200,26-05-25 19:14:47
P0106,Salted Peanuts Max Family Pack,500,M015,Maltodextrin,200,29-05-25 19:14:47
P0107,Sweet Corn Puffs XL Mini Lite XL,100,M015,Maltodextrin,100,21-06-25 19:14:47
P0107,Sweet Corn Puffs XL Mini Lite XL,100,M020,Natural Flavors,100,16-06-25 19:14:47
P0107,Sweet Corn Puffs XL Mini Lite XL,100,M009,Palm Oil,100,02-06-25 19:14:47
P0108,Iced Tea - Peach Mini Lite Pro,500,M020,Natural Flavors,200,21-06-25 19:14:47
P0108,Iced Tea - Peach Mini Lite Pro,500,M037,Caramel Color,500,22-06-25 19:14:47
P0108,Iced Tea - Peach Mini Lite Pro,500,M033,Vanillin,500,12-06-25 19:14:47
P0109,Barbecue Corn Chips Pro,2000,M008,Sunflower Oil,200,18-06-25 19:14:47
P0109,Barbecue Corn Chips Pro,2000,M020,Natural Flavors,500,06-06-25 19:14:47
P0109,Barbecue Corn Chips Pro,2000,M014,Garlic Powder,1000,30-05-25 19:14:47
P0110,Masala Potato Chips Mini Family Pack Pro Max Family Pack,2000,M002,Salt,200,07-06-25 19:14:47
P0110,Masala Potato Chips Mini Family Pack Pro Max Family Pack,2000,M011,Cheddar Cheese,2000,26-05-25 19:14:47
P0110,Masala Potato Chips Mini Family Pack Pro Max Family Pack,2000,M008,Sunflower Oil,100,18-06-25 19:14:47
P0111,Chocolate Milk Drink Mini Max Max XL,100,M042,Acetic Acid,200,31-05-25 19:14:47
P0111,Chocolate Milk Drink Mini Max Max XL,100,M003,Citric Acid,1000,17-06-25 19:14:47
P0111,Chocolate Milk Drink Mini Max Max XL,100,M033,Vanillin,500,07-06-25 19:14:47
P0112,Orange Soft Drink Max Mini,1000,M033,Vanillin,200,13-06-25 19:14:47
P0112,Orange Soft Drink Max Mini,1000,M003,Citric Acid,100,28-05-25 19:14:47
P0112,Orange Soft Drink Max Mini,1000,M042,Acetic Acid,500,05-06-25 19:14:47
P0113,Sweet Corn Puffs XL Mini Lite Family Pack,200,M020,Natural Flavors,500,18-06-25 19:14:47
P0113,Sweet Corn Puffs XL Mini Lite Family Pack,200,M003,Citric Acid,200,28-05-25 19:14:47
P0113,Sweet Corn Puffs XL Mini Lite Family Pack,200,M006,Corn,100,07-06-25 19:14:47
P0114,Mint Flavored Soda Max,100,M037,Caramel Color,2000,30-05-25 19:14:47
P0114,Mint Flavored Soda Max,100,M024,Ascorbic Acid,2000,25-05-25 19:14:47
P0114,Mint Flavored Soda Max,100,M042,Acetic Acid,200,07-06-25 19:14:47
P0115,Cheese Crackers Max Max,5000,M026,Cocoa Powder,500,21-06-25 19:14:47
P0115,Cheese Crackers Max Max,5000,M027,Milk Solids,1000,25-05-25 19:14:47
P0115,Cheese Crackers Max Max,5000,M002,Salt,1000,19-06-25 19:14:47
P0116,Sweet Corn Puffs XL Mini Lite Family Pack Pro,1000,M020,Natural Flavors,1000,24-05-25 19:14:47
P0116,Sweet Corn Puffs XL Mini Lite Family Pack Pro,1000,M002,Salt,500,01-06-25 19:14:47
P0116,Sweet Corn Puffs XL Mini Lite Family Pack Pro,1000,M009,Palm Oil,2000,06-06-25 19:14:47
P0117,Sweet Corn Puffs XL Mini Lite XL Pro,500,M003,Citric Acid,2000,18-06-25 19:14:47
P0117,Sweet Corn Puffs XL Mini Lite XL Pro,500,M020,Natural Flavors,500,03-06-25 19:14:47
P0117,Sweet Corn Puffs XL Mini Lite XL Pro,500,M006,Corn,500,05-06-25 19:14:47
P0118,Chocolate Milk Drink Mini Max Family Pack Pro Mini Family Pack,200,M024,Ascorbic Acid,500,05-06-25 19:14:47
P0118,Chocolate Milk Drink Mini Max Family Pack Pro Mini Family Pack,200,M001,Sugar,200,01-06-25 19:14:47
P0118,Chocolate Milk Drink Mini Max Family Pack Pro Mini Family Pack,200,M042,Acetic Acid,200,21-06-25 19:14:47
P0119,Spicy Tortilla Chips Lite Pro,2000,M005,Potatoes,500,31-05-25 19:14:47
P0119,Spicy Tortilla Chips Lite Pro,2000,M011,Cheddar Cheese,500,19-06-25 19:14:47
P0119,Spicy Tortilla Chips Lite Pro,2000,M020,Natural Flavors,500,09-06-25 19:14:47
P0120,Cheese Crackers Max Max Family Pack,200,M025,Soy Lecithin,2000,07-06-25 19:14:47
P0120,Cheese Crackers Max Max Family Pack,200,M026,Cocoa Powder,500,06-06-25 19:14:47
P0120,Cheese Crackers Max Max Family Pack,200,M002,Salt,2000,22-06-25 19:14:47
P0121,Coffee Can Drink Max Mini,200,M037,Caramel Color,500,09-06-25 19:14:47
P0121,Coffee Can Drink Max Mini,200,M033,Vanillin,100,21-06-25 19:14:47
P0121,Coffee Can Drink Max Mini,200,M020,Natural Flavors,200,25-05-25 19:14:47
P0122,Barbecue Corn Chips Family Pack,5000,M002,Salt,500,10-06-25 19:14:47
P0122,Barbecue Corn Chips Family Pack,5000,M013,Onion Powder,1000,14-06-25 19:14:47
P0122,Barbecue Corn Chips Family Pack,5000,M019,Paprika Extract,100,19-06-25 19:14:47
P0123,Masala Potato Chips Mini Family Pack Pro Max Family Pack Pro,5000,M007,Vegetable Oil,100,19-06-25 19:14:47
P0123,Masala Potato Chips Mini Family Pack Pro Max Family Pack Pro,5000,M005,Potatoes,100,07-06-25 19:14:47
P0123,Masala Potato Chips Mini Family Pack Pro Max Family Pack Pro,5000,M011,Cheddar Cheese,1000,14-06-25 19:14:47
P0124,Tomato Flavored Chips Pro Max,1000,M019,Paprika Extract,1000,07-06-25 19:14:47
P0124,Tomato Flavored Chips Pro Max,1000,M002,Salt,100,18-06-25 19:14:47
P0124,Tomato Flavored Chips Pro Max,1000,M008,Sunflower Oil,200,26-05-25 19:14:47
P0125,Chocolate Milk Drink Pro Max,2000,M037,Caramel Color,200,26-05-25 19:14:47
P0125,Chocolate Milk Drink Pro Max,2000,M024,Ascorbic Acid,1000,26-05-25 19:14:47
P0125,Chocolate Milk Drink Pro Max,2000,M020,Natural Flavors,500,27-05-25 19:14:47
P0126,Sweet Corn Puffs XL Mini Lite XL Pro Pro,100,M003,Citric Acid,100,31-05-25 19:14:47
P0126,Sweet Corn Puffs XL Mini Lite XL Pro Pro,100,M009,Palm Oil,100,24-05-25 19:14:47
P0126,Sweet Corn Puffs XL Mini Lite XL Pro Pro,100,M020,Natural Flavors,500,10-06-25 19:14:47
P0127,Energy Drink - Citrus Mini XL,1000,M020,Natural Flavors,1000,18-06-25 19:14:47
P0127,Energy Drink - Citrus Mini XL,1000,M001,Sugar,1000,26-05-25 19:14:47
P0127,Energy Drink - Citrus Mini XL,1000,M037,Caramel Color,200,21-06-25 19:14:47
P0128,Sweet Corn Puffs XL Mini Lite XL Lite,5000,M003,Citric Acid,100,18-06-25 19:14:47
P0128,Sweet Corn Puffs XL Mini Lite XL Lite,5000,M009,Palm Oil,2000,25-05-25 19:14:47
P0128,Sweet Corn Puffs XL Mini Lite XL Lite,5000,M020,Natural Flavors,200,25-05-25 19:14:47
P0129,Chocolate Milk Drink Mini Max Family Pack Pro XL XL,5000,M037,Caramel Color,1000,20-06-25 19:14:47
P0129,Chocolate Milk Drink Mini Max Family Pack Pro XL XL,5000,M020,Natural Flavors,100,09-06-25 19:14:47
P0129,Chocolate Milk Drink Mini Max Family Pack Pro XL XL,5000,M003,Citric Acid,1000,25-05-25 19:14:47
P0130,Lemon Soda XL,5000,M042,Acetic Acid,100,04-06-25 19:14:47
P0130,Lemon Soda XL,5000,M001,Sugar,200,27-05-25 19:14:47
P0130,Lemon Soda XL,5000,M037,Caramel Color,500,18-06-25 19:14:47
P0131,Chocolate Milk Drink Mini Max Family Pack Pro Mini Family Pack Lite,500,M001,Sugar,2000,22-06-25 19:14:47
P0131,Chocolate Milk Drink Mini Max Family Pack Pro Mini Family Pack Lite,500,M024,Ascorbic Acid,100,02-06-25 19:14:47
P0131,Chocolate Milk Drink Mini Max Family Pack Pro Mini Family Pack Lite,500,M020,Natural Flavors,1000,11-06-25 19:14:47
P0132,Tomato Flavored Chips Pro XL Lite,5000,M014,Garlic Powder,2000,24-05-25 19:14:47
P0132,Tomato Flavored Chips Pro XL Lite,5000,M005,Potatoes,200,27-05-25 19:14:47
P0132,Tomato Flavored Chips Pro XL Lite,5000,M013,Onion Powder,2000,01-06-25 19:14:47
P0133,Mint Flavored Soda Mini Lite,2000,M037,Caramel Color,1000,28-05-25 19:14:47
P0133,Mint Flavored Soda Mini Lite,2000,M033,Vanillin,1000,14-06-25 19:14:47
P0133,Mint Flavored Soda Mini Lite,2000,M020,Natural Flavors,100,31-05-25 19:14:47
P0134,Roasted Almonds XL,1000,M019,Paprika Extract,1000,06-06-25 19:14:47
P0134,Roasted Almonds XL,1000,M015,Maltodextrin,2000,02-06-25 19:14:47
P0134,Roasted Almonds XL,1000,M007,Vegetable Oil,100,13-06-25 19:14:47
P0135,Butter Popcorn Max,100,M038,Baking Powder,100,20-06-25 19:14:47
P0135,Butter Popcorn Max,100,M002,Salt,2000,14-06-25 19:14:47
P0135,Butter Popcorn Max,100,M025,Soy Lecithin,1000,07-06-25 19:14:47
P0136,Cheese Crackers Max Lite,100,M001,Sugar,100,01-06-25 19:14:47
P0136,Cheese Crackers Max Lite,100,M027,Milk Solids,1000,18-06-25 19:14:47
P0136,Cheese Crackers Max Lite,100,M038,Baking Powder,200,03-06-25 19:14:47
P0137,Butter Popcorn XL Lite XL,500,M033,Vanillin,500,12-06-25 19:14:47
P0137,Butter Popcorn XL Lite XL,500,M038,Baking Powder,2000,06-06-25 19:14:47
P0137,Butter Popcorn XL Lite XL,500,M025,Soy Lecithin,500,02-06-25 19:14:47
P0138,Salted Peanuts Max XL,500,M002,Salt,100,10-06-25 19:14:47
P0138,Salted Peanuts Max XL,500,M007,Vegetable Oil,100,19-06-25 19:14:47
P0138,Salted Peanuts Max XL,500,M019,Paprika Extract,100,01-06-25 19:14:47
P0139,Orange Soft Drink Mini Max,500,M042,Acetic Acid,1000,01-06-25 19:14:47
P0139,Orange Soft Drink Mini Max,500,M003,Citric Acid,500,08-06-25 19:14:47
P0139,Orange Soft Drink Mini Max,500,M033,Vanillin,500,19-06-25 19:14:47
P0140,Sour Cream Crisps Max,100,M005,Potatoes,200,06-06-25 19:14:47
P0140,Sour Cream Crisps Max,100,M019,Paprika Extract,100,30-05-25 19:14:47
P0140,Sour Cream Crisps Max,100,M014,Garlic Powder,500,10-06-25 19:14:47
P0141,Chocolate Milk Drink Mini Max Mini,100,M020,Natural Flavors,1000,11-06-25 19:14:47
P0141,Chocolate Milk Drink Mini Max Mini,100,M003,Citric Acid,2000,08-06-25 19:14:47
P0141,Chocolate Milk Drink Mini Max Mini,100,M042,Acetic Acid,500,18-06-25 19:14:47
P0142,Chocolate Milk Drink Mini Max Family Pack Pro Mini Lite XL,5000,M033,Vanillin,100,29-05-25 19:14:47
P0142,Chocolate Milk Drink Mini Max Family Pack Pro Mini Lite XL,5000,M037,Caramel Color,100,24-05-25 19:14:47
P0142,Chocolate Milk Drink Mini Max Family Pack Pro Mini Lite XL,5000,M020,Natural Flavors,200,03-06-25 19:14:47
P0143,Sweet Corn Puffs Lite Mini,1000,M003,Citric Acid,2000,01-06-25 19:14:47
P0143,Sweet Corn Puffs Lite Mini,1000,M009,Palm Oil,2000,26-05-25 19:14:47
P0143,Sweet Corn Puffs Lite Mini,1000,M006,Corn,100,26-05-25 19:14:47
P0144,Salted Potato Chips Family Pack,1000,M013,Onion Powder,200,26-05-25 19:14:47
P0144,Salted Potato Chips Family Pack,1000,M005,Potatoes,1000,06-06-25 19:14:47
P0144,Salted Potato Chips Family Pack,1000,M011,Cheddar Cheese,2000,21-06-25 19:14:47
P0145,Snack Mix - Trail Max,5000,M006,Corn,200,15-06-25 19:14:47
P0145,Snack Mix - Trail Max,5000,M002,Salt,500,09-06-25 19:14:47
P0145,Snack Mix - Trail Max,5000,M015,Maltodextrin,100,04-06-25 19:14:47
P0146,Chocolate Milk Drink Mini XL,5000,M003,Citric Acid,1000,03-06-25 19:14:47
P0146,Chocolate Milk Drink Mini XL,5000,M020,Natural Flavors,500,01-06-25 19:14:47
P0146,Chocolate Milk Drink Mini XL,5000,M001,Sugar,200,21-06-25 19:14:47
P0147,Milkshake - Strawberry Family Pack,200,M028,Skimmed Milk Powder,100,03-06-25 19:14:47
P0147,Milkshake - Strawberry Family Pack,200,M010,Whey Protein,500,18-06-25 19:14:47
P0147,Milkshake - Strawberry Family Pack,200,M016,Dextrose,1000,20-06-25 19:14:47
P0148,Mint Flavored Soda Mini Lite Lite,500,M020,Natural Flavors,200,21-06-25 19:14:47
P0148,Mint Flavored Soda Mini Lite Lite,500,M003,Citric Acid,2000,29-05-25 19:14:47
P0148,Mint Flavored Soda Mini Lite Lite,500,M037,Caramel Color,500,17-06-25 19:14:47
P0149,Sweet Corn Puffs XL Mini Pro Lite,100,M002,Salt,1000,27-05-25 19:14:47
P0149,Sweet Corn Puffs XL Mini Pro Lite,100,M015,Maltodextrin,100,13-06-25 19:14:47
P0149,Sweet Corn Puffs XL Mini Pro Lite,100,M020,Natural Flavors,1000,13-06-25 19:14:47
P0150,Spicy Tortilla Chips Lite Lite,100,M008,Sunflower Oil,1000,13-06-25 19:14:47
P0150,Spicy Tortilla Chips Lite Lite,100,M019,Paprika Extract,2000,28-05-25 19:14:47
P0150,Spicy Tortilla Chips Lite Lite,100,M011,Cheddar Cheese,1000,15-06-25 19:14:47
P0151,Orange Soft Drink Max Family Pack Family Pack,2000,M020,Natural Flavors,1000,13-06-25 19:14:47
P0151,Orange Soft Drink Max Family Pack Family Pack,2000,M033,Vanillin,200,03-06-25 19:14:47
P0151,Orange Soft Drink Max Family Pack Family Pack,2000,M003,Citric Acid,2000,10-06-25 19:14:47
P0152,Snack Mix - Trail Max Pro,500,M003,Citric Acid,500,20-06-25 19:14:47
P0152,Snack Mix - Trail Max Pro,500,M006,Corn,2000,30-05-25 19:14:47
P0152,Snack Mix - Trail Max Pro,500,M009,Palm Oil,2000,10-06-25 19:14:47
P0153,Tomato Flavored Chips Pro XL Mini,500,M002,Salt,1000,16-06-25 19:14:47
P0153,Tomato Flavored Chips Pro XL Mini,500,M008,Sunflower Oil,1000,30-05-25 19:14:47
P0153,Tomato Flavored Chips Pro XL Mini,500,M020,Natural Flavors,500,18-06-25 19:14:47
P0154,Sweet Corn Puffs XL Mini Mini,2000,M015,Maltodextrin,2000,01-06-25 19:14:47
P0154,Sweet Corn Puffs XL Mini Mini,2000,M002,Salt,500,28-05-25 19:14:47
P0154,Sweet Corn Puffs XL Mini Mini,2000,M009,Palm Oil,500,01-06-25 19:14:47
P0155,Chocolate Milk Drink Mini Max Family Pack Pro Mini Family Pack Lite Pro,100,M001,Sugar,1000,04-06-25 19:14:47
P0155,Chocolate Milk Drink Mini Max Family Pack Pro Mini Family Pack Lite Pro,100,M024,Ascorbic Acid,1000,30-05-25 19:14:47
P0155,Chocolate Milk Drink Mini Max Family Pack Pro Mini Family Pack Lite Pro,100,M003,Citric Acid,1000,26-05-25 19:14:47
P0156,Spicy Tortilla Chips Lite Lite Family Pack,500,M011,Cheddar Cheese,500,19-06-25 19:14:47
P0156,Spicy Tortilla Chips Lite Lite Family Pack,500,M007,Vegetable Oil,2000,10-06-25 19:14:47
P0156,Spicy Tortilla Chips Lite Lite Family Pack,500,M002,Salt,2000,05-06-25 19:14:47
P0157,Masala Potato Chips Pro,1000,M007,Vegetable Oil,1000,03-06-25 19:14:47
P0157,Masala Potato Chips Pro,1000,M014,Garlic Powder,2000,02-06-25 19:14:47
P0157,Masala Potato Chips Pro,1000,M013,Onion Powder,1000,25-05-25 19:14:47
P0158,Sweet Corn Puffs XL Mini Lite XL Pro Pro Lite,100,M015,Maltodextrin,100,21-06-25 19:14:47
P0158,Sweet Corn Puffs XL Mini Lite XL Pro Pro Lite,100,M009,Palm Oil,500,31-05-25 19:14:47
P0158,Sweet Corn Puffs XL Mini Lite XL Pro Pro Lite,100,M003,Citric Acid,100,07-06-25 19:14:47
P0159,Cheese Crackers Family Pack Pro,200,M038,Baking Powder,100,02-06-25 19:14:47
P0159,Cheese Crackers Family Pack Pro,200,M001,Sugar,100,20-06-25 19:14:47
P0159,Cheese Crackers Family Pack Pro,200,M027,Milk Solids,100,26-05-25 19:14:47
P0160,Sweet Corn Puffs XL Mini Lite XL Family Pack,2000,M002,Salt,500,25-05-25 19:14:47
P0160,Sweet Corn Puffs XL Mini Lite XL Family Pack,2000,M006,Corn,2000,29-05-25 19:14:47
P0160,Sweet Corn Puffs XL Mini Lite XL Family Pack,2000,M020,Natural Flavors,1000,07-06-25 19:14:47
P0161,Orange Soft Drink Mini Family Pack Family Pack,1000,M003,Citric Acid,1000,10-06-25 19:14:47
P0161,Orange Soft Drink Mini Family Pack Family Pack,1000,M020,Natural Flavors,200,01-06-25 19:14:47
P0161,Orange Soft Drink Mini Family Pack Family Pack,1000,M037,Caramel Color,1000,10-06-25 19:14:47
P0162,Milkshake - Strawberry Pro,5000,M033,Vanillin,1000,26-05-25 19:14:47
P0162,Milkshake - Strawberry Pro,5000,M010,Whey Protein,200,16-06-25 19:14:47
P0162,Milkshake - Strawberry Pro,5000,M025,Soy Lecithin,1000,21-06-25 19:14:47
P0163,Whey Protein Bar Family Pack Mini,500,M010,Whey Protein,500,27-05-25 19:14:47
P0163,Whey Protein Bar Family Pack Mini,500,M028,Skimmed Milk Powder,100,25-05-25 19:14:47
P0163,Whey Protein Bar Family Pack Mini,500,M016,Dextrose,100,30-05-25 19:14:47
P0164,Chocolate Chip Cookies Max Max,2000,M008,Sunflower Oil,1000,11-06-25 19:14:47
P0164,Chocolate Chip Cookies Max Max,2000,M019,Paprika Extract,200,19-06-25 19:14:47
P0164,Chocolate Chip Cookies Max Max,2000,M013,Onion Powder,100,01-06-25 19:14:47
P0165,Butter Popcorn Pro,2000,M001,Sugar,500,03-06-25 19:14:47
P0165,Butter Popcorn Pro,2000,M038,Baking Powder,100,16-06-25 19:14:47
P0165,Butter Popcorn Pro,2000,M033,Vanillin,200,12-06-25 19:14:47
P0166,Coffee Can Drink Max Mini Mini,100,M042,Acetic Acid,200,14-06-25 19:14:47
P0166,Coffee Can Drink Max Mini Mini,100,M033,Vanillin,500,10-06-25 19:14:47
P0166,Coffee Can Drink Max Mini Mini,100,M024,Ascorbic Acid,200,01-06-25 19:14:47
P0167,Masala Potato Chips Lite Max Max,2000,M002,Salt,2000,19-06-25 19:14:47
P0167,Masala Potato Chips Lite Max Max,2000,M020,Natural Flavors,100,26-05-25 19:14:47
P0167,Masala Potato Chips Lite Max Max,2000,M013,Onion Powder,100,08-06-25 19:14:47
P0168,Chocolate Milk Drink Mini Max Family Pack Pro Mini Family Pack Max,5000,M020,Natural Flavors,2000,04-06-25 19:14:47
P0168,Chocolate Milk Drink Mini Max Family Pack Pro Mini Family Pack Max,5000,M033,Vanillin,1000,02-06-25 19:14:47
P0168,Chocolate Milk Drink Mini Max Family Pack Pro Mini Family Pack Max,5000,M024,Ascorbic Acid,200,18-06-25 19:14:47
P0169,Sweet Corn Puffs Family Pack Max,1000,M003,Citric Acid,100,09-06-25 19:14:47
P0169,Sweet Corn Puffs Family Pack Max,1000,M015,Maltodextrin,200,11-06-25 19:14:47
P0169,Sweet Corn Puffs Family Pack Max,1000,M002,Salt,2000,04-06-25 19:14:47
P0170,Orange Soft Drink Max Mini Pro,1000,M024,Ascorbic Acid,100,20-06-25 19:14:47
P0170,Orange Soft Drink Max Mini Pro,1000,M042,Acetic Acid,2000,12-06-25 19:14:47
P0170,Orange Soft Drink Max Mini Pro,1000,M020,Natural Flavors,2000,05-06-25 19:14:47
P0171,Chocolate Milk Drink Mini Max Max XL Max,1000,M042,Acetic Acid,500,30-05-25 19:14:47
P0171,Chocolate Milk Drink Mini Max Max XL Max,1000,M020,Natural Flavors,200,14-06-25 19:14:47
P0171,Chocolate Milk Drink Mini Max Max XL Max,1000,M037,Caramel Color,200,15-06-25 19:14:47
P0172,Sweet Corn Puffs XL Mini XL,100,M009,Palm Oil,500,25-05-25 19:14:47
P0172,Sweet Corn Puffs XL Mini XL,100,M020,Natural Flavors,1000,12-06-25 19:14:47
P0172,Sweet Corn Puffs XL Mini XL,100,M002,Salt,200,19-06-25 19:14:47
P0173,Sweet Corn Puffs XL Mini Lite Family Pack Mini,100,M003,Citric Acid,200,26-05-25 19:14:47
P0173,Sweet Corn Puffs XL Mini Lite Family Pack Mini,100,M002,Salt,100,06-06-25 19:14:47
P0173,Sweet Corn Puffs XL Mini Lite Family Pack Mini,100,M015,Maltodextrin,2000,01-06-25 19:14:47
P0174,Cheese Nachos XL Max,500,M020,Natural Flavors,100,21-06-25 19:14:47
P0174,Cheese Nachos XL Max,500,M006,Corn,500,09-06-25 19:14:47
P0174,Cheese Nachos XL Max,500,M011,Cheddar Cheese,500,28-05-25 19:14:47
P0175,Orange Soft Drink Mini Max Family Pack,5000,M001,Sugar,100,28-05-25 19:14:47
P0175,Orange Soft Drink Mini Max Family Pack,5000,M003,Citric Acid,2000,16-06-25 19:14:47
P0175,Orange Soft Drink Mini Max Family Pack,5000,M037,Caramel Color,100,08-06-25 19:14:47
P0176,Chocolate Milk Drink Pro Max Mini,200,M020,Natural Flavors,1000,27-05-25 19:14:47
P0176,Chocolate Milk Drink Pro Max Mini,200,M042,Acetic Acid,200,17-06-25 19:14:47
P0176,Chocolate Milk Drink Pro Max Mini,200,M037,Caramel Color,200,10-06-25 19:14:47
P0177,Chocolate Milk Drink Mini Max Mini Lite,500,M003,Citric Acid,1000,04-06-25 19:14:47
P0177,Chocolate Milk Drink Mini Max Mini Lite,500,M024,Ascorbic Acid,2000,26-05-25 19:14:47
P0177,Chocolate Milk Drink Mini Max Mini Lite,500,M001,Sugar,2000,24-05-25 19:14:47
P0178,Masala Potato Chips Mini Family Pack Family Pack,100,M019,Paprika Extract,500,26-05-25 19:14:47
P0178,Masala Potato Chips Mini Family Pack Family Pack,100,M014,Garlic Powder,500,21-06-25 19:14:47
P0178,Masala Potato Chips Mini Family Pack Family Pack,100,M013,Onion Powder,1000,07-06-25 19:14:47
P0179,Masala Potato Chips XL,2000,M019,Paprika Extract,2000,15-06-25 19:14:47
P0179,Masala Potato Chips XL,2000,M007,Vegetable Oil,500,15-06-25 19:14:47
P0179,Masala Potato Chips XL,2000,M005,Potatoes,100,24-05-25 19:14:47
P0180,Lemon Soda Family Pack,200,M020,Natural Flavors,200,01-06-25 19:14:47
P0180,Lemon Soda Family Pack,200,M037,Caramel Color,100,12-06-25 19:14:47
P0180,Lemon Soda Family Pack,200,M024,Ascorbic Acid,2000,27-05-25 19:14:47
P0181,Cheese Crackers Max Max Mini,200,M001,Sugar,2000,17-06-25 19:14:47
P0181,Cheese Crackers Max Max Mini,200,M025,Soy Lecithin,2000,29-05-25 19:14:47
P0181,Cheese Crackers Max Max Mini,200,M027,Milk Solids,100,13-06-25 19:14:47
P0182,Whey Protein Bar Max Family Pack Lite Pro,5000,M028,Skimmed Milk Powder,2000,05-06-25 19:14:47
P0182,Whey Protein Bar Max Family Pack Lite Pro,5000,M025,Soy Lecithin,100,04-06-25 19:14:47
P0182,Whey Protein Bar Max Family Pack Lite Pro,5000,M033,Vanillin,1000,09-06-25 19:14:47
P0183,Snack Mix - Trail Max Pro XL,2000,M009,Palm Oil,200,13-06-25 19:14:47
P0183,Snack Mix - Trail Max Pro XL,2000,M006,Corn,200,03-06-25 19:14:47
P0183,Snack Mix - Trail Max Pro XL,2000,M020,Natural Flavors,500,15-06-25 19:14:47
P0184,Spicy Tortilla Chips Lite Lite Family Pack Family Pack,2000,M019,Paprika Extract,1000,25-05-25 19:14:47
P0184,Spicy Tortilla Chips Lite Lite Family Pack Family Pack,2000,M007,Vegetable Oil,500,15-06-25 19:14:47
P0184,Spicy Tortilla Chips Lite Lite Family Pack Family Pack,2000,M020,Natural Flavors,200,16-06-25 19:14:47
P0185,Tomato Flavored Chips Pro XL Family Pack Pro,500,M011,Cheddar Cheese,2000,16-06-25 19:14:47
P0185,Tomato Flavored Chips Pro XL Family Pack Pro,500,M002,Salt,2000,12-06-25 19:14:47
P0185,Tomato Flavored Chips Pro XL Family Pack Pro,500,M007,Vegetable Oil,1000,12-06-25 19:14:47
P0186,Masala Potato Chips Mini Family Pack Pro Max Family Pack Pro Pro,1000,M007,Vegetable Oil,1000,15-06-25 19:14:47
P0186,Masala Potato Chips Mini Family Pack Pro Max Family Pack Pro Pro,1000,M011,Cheddar Cheese,200,17-06-25 19:14:47
P0186,Masala Potato Chips Mini Family Pack Pro Max Family Pack Pro Pro,1000,M005,Potatoes,2000,17-06-25 19:14:47
P0187,Cola Beverage Mini Pro,2000,M020,Natural Flavors,500,02-06-25 19:14:47
P0187,Cola Beverage Mini Pro,2000,M001,Sugar,2000,12-06-25 19:14:47
P0187,Cola Beverage Mini Pro,2000,M042,Acetic Acid,2000,25-05-25 19:14:47
P0188,Tomato Flavored Chips Pro Pro,2000,M007,Vegetable Oil,200,10-06-25 19:14:47
P0188,Tomato Flavored Chips Pro Pro,2000,M013,Onion Powder,200,11-06-25 19:14:47
P0188,Tomato Flavored Chips Pro Pro,2000,M002,Salt,2000,30-05-25 19:14:47
P0189,Chocolate Milk Drink Mini Max Family Pack Pro Mini Lite Mini XL,1000,M020,Natural Flavors,1000,20-06-25 19:14:47
P0189,Chocolate Milk Drink Mini Max Family Pack Pro Mini Lite Mini XL,1000,M042,Acetic Acid,500,18-06-25 19:14:47
P0189,Chocolate Milk Drink Mini Max Family Pack Pro Mini Lite Mini XL,1000,M024,Ascorbic Acid,100,15-06-25 19:14:47
P0190,Classic Salted Wafers Mini,1000,M002,Salt,200,13-06-25 19:14:47
P0190,Classic Salted Wafers Mini,1000,M005,Potatoes,1000,11-06-25 19:14:47
P0190,Classic Salted Wafers Mini,1000,M011,Cheddar Cheese,100,30-05-25 19:14:47
P0191,Mint Flavored Soda Max Lite,1000,M001,Sugar,100,04-06-25 19:14:47
P0191,Mint Flavored Soda Max Lite,1000,M024,Ascorbic Acid,100,25-05-25 19:14:47
P0191,Mint Flavored Soda Max Lite,1000,M033,Vanillin,1000,22-06-25 19:14:47
P0192,Chocolate Chip Cookies Max Lite,1000,M019,Paprika Extract,100,01-06-25 19:14:47
P0192,Chocolate Chip Cookies Max Lite,1000,M020,Natural Flavors,100,28-05-25 19:14:47
P0192,Chocolate Chip Cookies Max Lite,1000,M002,Salt,1000,03-06-25 19:14:47
P0193,Chocolate Milk Drink Pro Max Mini Mini,5000,M042,Acetic Acid,100,25-05-25 19:14:47
P0193,Chocolate Milk Drink Pro Max Mini Mini,5000,M033,Vanillin,200,06-06-25 19:14:47
P0193,Chocolate Milk Drink Pro Max Mini Mini,5000,M001,Sugar,500,21-06-25 19:14:47
P0194,Sweet Corn Puffs Lite Lite Pro,5000,M020,Natural Flavors,500,03-06-25 19:14:47
P0194,Sweet Corn Puffs Lite Lite Pro,5000,M015,Maltodextrin,100,03-06-25 19:14:47
P0194,Sweet Corn Puffs Lite Lite Pro,5000,M009,Palm Oil,200,25-05-25 19:14:47
P0195,Spicy Tortilla Chips Lite Lite Family Pack Family Pack Max,100,M008,Sunflower Oil,200,18-06-25 19:14:47
P0195,Spicy Tortilla Chips Lite Lite Family Pack Family Pack Max,100,M019,Paprika Extract,200,01-06-25 19:14:47
P0195,Spicy Tortilla Chips Lite Lite Family Pack Family Pack Max,100,M013,Onion Powder,500,30-05-25 19:14:47
P0196,Snack Mix - Trail Max Pro XL Max,200,M006,Corn,100,01-06-25 19:14:47
P0196,Snack Mix - Trail Max Pro XL Max,200,M002,Salt,1000,10-06-25 19:14:47
P0196,Snack Mix - Trail Max Pro XL Max,200,M009,Palm Oil,100,09-06-25 19:14:47
P0197,Chocolate Milk Drink Mini Max Family Pack Pro Mini Lite Mini Pro,5000,M033,Vanillin,200,16-06-25 19:14:47
P0197,Chocolate Milk Drink Mini Max Family Pack Pro Mini Lite Mini Pro,5000,M024,Ascorbic Acid,100,15-06-25 19:14:47
P0197,Chocolate Milk Drink Mini Max Family Pack Pro Mini Lite Mini Pro,5000,M037,Caramel Color,200,24-05-25 19:14:47
P0198,Sweet Corn Puffs XL Mini Lite XL Pro Pro XL,100,M009,Palm Oil,2000,30-05-25 19:14:47
P0198,Sweet Corn Puffs XL Mini Lite XL Pro Pro XL,100,M006,Corn,100,11-06-25 19:14:47
P0198,Sweet Corn Puffs XL Mini Lite XL Pro Pro XL,100,M015,Maltodextrin,1000,26-05-25 19:14:47
P0199,Masala Potato Chips Mini Family Pack Family Pack Mini,100,M005,Potatoes,2000,30-05-25 19:14:47
P0199,Masala Potato Chips Mini Family Pack Family Pack Mini,100,M014,Garlic Powder,500,04-06-25 19:14:47
P0199,Masala Potato Chips Mini Family Pack Family Pack Mini,100,M013,Onion Powder,1000,30-05-25 19:14:47
P0200,Cheese Balls Max Family Pack,200,M002,Salt,500,02-06-25 19:14:47
P0200,Cheese Balls Max Family Pack,200,M006,Corn,1000,17-06-25 19:14:47
P0200,Cheese Balls Max Family Pack,200,M003,Citric Acid,100,25-05-25 19:14:47
P0201,Roasted Almonds Family Pack Family Pack,100,M002,Salt,500,07-06-25 19:14:47
P0201,Roasted Almonds Family Pack Family Pack,100,M015,Maltodextrin,500,21-06-25 19:14:47
P0201,Roasted Almonds Family Pack Family Pack,100,M007,Vegetable Oil,200,09-06-25 19:14:47
P0202,Iced Tea - Peach Mini Lite Pro XL,500,M033,Vanillin,200,21-06-25 19:14:47
P0202,Iced Tea - Peach Mini Lite Pro XL,500,M003,Citric Acid,1000,21-06-25 19:14:47
P0202,Iced Tea - Peach Mini Lite Pro XL,500,M001,Sugar,500,20-06-25 19:14:47
P0203,Chocolate Milk Drink Mini Max Family Pack Pro Mini Lite XL Pro,100,M020,Natural Flavors,200,29-05-25 19:14:47
P0203,Chocolate Milk Drink Mini Max Family Pack Pro Mini Lite XL Pro,100,M001,Sugar,2000,07-06-25 19:14:47
P0203,Chocolate Milk Drink Mini Max Family Pack Pro Mini Lite XL Pro,100,M042,Acetic Acid,200,30-05-25 19:14:47
P0204,Orange Soft Drink Max XL,2000,M033,Vanillin,100,11-06-25 19:14:47
P0204,Orange Soft Drink Max XL,2000,M001,Sugar,100,31-05-25 19:14:47
P0204,Orange Soft Drink Max XL,2000,M020,Natural Flavors,1000,14-06-25 19:14:47
P0205,Sweet Corn Puffs Family Pack Mini,200,M002,Salt,100,01-06-25 19:14:47
P0205,Sweet Corn Puffs Family Pack Mini,200,M020,Natural Flavors,100,03-06-25 19:14:47
P0205,Sweet Corn Puffs Family Pack Mini,200,M015,Maltodextrin,200,03-06-25 19:14:47
P0206,Sweet Corn Puffs XL Mini Lite XL Lite Family Pack,100,M020,Natural Flavors,100,02-06-25 19:14:47
P0206,Sweet Corn Puffs XL Mini Lite XL Lite Family Pack,100,M003,Citric Acid,200,08-06-25 19:14:47
P0206,Sweet Corn Puffs XL Mini Lite XL Lite Family Pack,100,M009,Palm Oil,100,18-06-25 19:14:47
P0207,Milkshake - Strawberry Pro Lite,200,M010,Whey Protein,1000,31-05-25 19:14:47
P0207,Milkshake - Strawberry Pro Lite,200,M016,Dextrose,2000,25-05-25 19:14:47
P0207,Milkshake - Strawberry Pro Lite,200,M025,Soy Lecithin,100,28-05-25 19:14:47
P0208,Fruit Punch Juice Family Pack,1000,M003,Citric Acid,500,28-05-25 19:14:47
P0208,Fruit Punch Juice Family Pack,1000,M024,Ascorbic Acid,100,28-05-25 19:14:47
P0208,Fruit Punch Juice Family Pack,1000,M033,Vanillin,200,31-05-25 19:14:47
P0209,Spicy Tortilla Chips Lite Lite Family Pack Family Pack Max Pro,200,M019,Paprika Extract,1000,02-06-25 19:14:47
P0209,Spicy Tortilla Chips Lite Lite Family Pack Family Pack Max Pro,200,M013,Onion Powder,100,30-05-25 19:14:47
P0209,Spicy Tortilla Chips Lite Lite Family Pack Family Pack Max Pro,200,M002,Salt,200,17-06-25 19:14:47
P0210,Cola Beverage Mini Family Pack,200,M042,Acetic Acid,100,11-06-25 19:14:47
P0210,Cola Beverage Mini Family Pack,200,M033,Vanillin,100,04-06-25 19:14:47
P0210,Cola Beverage Mini Family Pack,200,M024,Ascorbic Acid,500,10-06-25 19:14:47
P0211,Tomato Flavored Chips Pro Max Max,200,M008,Sunflower Oil,100,27-05-25 19:14:47
P0211,Tomato Flavored Chips Pro Max Max,200,M002,Salt,500,12-06-25 19:14:47
P0211,Tomato Flavored Chips Pro Max Max,200,M007,Vegetable Oil,2000,12-06-25 19:14:47
P0212,Mint Flavored Soda Mini Lite Family Pack,5000,M037,Caramel Color,200,25-05-25 19:14:47
P0212,Mint Flavored Soda Mini Lite Family Pack,5000,M020,Natural Flavors,2000,16-06-25 19:14:47
P0212,Mint Flavored Soda Mini Lite Family Pack,5000,M003,Citric Acid,1000,13-06-25 19:14:47
P0213,Sweet Corn Puffs XL Mini Lite XL Lite Family Pack Lite,5000,M003,Citric Acid,200,13-06-25 19:14:47
P0213,Sweet Corn Puffs XL Mini Lite XL Lite Family Pack Lite,5000,M020,Natural Flavors,2000,24-05-25 19:14:47
P0213,Sweet Corn Puffs XL Mini Lite XL Lite Family Pack Lite,5000,M009,Palm Oil,200,27-05-25 19:14:47
P0214,Sweet Corn Puffs Family Pack Mini Max,2000,M009,Palm Oil,1000,14-06-25 19:14:47
P0214,Sweet Corn Puffs Family Pack Mini Max,2000,M003,Citric Acid,200,17-06-25 19:14:47
P0214,Sweet Corn Puffs Family Pack Mini Max,2000,M006,Corn,100,20-06-25 19:14:47
P0215,Chocolate Milk Drink Mini Max Family Pack Pro Mini Lite Mini XL Lite,5000,M042,Acetic Acid,1000,15-06-25 19:14:47
P0215,Chocolate Milk Drink Mini Max Family Pack Pro Mini Lite Mini XL Lite,5000,M024,Ascorbic Acid,1000,27-05-25 19:14:47
P0215,Chocolate Milk Drink Mini Max Family Pack Pro Mini Lite Mini XL Lite,5000,M001,Sugar,1000,31-05-25 19:14:47
P0216,Mint Flavored Soda XL Lite,500,M001,Sugar,500,13-06-25 19:14:47
P0216,Mint Flavored Soda XL Lite,500,M042,Acetic Acid,100,29-05-25 19:14:47
P0216,Mint Flavored Soda XL Lite,500,M024,Ascorbic Acid,2000,28-05-25 19:14:47
P0217,Sweet Corn Puffs Family Pack Mini Lite,200,M009,Palm Oil,1000,10-06-25 19:14:47
P0217,Sweet Corn Puffs Family Pack Mini Lite,200,M015,Maltodextrin,200,05-06-25 19:14:47
P0217,Sweet Corn Puffs Family Pack Mini Lite,200,M003,Citric Acid,100,20-06-25 19:14:47
P0218,Chocolate Milk Drink Mini Max Max Lite,200,M001,Sugar,200,06-06-25 19:14:47
P0218,Chocolate Milk Drink Mini Max Max Lite,200,M003,Citric Acid,1000,17-06-25 19:14:47
P0218,Chocolate Milk Drink Mini Max Max Lite,200,M042,Acetic Acid,1000,27-05-25 19:14:47
P0219,Cheese Nachos Lite,200,M020,Natural Flavors,200,12-06-25 19:14:47
P0219,Cheese Nachos Lite,200,M011,Cheddar Cheese,1000,15-06-25 19:14:47
P0219,Cheese Nachos Lite,200,M012,Tomato Powder,1000,29-05-25 19:14:47
P0220,Butter Popcorn Max Family Pack,200,M026,Cocoa Powder,100,09-06-25 19:14:47
P0220,Butter Popcorn Max Family Pack,200,M001,Sugar,500,14-06-25 19:14:47
P0220,Butter Popcorn Max Family Pack,200,M002,Salt,2000,18-06-25 19:14:47
P0221,Orange Soft Drink Max Max,2000,M033,Vanillin,100,07-06-25 19:14:47
P0221,Orange Soft Drink Max Max,2000,M020,Natural Flavors,500,07-06-25 19:14:47
P0221,Orange Soft Drink Max Max,2000,M001,Sugar,500,30-05-25 19:14:47
P0222,Cheese Nachos Lite Family Pack,200,M002,Salt,500,30-05-25 19:14:47
P0222,Cheese Nachos Lite Family Pack,200,M020,Natural Flavors,500,12-06-25 19:14:47
P0222,Cheese Nachos Lite Family Pack,200,M007,Vegetable Oil,100,20-06-25 19:14:47
P0223,Masala Potato Chips Mini Family Pack Family Pack Mini Mini,100,M008,Sunflower Oil,200,26-05-25 19:14:47
P0223,Masala Potato Chips Mini Family Pack Family Pack Mini Mini,100,M019,Paprika Extract,1000,01-06-25 19:14:47
P0223,Masala Potato Chips Mini Family Pack Family Pack Mini Mini,100,M002,Salt,1000,05-06-25 19:14:47
P0224,Milkshake - Strawberry Pro Lite Pro,1000,M016,Dextrose,200,10-06-25 19:14:47
P0224,Milkshake - Strawberry Pro Lite Pro,1000,M033,Vanillin,500,24-05-25 19:14:47
P0224,Milkshake - Strawberry Pro Lite Pro,1000,M025,Soy Lecithin,100,11-06-25 19:14:47
P0225,Mint Flavored Soda Mini Lite Lite Lite,2000,M003,Citric Acid,500,08-06-25 19:14:47
P0225,Mint Flavored Soda Mini Lite Lite Lite,2000,M033,Vanillin,2000,21-06-25 19:14:47
P0225,Mint Flavored Soda Mini Lite Lite Lite,2000,M020,Natural Flavors,500,26-05-25 19:14:47
P0226,Tomato Flavored Chips Max Pro,2000,M007,Vegetable Oil,500,29-05-25 19:14:47
P0226,Tomato Flavored Chips Max Pro,2000,M019,Paprika Extract,2000,04-06-25 19:14:47
P0226,Tomato Flavored Chips Max Pro,2000,M011,Cheddar Cheese,100,19-06-25 19:14:47
P0227,Lemon Soda Mini Family Pack,500,M003,Citric Acid,200,14-06-25 19:14:47
P0227,Lemon Soda Mini Family Pack,500,M001,Sugar,2000,25-05-25 19:14:47
P0227,Lemon Soda Mini Family Pack,500,M037,Caramel Color,100,21-06-25 19:14:47
P0228,Chocolate Milk Drink Mini Max Max XL Pro,200,M033,Vanillin,500,02-06-25 19:14:47
P0228,Chocolate Milk Drink Mini Max Max XL Pro,200,M024,Ascorbic Acid,500,10-06-25 19:14:47
P0228,Chocolate Milk Drink Mini Max Max XL Pro,200,M003,Citric Acid,100,16-06-25 19:14:47
P0229,Cheese Crackers Family Pack Mini,500,M038,Baking Powder,2000,11-06-25 19:14:47
P0229,Cheese Crackers Family Pack Mini,500,M026,Cocoa Powder,1000,22-06-25 19:14:47
P0229,Cheese Crackers Family Pack Mini,500,M001,Sugar,2000,15-06-25 19:14:47
P0230,Chocolate Milk Drink Mini Max Family Pack Pro Mini Lite Mini Family Pack,5000,M024,Ascorbic Acid,100,08-06-25 19:14:47
P0230,Chocolate Milk Drink Mini Max Family Pack Pro Mini Lite Mini Family Pack,5000,M042,Acetic Acid,200,31-05-25 19:14:47
P0230,Chocolate Milk Drink Mini Max Family Pack Pro Mini Lite Mini Family Pack,5000,M020,Natural Flavors,2000,12-06-25 19:14:47
P0231,Cola Beverage Mini Pro Mini,100,M033,Vanillin,500,26-05-25 19:14:47
P0231,Cola Beverage Mini Pro Mini,100,M042,Acetic Acid,1000,01-06-25 19:14:47
P0231,Cola Beverage Mini Pro Mini,100,M003,Citric Acid,2000,29-05-25 19:14:47
P0232,Butter Popcorn Max Family Pack Max,5000,M027,Milk Solids,500,20-06-25 19:14:47
P0232,Butter Popcorn Max Family Pack Max,5000,M025,Soy Lecithin,200,17-06-25 19:14:47
P0232,Butter Popcorn Max Family Pack Max,5000,M001,Sugar,1000,16-06-25 19:14:47
P0233,Mint Flavored Soda Max Lite Lite,100,M003,Citric Acid,2000,06-06-25 19:14:47
P0233,Mint Flavored Soda Max Lite Lite,100,M024,Ascorbic Acid,1000,06-06-25 19:14:47
P0233,Mint Flavored Soda Max Lite Lite,100,M042,Acetic Acid,2000,09-06-25 19:14:47
P0234,Tomato Flavored Chips Pro XL Lite Pro,1000,M013,Onion Powder,500,08-06-25 19:14:47
P0234,Tomato Flavored Chips Pro XL Lite Pro,1000,M014,Garlic Powder,200,17-06-25 19:14:47
P0234,Tomato Flavored Chips Pro XL Lite Pro,1000,M020,Natural Flavors,200,02-06-25 19:14:47
P0235,Masala Potato Chips Pro Family Pack,100,M014,Garlic Powder,2000,21-06-25 19:14:47
P0235,Masala Potato Chips Pro Family Pack,100,M002,Salt,200,07-06-25 19:14:47
P0235,Masala Potato Chips Pro Family Pack,100,M011,Cheddar Cheese,2000,11-06-25 19:14:47
P0236,Lemon Soda XL Lite,1000,M037,Caramel Color,200,08-06-25 19:14:47
P0236,Lemon Soda XL Lite,1000,M020,Natural Flavors,500,18-06-25 19:14:47
P0236,Lemon Soda XL Lite,1000,M033,Vanillin,1000,28-05-25 19:14:47
P0237,Lemon Soda XL Lite Lite,2000,M024,Ascorbic Acid,500,27-05-25 19:14:47
P0237,Lemon Soda XL Lite Lite,2000,M020,Natural Flavors,100,10-06-25 19:14:47
P0237,Lemon Soda XL Lite Lite,2000,M001,Sugar,1000,17-06-25 19:14:47
P0238,Spicy Tortilla Chips Lite Mini,2000,M011,Cheddar Cheese,100,10-06-25 19:14:47
P0238,Spicy Tortilla Chips Lite Mini,2000,M005,Potatoes,200,18-06-25 19:14:47
P0238,Spicy Tortilla Chips Lite Mini,2000,M008,Sunflower Oil,2000,03-06-25 19:14:47
P0239,Whey Protein Bar Family Pack Pro,100,M025,Soy Lecithin,500,17-06-25 19:14:47
P0239,Whey Protein Bar Family Pack Pro,100,M016,Dextrose,2000,14-06-25 19:14:47
P0239,Whey Protein Bar Family Pack Pro,100,M027,Milk Solids,500,07-06-25 19:14:47
P0240,Chocolate Milk Drink Mini Max Max XL Pro Family Pack,100,M001,Sugar,500,14-06-25 19:14:47
P0240,Chocolate Milk Drink Mini Max Max XL Pro Family Pack,100,M024,Ascorbic Acid,1000,31-05-25 19:14:47
P0240,Chocolate Milk Drink Mini Max Max XL Pro Family Pack,100,M037,Caramel Color,1000,14-06-25 19:14:47
P0241,Chocolate Chip Cookies Max Lite Max,500,M011,Cheddar Cheese,100,13-06-25 19:14:47
P0241,Chocolate Chip Cookies Max Lite Max,500,M020,Natural Flavors,100,14-06-25 19:14:47
P0241,Chocolate Chip Cookies Max Lite Max,500,M005,Potatoes,100,31-05-25 19:14:47
P0242,Cheese Nachos XL Lite Pro,2000,M013,Onion Powder,200,22-06-25 19:14:47
P0242,Cheese Nachos XL Lite Pro,2000,M007,Vegetable Oil,500,01-06-25 19:14:47
P0242,Cheese Nachos XL Lite Pro,2000,M020,Natural Flavors,2000,14-06-25 19:14:47
P0243,Chocolate Milk Drink Mini Max Family Pack Pro Mini Family Pack Max Family Pack,1000,M037,Caramel Color,500,30-05-25 19:14:47
P0243,Chocolate Milk Drink Mini Max Family Pack Pro Mini Family Pack Max Family Pack,1000,M024,Ascorbic Acid,2000,04-06-25 19:14:47
P0243,Chocolate Milk Drink Mini Max Family Pack Pro Mini Family Pack Max Family Pack,1000,M003,Citric Acid,100,12-06-25 19:14:47
P0244,Cola Beverage Mini Pro Mini Mini,2000,M033,Vanillin,100,22-06-25 19:14:47
P0244,Cola Beverage Mini Pro Mini Mini,2000,M020,Natural Flavors,2000,13-06-25 19:14:47
P0244,Cola Beverage Mini Pro Mini Mini,2000,M042,Acetic Acid,2000,14-06-25 19:14:47
P0245,Masala Potato Chips Mini Family Pack Family Pack Mini Mini XL,5000,M007,Vegetable Oil,200,22-06-25 19:14:47
P0245,Masala Potato Chips Mini Family Pack Family Pack Mini Mini XL,5000,M020,Natural Flavors,2000,25-05-25 19:14:47
P0245,Masala Potato Chips Mini Family Pack Family Pack Mini Mini XL,5000,M019,Paprika Extract,500,02-06-25 19:14:47
P0246,Lemon Soda Family Pack XL,100,M037,Caramel Color,1000,26-05-25 19:14:47
P0246,Lemon Soda Family Pack XL,100,M001,Sugar,100,04-06-25 19:14:47
P0246,Lemon Soda Family Pack XL,100,M042,Acetic Acid,100,18-06-25 19:14:47
P0247,Tomato Flavored Chips Pro XL Lite Pro XL,1000,M014,Garlic Powder,500,24-05-25 19:14:47
P0247,Tomato Flavored Chips Pro XL Lite Pro XL,1000,M002,Salt,500,22-06-25 19:14:47
P0247,Tomato Flavored Chips Pro XL Lite Pro XL,1000,M011,Cheddar Cheese,500,09-06-25 19:14:47
P0248,Cola Beverage Mini Pro Max,500,M033,Vanillin,100,20-06-25 19:14:47
P0248,Cola Beverage Mini Pro Max,500,M024,Ascorbic Acid,1000,22-06-25 19:14:47
P0248,Cola Beverage Mini Pro Max,500,M001,Sugar,200,06-06-25 19:14:47
P0249,Tomato Flavored Chips Max Pro Pro,5000,M007,Vegetable Oil,500,06-06-25 19:14:47
P0249,Tomato Flavored Chips Max Pro Pro,5000,M013,Onion Powder,100,08-06-25 19:14:47
P0249,Tomato Flavored Chips Max Pro Pro,5000,M002,Salt,1000,18-06-25 19:14:47
P0250,Tomato Flavored Chips Max Pro Mini,500,M005,Potatoes,2000,31-05-25 19:14:47
P0250,Tomato Flavored Chips Max Pro Mini,500,M008,Sunflower Oil,500,31-05-25 19:14:47
P0250,Tomato Flavored Chips Max Pro Mini,500,M013,Onion Powder,2000,16-06-25 19:14:47
P0251,Chocolate Milk Drink Mini Max Mini Lite Pro,1000,M033,Vanillin,2000,29-05-25 19:14:47
P0251,Chocolate Milk Drink Mini Max Mini Lite Pro,1000,M037,Caramel Color,200,06-06-25 19:14:47
P0251,Chocolate Milk Drink Mini Max Mini Lite Pro,1000,M003,Citric Acid,200,27-05-25 19:14:47
P0252,Sweet Corn Puffs XL Mini Max Mini,2000,M009,Palm Oil,500,08-06-25 19:14:47
P0252,Sweet Corn Puffs XL Mini Max Mini,2000,M002,Salt,2000,11-06-25 19:14:47
P0252,Sweet Corn Puffs XL Mini Max Mini,2000,M006,Corn,100,01-06-25 19:14:47
P0253,Masala Potato Chips Pro Family Pack Lite,200,M019,Paprika Extract,1000,26-05-25 19:14:47
P0253,Masala Potato Chips Pro Family Pack Lite,200,M008,Sunflower Oil,2000,16-06-25 19:14:47
P0253,Masala Potato Chips Pro Family Pack Lite,200,M005,Potatoes,200,18-06-25 19:14:47
P0254,Orange Soft Drink Mini Family Pack Lite,500,M003,Citric Acid,100,26-05-25 19:14:47
P0254,Orange Soft Drink Mini Family Pack Lite,500,M037,Caramel Color,100,26-05-25 19:14:47
P0254,Orange Soft Drink Mini Family Pack Lite,500,M024,Ascorbic Acid,100,19-06-25 19:14:47
P0255,Orange Soft Drink Max Pro,500,M024,Ascorbic Acid,500,07-06-25 19:14:47
P0255,Orange Soft Drink Max Pro,500,M033,Vanillin,2000,27-05-25 19:14:47
P0255,Orange Soft Drink Max Pro,500,M042,Acetic Acid,500,03-06-25 19:14:47
P0256,Lemon Soda Family Pack XL Lite,200,M033,Vanillin,1000,06-06-25 19:14:47
P0256,Lemon Soda Family Pack XL Lite,200,M037,Caramel Color,1000,12-06-25 19:14:47
P0256,Lemon Soda Family Pack XL Lite,200,M001,Sugar,500,27-05-25 19:14:47
P0257,Masala Potato Chips XL Mini,5000,M007,Vegetable Oil,200,25-05-25 19:14:47
P0257,Masala Potato Chips XL Mini,5000,M014,Garlic Powder,2000,15-06-25 19:14:47
P0257,Masala Potato Chips XL Mini,5000,M008,Sunflower Oil,500,27-05-25 19:14:47
P0258,Roasted Almonds Lite,100,M015,Maltodextrin,500,21-06-25 19:14:47
P0258,Roasted Almonds Lite,100,M007,Vegetable Oil,200,30-05-25 19:14:47
P0258,Roasted Almonds Lite,100,M019,Paprika Extract,2000,01-06-25 19:14:47
P0259,Cheese Nachos XL Lite XL,1000,M012,Tomato Powder,1000,24-05-25 19:14:47
P0259,Cheese Nachos XL Lite XL,1000,M007,Vegetable Oil,200,22-06-25 19:14:47
P0259,Cheese Nachos XL Lite XL,1000,M020,Natural Flavors,500,09-06-25 19:14:47
P0260,Spicy Tortilla Chips Lite Mini Mini,2000,M020,Natural Flavors,1000,11-06-25 19:14:47
P0260,Spicy Tortilla Chips Lite Mini Mini,2000,M019,Paprika Extract,200,31-05-25 19:14:47
P0260,Spicy Tortilla Chips Lite Mini Mini,2000,M011,Cheddar Cheese,500,05-06-25 19:14:47
P0261,Barbecue Corn Chips Pro Max,1000,M008,Sunflower Oil,1000,30-05-25 19:14:47
P0261,Barbecue Corn Chips Pro Max,1000,M013,Onion Powder,200,28-05-25 19:14:47
P0261,Barbecue Corn Chips Pro Max,1000,M007,Vegetable Oil,200,31-05-25 19:14:47
P0262,Masala Potato Chips Pro XL,1000,M005,Potatoes,2000,17-06-25 19:14:47
P0262,Masala Potato Chips Pro XL,1000,M002,Salt,500,22-06-25 19:14:47
P0262,Masala Potato Chips Pro XL,1000,M013,Onion Powder,1000,12-06-25 19:14:47
P0263,Mint Flavored Soda XL XL,100,M001,Sugar,200,17-06-25 19:14:47
P0263,Mint Flavored Soda XL XL,100,M003,Citric Acid,1000,24-05-25 19:14:47
P0263,Mint Flavored Soda XL XL,100,M033,Vanillin,1000,18-06-25 19:14:47
P0264,Tomato Flavored Chips Pro XL Lite Pro XL Mini,100,M002,Salt,500,12-06-25 19:14:47
P0264,Tomato Flavored Chips Pro XL Lite Pro XL Mini,100,M011,Cheddar Cheese,1000,14-06-25 19:14:47
P0264,Tomato Flavored Chips Pro XL Lite Pro XL Mini,100,M005,Potatoes,1000,30-05-25 19:14:47
P0265,Tomato Flavored Chips Pro Pro Lite,500,M011,Cheddar Cheese,2000,18-06-25 19:14:47
P0265,Tomato Flavored Chips Pro Pro Lite,500,M008,Sunflower Oil,200,05-06-25 19:14:47
P0265,Tomato Flavored Chips Pro Pro Lite,500,M013,Onion Powder,200,12-06-25 19:14:47
P0266,Tomato Flavored Chips Pro XL Pro Mini Lite,2000,M005,Potatoes,500,14-06-25 19:14:47
P0266,Tomato Flavored Chips Pro XL Pro Mini Lite,2000,M014,Garlic Powder,2000,05-06-25 19:14:47
P0266,Tomato Flavored Chips Pro XL Pro Mini Lite,2000,M020,Natural Flavors,100,31-05-25 19:14:47
P0267,Mint Flavored Soda Mini Lite Lite Family Pack,500,M001,Sugar,200,14-06-25 19:14:47
P0267,Mint Flavored Soda Mini Lite Lite Family Pack,500,M024,Ascorbic Acid,2000,08-06-25 19:14:47
P0267,Mint Flavored Soda Mini Lite Lite Family Pack,500,M020,Natural Flavors,500,03-06-25 19:14:47
P0268,Orange Soft Drink Max Pro XL,100,M042,Acetic Acid,2000,18-06-25 19:14:47
P0268,Orange Soft Drink Max Pro XL,100,M003,Citric Acid,100,13-06-25 19:14:47
P0268,Orange Soft Drink Max Pro XL,100,M020,Natural Flavors,200,03-06-25 19:14:47
P0269,Masala Potato Chips Mini Family Pack Pro Max Family Pack Pro Pro Mini,2000,M002,Salt,200,16-06-25 19:14:47
P0269,Masala Potato Chips Mini Family Pack Pro Max Family Pack Pro Pro Mini,2000,M008,Sunflower Oil,1000,16-06-25 19:14:47
P0269,Masala Potato Chips Mini Family Pack Pro Max Family Pack Pro Pro Mini,2000,M005,Potatoes,2000,15-06-25 19:14:47
P0270,Chocolate Milk Drink Mini Max Family Pack Pro Mini Lite Mini XL Pro,500,M020,Natural Flavors,100,08-06-25 19:14:47
P0270,Chocolate Milk Drink Mini Max Family Pack Pro Mini Lite Mini XL Pro,500,M033,Vanillin,1000,02-06-25 19:14:47
P0270,Chocolate Milk Drink Mini Max Family Pack Pro Mini Lite Mini XL Pro,500,M037,Caramel Color,100,29-05-25 19:14:47
P0271,Snack Mix - Trail Max Pro XL Max Lite,200,M006,Corn,200,09-06-25 19:14:47
P0271,Snack Mix - Trail Max Pro XL Max Lite,200,M020,Natural Flavors,500,07-06-25 19:14:47
P0271,Snack Mix - Trail Max Pro XL Max Lite,200,M003,Citric Acid,1000,09-06-25 19:14:47
P0272,Sweet Corn Puffs XL Mini Lite XL Lite Family Pack Mini,2000,M002,Salt,500,19-06-25 19:14:47
P0272,Sweet Corn Puffs XL Mini Lite XL Lite Family Pack Mini,2000,M020,Natural Flavors,1000,09-06-25 19:14:47
P0272,Sweet Corn Puffs XL Mini Lite XL Lite Family Pack Mini,2000,M003,Citric Acid,100,03-06-25 19:14:47
P0273,Chocolate Milk Drink Mini Max Family Pack Pro Mini Family Pack Max Family Pack Mini,1000,M037,Caramel Color,500,26-05-25 19:14:47
P0273,Chocolate Milk Drink Mini Max Family Pack Pro Mini Family Pack Max Family Pack Mini,1000,M003,Citric Acid,1000,11-06-25 19:14:47
P0273,Chocolate Milk Drink Mini Max Family Pack Pro Mini Family Pack Max Family Pack Mini,1000,M001,Sugar,200,02-06-25 19:14:47
P0274,Sweet Corn Puffs XL Lite XL,100,M015,Maltodextrin,500,01-06-25 19:14:47
P0274,Sweet Corn Puffs XL Lite XL,100,M003,Citric Acid,2000,02-06-25 19:14:47
P0274,Sweet Corn Puffs XL Lite XL,100,M002,Salt,200,31-05-25 19:14:47
P0275,Sweet Corn Puffs XL Mini Pro XL,1000,M006,Corn,100,30-05-25 19:14:47
P0275,Sweet Corn Puffs XL Mini Pro XL,1000,M003,Citric Acid,200,18-06-25 19:14:47
P0275,Sweet Corn Puffs XL Mini Pro XL,1000,M002,Salt,500,27-05-25 19:14:47
P0276,Chocolate Milk Drink Mini Max Family Pack Pro XL Mini XL,2000,M020,Natural Flavors,200,10-06-25 19:14:47
P0276,Chocolate Milk Drink Mini Max Family Pack Pro XL Mini XL,2000,M042,Acetic Acid,500,27-05-25 19:14:47
P0276,Chocolate Milk Drink Mini Max Family Pack Pro XL Mini XL,2000,M001,Sugar,200,25-05-25 19:14:47
P0277,Sweet Corn Puffs XL Mini Pro Pro,5000,M002,Salt,200,14-06-25 19:14:47
P0277,Sweet Corn Puffs XL Mini Pro Pro,5000,M020,Natural Flavors,1000,26-05-25 19:14:47
P0277,Sweet Corn Puffs XL Mini Pro Pro,5000,M009,Palm Oil,500,21-06-25 19:14:47
P0278,Cheese Nachos Lite Family Pack Lite,5000,M006,Corn,1000,06-06-25 19:14:47
P0278,Cheese Nachos Lite Family Pack Lite,5000,M002,Salt,1000,29-05-25 19:14:47
P0278,Cheese Nachos Lite Family Pack Lite,5000,M012,Tomato Powder,200,05-06-25 19:14:47
P0279,Iced Tea - Peach Lite,200,M042,Acetic Acid,1000,10-06-25 19:14:47
P0279,Iced Tea - Peach Lite,200,M024,Ascorbic Acid,2000,16-06-25 19:14:47
P0279,Iced Tea - Peach Lite,200,M003,Citric Acid,100,08-06-25 19:14:47
P0280,Roasted Almonds Family Pack Family Pack XL,200,M002,Salt,500,12-06-25 19:14:47
P0280,Roasted Almonds Family Pack Family Pack XL,200,M007,Vegetable Oil,1000,15-06-25 19:14:47
P0280,Roasted Almonds Family Pack Family Pack XL,200,M019,Paprika Extract,100,05-06-25 19:14:47
P0281,Whey Protein Bar Family Pack Mini Max,1000,M033,Vanillin,1000,18-06-25 19:14:47
P0281,Whey Protein Bar Family Pack Mini Max,1000,M016,Dextrose,500,31-05-25 19:14:47
P0281,Whey Protein Bar Family Pack Mini Max,1000,M025,Soy Lecithin,100,05-06-25 19:14:47
P0282,Cheese Nachos XL Lite Pro Pro,100,M013,Onion Powder,2000,12-06-25 19:14:47
P0282,Cheese Nachos XL Lite Pro Pro,100,M006,Corn,500,25-05-25 19:14:47
P0282,Cheese Nachos XL Lite Pro Pro,100,M007,Vegetable Oil,1000,09-06-25 19:14:47
P0283,Chocolate Milk Drink Mini Max Family Pack Pro Mini Lite Mini XL Pro Mini,1000,M001,Sugar,2000,08-06-25 19:14:47
P0283,Chocolate Milk Drink Mini Max Family Pack Pro Mini Lite Mini XL Pro Mini,1000,M003,Citric Acid,2000,24-05-25 19:14:47
P0283,Chocolate Milk Drink Mini Max Family Pack Pro Mini Lite Mini XL Pro Mini,1000,M042,Acetic Acid,100,10-06-25 19:14:47
P0284,Masala Potato Chips Mini Family Pack Pro Max Family Pack Max,1000,M011,Cheddar Cheese,2000,22-06-25 19:14:47
P0284,Masala Potato Chips Mini Family Pack Pro Max Family Pack Max,1000,M005,Potatoes,100,10-06-25 19:14:47
P0284,Masala Potato Chips Mini Family Pack Pro Max Family Pack Max,1000,M019,Paprika Extract,1000,20-06-25 19:14:47
P0285,Chocolate Milk Drink Mini Max Family Pack Pro Mini Lite XL Pro Pro,200,M042,Acetic Acid,1000,10-06-25 19:14:47
P0285,Chocolate Milk Drink Mini Max Family Pack Pro Mini Lite XL Pro Pro,200,M001,Sugar,500,28-05-25 19:14:47
P0285,Chocolate Milk Drink Mini Max Family Pack Pro Mini Lite XL Pro Pro,200,M037,Caramel Color,2000,30-05-25 19:14:47
P0286,Tomato Flavored Chips Max XL,200,M008,Sunflower Oil,500,10-06-25 19:14:47
P0286,Tomato Flavored Chips Max XL,200,M020,Natural Flavors,200,01-06-25 19:14:47
P0286,Tomato Flavored Chips Max XL,200,M014,Garlic Powder,200,19-06-25 19:14:47
P0287,Masala Potato Chips Mini Family Pack Pro Max Max,500,M013,Onion Powder,500,15-06-25 19:14:47
P0287,Masala Potato Chips Mini Family Pack Pro Max Max,500,M007,Vegetable Oil,2000,20-06-25 19:14:47
P0287,Masala Potato Chips Mini Family Pack Pro Max Max,500,M014,Garlic Powder,100,21-06-25 19:14:47
P0288,Coffee Can Drink Lite Lite,1000,M020,Natural Flavors,1000,25-05-25 19:14:47
P0288,Coffee Can Drink Lite Lite,1000,M024,Ascorbic Acid,500,28-05-25 19:14:47
P0288,Coffee Can Drink Lite Lite,1000,M001,Sugar,1000,26-05-25 19:14:47
P0289,Sweet Corn Puffs XL Mini Pro XL Lite,5000,M020,Natural Flavors,1000,16-06-25 19:14:47
P0289,Sweet Corn Puffs XL Mini Pro XL Lite,5000,M009,Palm Oil,2000,13-06-25 19:14:47
P0289,Sweet Corn Puffs XL Mini Pro XL Lite,5000,M002,Salt,1000,27-05-25 19:14:47
P0290,Tomato Flavored Chips Max XL XL,2000,M007,Vegetable Oil,1000,03-06-25 19:14:47
P0290,Tomato Flavored Chips Max XL XL,2000,M011,Cheddar Cheese,200,16-06-25 19:14:47
P0290,Tomato Flavored Chips Max XL XL,2000,M008,Sunflower Oil,1000,10-06-25 19:14:47
P0291,Sweet Corn Puffs Family Pack Family Pack,200,M009,Palm Oil,1000,13-06-25 19:14:47
P0291,Sweet Corn Puffs Family Pack Family Pack,200,M002,Salt,500,28-05-25 19:14:47
P0291,Sweet Corn Puffs Family Pack Family Pack,200,M006,Corn,1000,30-05-25 19:14:47
P0292,Chocolate Milk Drink Mini Max Family Pack Pro Mini Lite XL Max,200,M001,Sugar,1000,04-06-25 19:14:47
P0292,Chocolate Milk Drink Mini Max Family Pack Pro Mini Lite XL Max,200,M037,Caramel Color,500,27-05-25 19:14:47
P0292,Chocolate Milk Drink Mini Max Family Pack Pro Mini Lite XL Max,200,M033,Vanillin,1000,28-05-25 19:14:47
P0293,Energy Drink - Citrus Mini XL Family Pack,200,M033,Vanillin,500,10-06-25 19:14:47
P0293,Energy Drink - Citrus Mini XL Family Pack,200,M042,Acetic Acid,1000,13-06-25 19:14:47
P0293,Energy Drink - Citrus Mini XL Family Pack,200,M037,Caramel Color,100,30-05-25 19:14:47
P0294,Cola Beverage Mini Family Pack Family Pack,2000,M001,Sugar,1000,21-06-25 19:14:47
P0294,Cola Beverage Mini Family Pack Family Pack,2000,M003,Citric Acid,500,18-06-25 19:14:47
P0294,Cola Beverage Mini Family Pack Family Pack,2000,M033,Vanillin,200,12-06-25 19:14:47
P0295,Chocolate Chip Cookies Max Pro,1000,M002,Salt,1000,16-06-25 19:14:47
P0295,Chocolate Chip Cookies Max Pro,1000,M011,Cheddar Cheese,1000,04-06-25 19:14:47
P0295,Chocolate Chip Cookies Max Pro,1000,M005,Potatoes,100,17-06-25 19:14:47
P0296,Orange Soft Drink Max Mini Lite,5000,M042,Acetic Acid,2000,06-06-25 19:14:47
P0296,Orange Soft Drink Max Mini Lite,5000,M024,Ascorbic Acid,200,13-06-25 19:14:47
P0296,Orange Soft Drink Max Mini Lite,5000,M001,Sugar,1000,16-06-25 19:14:47
P0297,Masala Potato Chips Pro Max,2000,M005,Potatoes,2000,22-06-25 19:14:47
P0297,Masala Potato Chips Pro Max,2000,M002,Salt,200,20-06-25 19:14:47
P0297,Masala Potato Chips Pro Max,2000,M014,Garlic Powder,2000,02-06-25 19:14:47
P0298,Cheese Nachos Lite Family Pack Lite XL,1000,M012,Tomato Powder,100,01-06-25 19:14:47
P0298,Cheese Nachos Lite Family Pack Lite XL,1000,M002,Salt,100,11-06-25 19:14:47
P0298,Cheese Nachos Lite Family Pack Lite XL,1000,M006,Corn,500,13-06-25 19:14:47
P0299,Sweet Corn Puffs XL Mini Lite XL Lite Family Pack Mini Family Pack,1000,M006,Corn,100,26-05-25 19:14:47
P0299,Sweet Corn Puffs XL Mini Lite XL Lite Family Pack Mini Family Pack,1000,M002,Salt,200,08-06-25 19:14:47
P0299,Sweet Corn Puffs XL Mini Lite XL Lite Family Pack Mini Family Pack,1000,M003,Citric Acid,200,26-05-25 19:14:47
P0300,Chocolate Milk Drink Mini Max Family Pack Pro Mini Lite XL Pro Lite,200,M037,Caramel Color,100,18-06-25 19:14:47
P0300,Chocolate Milk Drink Mini Max Family Pack Pro Mini Lite XL Pro Lite,200,M042,Acetic Acid,2000,18-06-25 19:14:47
P0300,Chocolate Milk Drink Mini Max Family Pack Pro Mini Lite XL Pro Lite,200,M003,Citric Acid,2000,21-06-25 19:14:47
P0301,Butter Popcorn Pro Pro,1000,M002,Salt,100,10-06-25 19:14:47
P0301,Butter Popcorn Pro Pro,1000,M026,Cocoa Powder,100,09-06-25 19:14:47
P0301,Butter Popcorn Pro Pro,1000,M038,Baking Powder,2000,31-05-25 19:14:47
P0302,Chocolate Chip Cookies Max Max Family Pack,1000,M020,Natural Flavors,1000,10-06-25 19:14:47
P0302,Chocolate Chip Cookies Max Max Family Pack,1000,M008,Sunflower Oil,200,07-06-25 19:14:47
P0302,Chocolate Chip Cookies Max Max Family Pack,1000,M013,Onion Powder,1000,26-05-25 19:14:47
P0303,Chocolate Milk Drink Mini Max Mini Lite Pro Lite,200,M024,Ascorbic Acid,2000,28-05-25 19:14:47
P0303,Chocolate Milk Drink Mini Max Mini Lite Pro Lite,200,M042,Acetic Acid,500,27-05-25 19:14:47
P0303,Chocolate Milk Drink Mini Max Mini Lite Pro Lite,200,M020,Natural Flavors,1000,02-06-25 19:14:47
P0304,Mint Flavored Soda XL XL Family Pack,100,M003,Citric Acid,2000,31-05-25 19:14:47
P0304,Mint Flavored Soda XL XL Family Pack,100,M033,Vanillin,500,03-06-25 19:14:47
P0304,Mint Flavored Soda XL XL Family Pack,100,M020,Natural Flavors,2000,21-06-25 19:14:47
P0305,Chocolate Milk Drink Mini Max Family Pack Family Pack Pro,5000,M037,Caramel Color,2000,28-05-25 19:14:47
P0305,Chocolate Milk Drink Mini Max Family Pack Family Pack Pro,5000,M024,Ascorbic Acid,2000,15-06-25 19:14:47
P0305,Chocolate Milk Drink Mini Max Family Pack Family Pack Pro,5000,M001,Sugar,200,18-06-25 19:14:47
P0306,Mint Flavored Soda Max Mini,1000,M001,Sugar,1000,03-06-25 19:14:47
P0306,Mint Flavored Soda Max Mini,1000,M024,Ascorbic Acid,2000,11-06-25 19:14:47
P0306,Mint Flavored Soda Max Mini,1000,M033,Vanillin,100,03-06-25 19:14:47
P0307,Masala Potato Chips Lite Lite,100,M014,Garlic Powder,100,25-05-25 19:14:47
P0307,Masala Potato Chips Lite Lite,100,M005,Potatoes,2000,06-06-25 19:14:47
P0307,Masala Potato Chips Lite Lite,100,M020,Natural Flavors,200,14-06-25 19:14:47
P0308,Chocolate Chip Cookies Max Max Family Pack Lite,5000,M019,Paprika Extract,200,10-06-25 19:14:47
P0308,Chocolate Chip Cookies Max Max Family Pack Lite,5000,M011,Cheddar Cheese,500,27-05-25 19:14:47
P0308,Chocolate Chip Cookies Max Max Family Pack Lite,5000,M014,Garlic Powder,1000,02-06-25 19:14:47
P0309,Chocolate Milk Drink XL Mini,100,M001,Sugar,200,12-06-25 19:14:47
P0309,Chocolate Milk Drink XL Mini,100,M037,Caramel Color,2000,31-05-25 19:14:47
P0309,Chocolate Milk Drink XL Mini,100,M042,Acetic Acid,100,12-06-25 19:14:47
P0310,Snack Mix - Trail Max Pro XL Lite,200,M009,Palm Oil,500,26-05-25 19:14:47
P0310,Snack Mix - Trail Max Pro XL Lite,200,M002,Salt,200,06-06-25 19:14:47
P0310,Snack Mix - Trail Max Pro XL Lite,200,M006,Corn,500,31-05-25 19:14:47
P0311,Masala Potato Chips Pro Family Pack Lite XL,2000,M005,Potatoes,200,06-06-25 19:14:47
P0311,Masala Potato Chips Pro Family Pack Lite XL,2000,M020,Natural Flavors,100,05-06-25 19:14:47
P0311,Masala Potato Chips Pro Family Pack Lite XL,2000,M013,Onion Powder,1000,08-06-25 19:14:47
P0312,Milkshake - Strawberry Family Pack Max,500,M010,Whey Protein,1000,01-06-25 19:14:47
P0312,Milkshake - Strawberry Family Pack Max,500,M016,Dextrose,100,04-06-25 19:14:47
P0312,Milkshake - Strawberry Family Pack Max,500,M025,Soy Lecithin,1000,02-06-25 19:14:47
P0313,Energy Drink - Citrus XL Family Pack,1000,M003,Citric Acid,200,06-06-25 19:14:47
P0313,Energy Drink - Citrus XL Family Pack,1000,M024,Ascorbic Acid,200,10-06-25 19:14:47
P0313,Energy Drink - Citrus XL Family Pack,1000,M033,Vanillin,200,05-06-25 19:14:47
P0314,Orange Soft Drink Mini Family Pack Family Pack Mini,5000,M033,Vanillin,200,31-05-25 19:14:47
P0314,Orange Soft Drink Mini Family Pack Family Pack Mini,5000,M020,Natural Flavors,200,26-05-25 19:14:47
P0314,Orange Soft Drink Mini Family Pack Family Pack Mini,5000,M037,Caramel Color,200,11-06-25 19:14:47
P0315,Sweet Corn Puffs XL Mini Lite XL Pro Pro Lite Pro,5000,M015,Maltodextrin,2000,29-05-25 19:14:47
P0315,Sweet Corn Puffs XL Mini Lite XL Pro Pro Lite Pro,5000,M020,Natural Flavors,1000,11-06-25 19:14:47
P0315,Sweet Corn Puffs XL Mini Lite XL Pro Pro Lite Pro,5000,M006,Corn,200,19-06-25 19:14:47
P0316,Chocolate Milk Drink Mini Max Family Pack Pro XL Mini Mini,200,M037,Caramel Color,200,01-06-25 19:14:47
P0316,Chocolate Milk Drink Mini Max Family Pack Pro XL Mini Mini,200,M033,Vanillin,100,05-06-25 19:14:47
P0316,Chocolate Milk Drink Mini Max Family Pack Pro XL Mini Mini,200,M020,Natural Flavors,1000,25-05-25 19:14:47
P0317,Cheese Nachos XL Max Max,5000,M011,Cheddar Cheese,500,02-06-25 19:14:47
P0317,Cheese Nachos XL Max Max,5000,M007,Vegetable Oil,500,28-05-25 19:14:47
P0317,Cheese Nachos XL Max Max,5000,M020,Natural Flavors,200,06-06-25 19:14:47
P0318,Cheese Crackers Family Pack Mini Max,100,M033,Vanillin,1000,14-06-25 19:14:47
P0318,Cheese Crackers Family Pack Mini Max,100,M026,Cocoa Powder,100,11-06-25 19:14:47
P0318,Cheese Crackers Family Pack Mini Max,100,M001,Sugar,500,05-06-25 19:14:47
P0319,Sweet Corn Puffs XL Mini Lite XL Pro Lite,5000,M009,Palm Oil,1000,12-06-25 19:14:47
P0319,Sweet Corn Puffs XL Mini Lite XL Pro Lite,5000,M015,Maltodextrin,1000,29-05-25 19:14:47
P0319,Sweet Corn Puffs XL Mini Lite XL Pro Lite,5000,M002,Salt,100,07-06-25 19:14:47
P0320,Chocolate Milk Drink Mini Max Family Pack Pro Pro,1000,M042,Acetic Acid,200,03-06-25 19:14:47
P0320,Chocolate Milk Drink Mini Max Family Pack Pro Pro,1000,M024,Ascorbic Acid,100,18-06-25 19:14:47
P0320,Chocolate Milk Drink Mini Max Family Pack Pro Pro,1000,M001,Sugar,1000,04-06-25 19:14:47
P0321,Chocolate Milk Drink Mini Max Family Pack Family Pack Pro Mini,2000,M020,Natural Flavors,2000,08-06-25 19:14:47
P0321,Chocolate Milk Drink Mini Max Family Pack Family Pack Pro Mini,2000,M033,Vanillin,1000,13-06-25 19:14:47
P0321,Chocolate Milk Drink Mini Max Family Pack Family Pack Pro Mini,2000,M037,Caramel Color,500,21-06-25 19:14:47
P0322,Roasted Almonds Pro,200,M002,Salt,200,27-05-25 19:14:47
P0322,Roasted Almonds Pro,200,M007,Vegetable Oil,100,12-06-25 19:14:47
P0322,Roasted Almonds Pro,200,M015,Maltodextrin,1000,29-05-25 19:14:47
P0323,Energy Drink - Citrus Mini Family Pack Max,500,M001,Sugar,500,14-06-25 19:14:47
P0323,Energy Drink - Citrus Mini Family Pack Max,500,M033,Vanillin,100,18-06-25 19:14:47
P0323,Energy Drink - Citrus Mini Family Pack Max,500,M042,Acetic Acid,200,02-06-25 19:14:47
P0324,Masala Potato Chips Pro Max Family Pack,1000,M019,Paprika Extract,2000,03-06-25 19:14:47
P0324,Masala Potato Chips Pro Max Family Pack,1000,M020,Natural Flavors,200,25-05-25 19:14:47
P0324,Masala Potato Chips Pro Max Family Pack,1000,M007,Vegetable Oil,1000,03-06-25 19:14:47
P0325,Lemon Soda XL Lite Lite Max,500,M037,Caramel Color,2000,22-06-25 19:14:47
P0325,Lemon Soda XL Lite Lite Max,500,M024,Ascorbic Acid,2000,20-06-25 19:14:47
P0325,Lemon Soda XL Lite Lite Max,500,M003,Citric Acid,200,07-06-25 19:14:47
P0326,Chocolate Milk Drink Max,2000,M003,Citric Acid,100,11-06-25 19:14:47
P0326,Chocolate Milk Drink Max,2000,M042,Acetic Acid,2000,21-06-25 19:14:47
P0326,Chocolate Milk Drink Max,2000,M024,Ascorbic Acid,2000,22-06-25 19:14:47
P0327,Snack Mix - Trail Max Pro XL Lite Mini,2000,M020,Natural Flavors,500,24-05-25 19:14:47
P0327,Snack Mix - Trail Max Pro XL Lite Mini,2000,M006,Corn,100,25-05-25 19:14:47
P0327,Snack Mix - Trail Max Pro XL Lite Mini,2000,M015,Maltodextrin,1000,16-06-25 19:14:47
P0328,Masala Potato Chips Mini Family Pack Family Pack Mini Mini XL Lite,500,M013,Onion Powder,100,24-05-25 19:14:47
P0328,Masala Potato Chips Mini Family Pack Family Pack Mini Mini XL Lite,500,M008,Sunflower Oil,500,31-05-25 19:14:47
P0328,Masala Potato Chips Mini Family Pack Family Pack Mini Mini XL Lite,500,M002,Salt,200,22-06-25 19:14:47
P0329,Lemon Soda Family Pack XL XL,2000,M003,Citric Acid,1000,01-06-25 19:14:47
P0329,Lemon Soda Family Pack XL XL,2000,M037,Caramel Color,500,14-06-25 19:14:47
P0329,Lemon Soda Family Pack XL XL,2000,M033,Vanillin,1000,29-05-25 19:14:47
P0330,Energy Drink - Citrus Mini Lite,1000,M001,Sugar,200,18-06-25 19:14:47
P0330,Energy Drink - Citrus Mini Lite,1000,M003,Citric Acid,200,04-06-25 19:14:47
P0330,Energy Drink - Citrus Mini Lite,1000,M033,Vanillin,100,20-06-25 19:14:47
P0331,Cola Beverage Family Pack,1000,M024,Ascorbic Acid,1000,24-05-25 19:14:47
P0331,Cola Beverage Family Pack,1000,M001,Sugar,200,20-06-25 19:14:47
P0331,Cola Beverage Family Pack,1000,M020,Natural Flavors,500,17-06-25 19:14:47
P0332,Sweet Corn Puffs XL Mini Lite XL Lite Family Pack XL,500,M006,Corn,200,14-06-25 19:14:47
P0332,Sweet Corn Puffs XL Mini Lite XL Lite Family Pack XL,500,M015,Maltodextrin,1000,22-06-25 19:14:47
P0332,Sweet Corn Puffs XL Mini Lite XL Lite Family Pack XL,500,M002,Salt,1000,22-06-25 19:14:47
P0333,Tomato Flavored Chips Pro XL Lite Pro XL Max,100,M019,Paprika Extract,500,07-06-25 19:14:47
P0333,Tomato Flavored Chips Pro XL Lite Pro XL Max,100,M007,Vegetable Oil,500,02-06-25 19:14:47
P0333,Tomato Flavored Chips Pro XL Lite Pro XL Max,100,M008,Sunflower Oil,1000,25-05-25 19:14:47
P0334,Cheese Crackers Max Family Pack,200,M001,Sugar,1000,10-06-25 19:14:47
P0334,Cheese Crackers Max Family Pack,200,M033,Vanillin,100,29-05-25 19:14:47
P0334,Cheese Crackers Max Family Pack,200,M002,Salt,200,14-06-25 19:14:47
P0335,Whey Protein Bar Max Family Pack Pro,1000,M027,Milk Solids,1000,15-06-25 19:14:47
P0335,Whey Protein Bar Max Family Pack Pro,1000,M010,Whey Protein,100,28-05-25 19:14:47
P0335,Whey Protein Bar Max Family Pack Pro,1000,M016,Dextrose,500,14-06-25 19:14:47
P0336,Masala Potato Chips Pro Max Family Pack Family Pack,1000,M020,Natural Flavors,200,30-05-25 19:14:47
P0336,Masala Potato Chips Pro Max Family Pack Family Pack,1000,M008,Sunflower Oil,500,06-06-25 19:14:47
P0336,Masala Potato Chips Pro Max Family Pack Family Pack,1000,M019,Paprika Extract,1000,04-06-25 19:14:47
P0337,Mint Flavored Soda Max Mini Lite,5000,M037,Caramel Color,200,01-06-25 19:14:47
P0337,Mint Flavored Soda Max Mini Lite,5000,M003,Citric Acid,2000,24-05-25 19:14:47
P0337,Mint Flavored Soda Max Mini Lite,5000,M024,Ascorbic Acid,2000,10-06-25 19:14:47
P0338,Orange Soft Drink Mini Max Family Pack Family Pack,1000,M020,Natural Flavors,500,30-05-25 19:14:47
P0338,Orange Soft Drink Mini Max Family Pack Family Pack,1000,M001,Sugar,200,08-06-25 19:14:47
P0338,Orange Soft Drink Mini Max Family Pack Family Pack,1000,M042,Acetic Acid,2000,04-06-25 19:14:47
P0339,Chocolate Milk Drink Mini Max Mini Lite Pro Pro,200,M042,Acetic Acid,500,02-06-25 19:14:47
P0339,Chocolate Milk Drink Mini Max Mini Lite Pro Pro,200,M037,Caramel Color,100,16-06-25 19:14:47
P0339,Chocolate Milk Drink Mini Max Mini Lite Pro Pro,200,M003,Citric Acid,200,24-05-25 19:14:47
P0340,Sweet Corn Puffs Family Pack Mini Pro,500,M003,Citric Acid,100,12-06-25 19:14:47
P0340,Sweet Corn Puffs Family Pack Mini Pro,500,M009,Palm Oil,2000,17-06-25 19:14:47
P0340,Sweet Corn Puffs Family Pack Mini Pro,500,M006,Corn,2000,04-06-25 19:14:47
P0341,Tomato Flavored Chips Pro XL Family Pack Pro Mini,2000,M007,Vegetable Oil,200,11-06-25 19:14:47
P0341,Tomato Flavored Chips Pro XL Family Pack Pro Mini,2000,M014,Garlic Powder,1000,07-06-25 19:14:47
P0341,Tomato Flavored Chips Pro XL Family Pack Pro Mini,2000,M020,Natural Flavors,2000,10-06-25 19:14:47
P0342,Coffee Can Drink Max Mini Mini Mini,100,M003,Citric Acid,1000,05-06-25 19:14:47
P0342,Coffee Can Drink Max Mini Mini Mini,100,M042,Acetic Acid,1000,21-06-25 19:14:47
P0342,Coffee Can Drink Max Mini Mini Mini,100,M033,Vanillin,2000,21-06-25 19:14:47
P0343,Iced Tea - Peach Mini Lite Pro XL Mini,200,M003,Citric Acid,500,26-05-25 19:14:47
P0343,Iced Tea - Peach Mini Lite Pro XL Mini,200,M033,Vanillin,100,15-06-25 19:14:47
P0343,Iced Tea - Peach Mini Lite Pro XL Mini,200,M042,Acetic Acid,1000,20-06-25 19:14:47
P0344,Cheese Nachos Lite Family Pack Lite Pro,5000,M013,Onion Powder,2000,08-06-25 19:14:47
P0344,Cheese Nachos Lite Family Pack Lite Pro,5000,M012,Tomato Powder,100,24-05-25 19:14:47
P0344,Cheese Nachos Lite Family Pack Lite Pro,5000,M011,Cheddar Cheese,100,13-06-25 19:14:47
P0345,Sweet Corn Puffs XL Mini Lite Family Pack Mini Max,200,M006,Corn,200,28-05-25 19:14:47
P0345,Sweet Corn Puffs XL Mini Lite Family Pack Mini Max,200,M002,Salt,200,14-06-25 19:14:47
P0345,Sweet Corn Puffs XL Mini Lite Family Pack Mini Max,200,M015,Maltodextrin,1000,29-05-25 19:14:47
P0346,Spicy Tortilla Chips Lite Lite Family Pack Mini,200,M019,Paprika Extract,100,07-06-25 19:14:47
P0346,Spicy Tortilla Chips Lite Lite Family Pack Mini,200,M002,Salt,1000,11-06-25 19:14:47
P0346,Spicy Tortilla Chips Lite Lite Family Pack Mini,200,M007,Vegetable Oil,2000,11-06-25 19:14:47
P0347,Chocolate Milk Drink Mini Max Family Pack Pro Mini Family Pack Max Family Pack Pro,2000,M003,Citric Acid,200,13-06-25 19:14:47
P0347,Chocolate Milk Drink Mini Max Family Pack Pro Mini Family Pack Max Family Pack Pro,2000,M042,Acetic Acid,2000,26-05-25 19:14:47
P0347,Chocolate Milk Drink Mini Max Family Pack Pro Mini Family Pack Max Family Pack Pro,2000,M024,Ascorbic Acid,500,22-06-25 19:14:47
P0348,Orange Soft Drink Mini Family Pack Family Pack Pro,200,M003,Citric Acid,2000,02-06-25 19:14:47
P0348,Orange Soft Drink Mini Family Pack Family Pack Pro,200,M024,Ascorbic Acid,100,22-06-25 19:14:47
P0348,Orange Soft Drink Mini Family Pack Family Pack Pro,200,M020,Natural Flavors,2000,27-05-25 19:14:47
P0349,Masala Potato Chips Mini Family Pack Lite,2000,M013,Onion Powder,100,16-06-25 19:14:47
P0349,Masala Potato Chips Mini Family Pack Lite,2000,M002,Salt,2000,10-06-25 19:14:47
P0349,Masala Potato Chips Mini Family Pack Lite,2000,M005,Potatoes,2000,31-05-25 19:14:47
P0350,Chocolate Chip Cookies XL,500,M019,Paprika Extract,2000,13-06-25 19:14:47
P0350,Chocolate Chip Cookies XL,500,M005,Potatoes,1000,04-06-25 19:14:47
P0350,Chocolate Chip Cookies XL,500,M013,Onion Powder,100,14-06-25 19:14:47
P0351,Cola Beverage Mini Pro Max Pro,5000,M033,Vanillin,100,11-06-25 19:14:47
P0351,Cola Beverage Mini Pro Max Pro,5000,M001,Sugar,2000,19-06-25 19:14:47
P0351,Cola Beverage Mini Pro Max Pro,5000,M024,Ascorbic Acid,2000,04-06-25 19:14:47
P0352,Lemon Soda Pro,1000,M003,Citric Acid,2000,07-06-25 19:14:47
P0352,Lemon Soda Pro,1000,M037,Caramel Color,100,30-05-25 19:14:47
P0352,Lemon Soda Pro,1000,M024,Ascorbic Acid,200,22-06-25 19:14:47
P0353,Tomato Flavored Chips Pro XL Lite Pro XL Mini XL,500,M005,Potatoes,500,14-06-25 19:14:47
P0353,Tomato Flavored Chips Pro XL Lite Pro XL Mini XL,500,M011,Cheddar Cheese,2000,29-05-25 19:14:47
P0353,Tomato Flavored Chips Pro XL Lite Pro XL Mini XL,500,M019,Paprika Extract,500,20-06-25 19:14:47
P0354,Lemon Soda Pro Mini,5000,M037,Caramel Color,100,11-06-25 19:14:47
P0354,Lemon Soda Pro Mini,5000,M042,Acetic Acid,100,24-05-25 19:14:47
P0354,Lemon Soda Pro Mini,5000,M001,Sugar,1000,28-05-25 19:14:47
P0355,Cola Beverage Mini Pro Lite,1000,M042,Acetic Acid,100,05-06-25 19:14:47
P0355,Cola Beverage Mini Pro Lite,1000,M001,Sugar,500,25-05-25 19:14:47
P0355,Cola Beverage Mini Pro Lite,1000,M003,Citric Acid,100,16-06-25 19:14:47
P0356,Chocolate Milk Drink Max Max,500,M042,Acetic Acid,100,07-06-25 19:14:47
P0356,Chocolate Milk Drink Max Max,500,M001,Sugar,1000,11-06-25 19:14:47
P0356,Chocolate Milk Drink Max Max,500,M033,Vanillin,500,07-06-25 19:14:47
P0357,Chocolate Milk Drink XL Lite,500,M033,Vanillin,100,02-06-25 19:14:47
P0357,Chocolate Milk Drink XL Lite,500,M037,Caramel Color,500,11-06-25 19:14:47
P0357,Chocolate Milk Drink XL Lite,500,M020,Natural Flavors,2000,20-06-25 19:14:47
P0358,Butter Popcorn Max Lite,500,M025,Soy Lecithin,1000,17-06-25 19:14:47
P0358,Butter Popcorn Max Lite,500,M002,Salt,2000,26-05-25 19:14:47
P0358,Butter Popcorn Max Lite,500,M038,Baking Powder,100,04-06-25 19:14:47
P0359,Masala Potato Chips Mini Mini Lite,100,M007,Vegetable Oil,200,14-06-25 19:14:47
P0359,Masala Potato Chips Mini Mini Lite,100,M005,Potatoes,2000,03-06-25 19:14:47
P0359,Masala Potato Chips Mini Mini Lite,100,M011,Cheddar Cheese,1000,20-06-25 19:14:47
P0360,Tomato Flavored Chips Pro Lite,200,M014,Garlic Powder,200,12-06-25 19:14:47
P0360,Tomato Flavored Chips Pro Lite,200,M007,Vegetable Oil,200,04-06-25 19:14:47
P0360,Tomato Flavored Chips Pro Lite,200,M011,Cheddar Cheese,1000,12-06-25 19:14:47
P0361,Sweet Corn Puffs XL Family Pack,2000,M015,Maltodextrin,200,14-06-25 19:14:47
P0361,Sweet Corn Puffs XL Family Pack,2000,M006,Corn,1000,29-05-25 19:14:47
P0361,Sweet Corn Puffs XL Family Pack,2000,M009,Palm Oil,2000,16-06-25 19:14:47
P0362,Butter Popcorn Pro Pro XL,2000,M027,Milk Solids,500,10-06-25 19:14:47
P0362,Butter Popcorn Pro Pro XL,2000,M033,Vanillin,200,31-05-25 19:14:47
P0362,Butter Popcorn Pro Pro XL,2000,M002,Salt,2000,18-06-25 19:14:47
P0363,Sweet Corn Puffs Lite XL,5000,M009,Palm Oil,1000,04-06-25 19:14:47
P0363,Sweet Corn Puffs Lite XL,5000,M003,Citric Acid,2000,01-06-25 19:14:47
P0363,Sweet Corn Puffs Lite XL,5000,M015,Maltodextrin,1000,21-06-25 19:14:47
P0364,Butter Popcorn Max Lite Family Pack,500,M026,Cocoa Powder,100,26-05-25 19:14:47
P0364,Butter Popcorn Max Lite Family Pack,500,M025,Soy Lecithin,500,27-05-25 19:14:47
P0364,Butter Popcorn Max Lite Family Pack,500,M033,Vanillin,2000,31-05-25 19:14:47
P0365,Masala Potato Chips Mini Mini Max,2000,M013,Onion Powder,100,21-06-25 19:14:47
P0365,Masala Potato Chips Mini Mini Max,2000,M020,Natural Flavors,200,13-06-25 19:14:47
P0365,Masala Potato Chips Mini Mini Max,2000,M019,Paprika Extract,100,26-05-25 19:14:47
P0366,Chocolate Milk Drink Mini Max Max XL Mini,100,M003,Citric Acid,100,04-06-25 19:14:47
P0366,Chocolate Milk Drink Mini Max Max XL Mini,100,M001,Sugar,1000,09-06-25 19:14:47
P0366,Chocolate Milk Drink Mini Max Max XL Mini,100,M042,Acetic Acid,200,07-06-25 19:14:47
P0367,Masala Potato Chips Mini Family Pack Pro Max Max Family Pack,500,M014,Garlic Powder,1000,02-06-25 19:14:47
P0367,Masala Potato Chips Mini Family Pack Pro Max Max Family Pack,500,M002,Salt,500,01-06-25 19:14:47
P0367,Masala Potato Chips Mini Family Pack Pro Max Max Family Pack,500,M008,Sunflower Oil,1000,12-06-25 19:14:47
P0368,Sweet Corn Puffs Lite Mini Lite,5000,M020,Natural Flavors,200,21-06-25 19:14:47
P0368,Sweet Corn Puffs Lite Mini Lite,5000,M006,Corn,1000,14-06-25 19:14:47
P0368,Sweet Corn Puffs Lite Mini Lite,5000,M002,Salt,2000,07-06-25 19:14:47
P0369,Roasted Almonds Family Pack Family Pack XL XL,500,M015,Maltodextrin,2000,15-06-25 19:14:47
P0369,Roasted Almonds Family Pack Family Pack XL XL,500,M019,Paprika Extract,100,16-06-25 19:14:47
P0369,Roasted Almonds Family Pack Family Pack XL XL,500,M007,Vegetable Oil,500,11-06-25 19:14:47
P0370,Orange Soft Drink Max Max Pro,2000,M037,Caramel Color,500,20-06-25 19:14:47
P0370,Orange Soft Drink Max Max Pro,2000,M024,Ascorbic Acid,2000,19-06-25 19:14:47
P0370,Orange Soft Drink Max Max Pro,2000,M003,Citric Acid,1000,06-06-25 19:14:47
P0371,Cola Beverage Mini Family Pack Family Pack Pro,2000,M042,Acetic Acid,100,06-06-25 19:14:47
P0371,Cola Beverage Mini Family Pack Family Pack Pro,2000,M001,Sugar,100,15-06-25 19:14:47
P0371,Cola Beverage Mini Family Pack Family Pack Pro,2000,M037,Caramel Color,500,29-05-25 19:14:47
P0372,Tomato Flavored Chips Pro XL Lite Pro XL Mini Pro,500,M007,Vegetable Oil,2000,29-05-25 19:14:47
P0372,Tomato Flavored Chips Pro XL Lite Pro XL Mini Pro,500,M002,Salt,500,24-05-25 19:14:47
P0372,Tomato Flavored Chips Pro XL Lite Pro XL Mini Pro,500,M013,Onion Powder,1000,18-06-25 19:14:47
P0373,Masala Potato Chips XL Mini Family Pack,2000,M019,Paprika Extract,1000,31-05-25 19:14:47
P0373,Masala Potato Chips XL Mini Family Pack,2000,M011,Cheddar Cheese,1000,01-06-25 19:14:47
P0373,Masala Potato Chips XL Mini Family Pack,2000,M014,Garlic Powder,100,07-06-25 19:14:47
P0374,Masala Potato Chips Pro Max Family Pack Family Pack Lite,2000,M008,Sunflower Oil,100,11-06-25 19:14:47
P0374,Masala Potato Chips Pro Max Family Pack Family Pack Lite,2000,M002,Salt,100,29-05-25 19:14:47
P0374,Masala Potato Chips Pro Max Family Pack Family Pack Lite,2000,M013,Onion Powder,500,02-06-25 19:14:47
P0375,Iced Tea - Peach Mini Lite Pro XL Mini Family Pack,5000,M020,Natural Flavors,100,16-06-25 19:14:47
P0375,Iced Tea - Peach Mini Lite Pro XL Mini Family Pack,5000,M037,Caramel Color,200,07-06-25 19:14:47
P0375,Iced Tea - Peach Mini Lite Pro XL Mini Family Pack,5000,M042,Acetic Acid,500,05-06-25 19:14:47
P0376,Orange Soft Drink Family Pack,5000,M001,Sugar,2000,06-06-25 19:14:47
P0376,Orange Soft Drink Family Pack,5000,M042,Acetic Acid,200,09-06-25 19:14:47
P0376,Orange Soft Drink Family Pack,5000,M033,Vanillin,1000,11-06-25 19:14:47
P0377,Orange Soft Drink Max Mini Pro Mini,100,M001,Sugar,200,05-06-25 19:14:47
P0377,Orange Soft Drink Max Mini Pro Mini,100,M003,Citric Acid,200,06-06-25 19:14:47
P0377,Orange Soft Drink Max Mini Pro Mini,100,M020,Natural Flavors,100,13-06-25 19:14:47
P0378,Orange Soft Drink Max XL Pro,1000,M033,Vanillin,2000,16-06-25 19:14:47
P0378,Orange Soft Drink Max XL Pro,1000,M042,Acetic Acid,2000,30-05-25 19:14:47
P0378,Orange Soft Drink Max XL Pro,1000,M003,Citric Acid,2000,14-06-25 19:14:47
P0379,Orange Soft Drink Max XL Mini,100,M003,Citric Acid,500,28-05-25 19:14:47
P0379,Orange Soft Drink Max XL Mini,100,M042,Acetic Acid,1000,18-06-25 19:14:47
P0379,Orange Soft Drink Max XL Mini,100,M024,Ascorbic Acid,100,21-06-25 19:14:48
P0380,Sweet Corn Puffs XL Mini Pro XL Pro,500,M006,Corn,100,15-06-25 19:14:48
P0380,Sweet Corn Puffs XL Mini Pro XL Pro,500,M002,Salt,200,20-06-25 19:14:48
P0380,Sweet Corn Puffs XL Mini Pro XL Pro,500,M009,Palm Oil,1000,02-06-25 19:14:48
P0381,Energy Drink - Citrus Mini Family Pack Family Pack,1000,M003,Citric Acid,2000,11-06-25 19:14:48
P0381,Energy Drink - Citrus Mini Family Pack Family Pack,1000,M042,Acetic Acid,2000,31-05-25 19:14:48
P0381,Energy Drink - Citrus Mini Family Pack Family Pack,1000,M033,Vanillin,1000,25-05-25 19:14:48
P0382,Lemon Soda Family Pack XL Lite Mini,1000,M042,Acetic Acid,100,15-06-25 19:14:48
P0382,Lemon Soda Family Pack XL Lite Mini,1000,M033,Vanillin,500,12-06-25 19:14:48
P0382,Lemon Soda Family Pack XL Lite Mini,1000,M024,Ascorbic Acid,200,26-05-25 19:14:48
P0383,Iced Tea - Peach Mini Lite XL,1000,M033,Vanillin,500,01-06-25 19:14:48
P0383,Iced Tea - Peach Mini Lite XL,1000,M037,Caramel Color,200,08-06-25 19:14:48
P0383,Iced Tea - Peach Mini Lite XL,1000,M001,Sugar,1000,27-05-25 19:14:48
P0384,Iced Tea - Peach Family Pack,100,M037,Caramel Color,2000,16-06-25 19:14:48
P0384,Iced Tea - Peach Family Pack,100,M033,Vanillin,500,27-05-25 19:14:48
P0384,Iced Tea - Peach Family Pack,100,M042,Acetic Acid,2000,30-05-25 19:14:48
P0385,Whey Protein Bar Family Pack Mini Mini,500,M010,Whey Protein,2000,24-05-25 19:14:48
P0385,Whey Protein Bar Family Pack Mini Mini,500,M025,Soy Lecithin,2000,31-05-25 19:14:48
P0385,Whey Protein Bar Family Pack Mini Mini,500,M033,Vanillin,100,19-06-25 19:14:48
P0386,Cheese Balls Max Family Pack Mini,200,M020,Natural Flavors,2000,06-06-25 19:14:48
P0386,Cheese Balls Max Family Pack Mini,200,M015,Maltodextrin,200,22-06-25 19:14:48
P0386,Cheese Balls Max Family Pack Mini,200,M003,Citric Acid,2000,26-05-25 19:14:48
P0387,Lemon Soda Mini Family Pack Pro,5000,M024,Ascorbic Acid,200,05-06-25 19:14:48
P0387,Lemon Soda Mini Family Pack Pro,5000,M003,Citric Acid,2000,10-06-25 19:14:48
P0387,Lemon Soda Mini Family Pack Pro,5000,M020,Natural Flavors,500,10-06-25 19:14:48
P0388,Orange Soft Drink Max XL Pro XL,2000,M037,Caramel Color,1000,30-05-25 19:14:48
P0388,Orange Soft Drink Max XL Pro XL,2000,M024,Ascorbic Acid,1000,07-06-25 19:14:48
P0388,Orange Soft Drink Max XL Pro XL,2000,M001,Sugar,2000,30-05-25 19:14:48
P0389,Tomato Flavored Chips Max Pro Mini XL,500,M019,Paprika Extract,500,19-06-25 19:14:48
P0389,Tomato Flavored Chips Max Pro Mini XL,500,M007,Vegetable Oil,1000,26-05-25 19:14:48
P0389,Tomato Flavored Chips Max Pro Mini XL,500,M005,Potatoes,1000,18-06-25 19:14:48
P0390,Sweet Corn Puffs XL Mini Lite XL Pro Pro Lite Lite,2000,M020,Natural Flavors,2000,02-06-25 19:14:48
P0390,Sweet Corn Puffs XL Mini Lite XL Pro Pro Lite Lite,2000,M006,Corn,1000,25-05-25 19:14:48
P0390,Sweet Corn Puffs XL Mini Lite XL Pro Pro Lite Lite,2000,M003,Citric Acid,200,04-06-25 19:14:48
P0391,Mint Flavored Soda Max Mini Pro,100,M042,Acetic Acid,2000,04-06-25 19:14:48
P0391,Mint Flavored Soda Max Mini Pro,100,M024,Ascorbic Acid,2000,17-06-25 19:14:48
P0391,Mint Flavored Soda Max Mini Pro,100,M001,Sugar,1000,02-06-25 19:14:48
P0392,Tomato Flavored Chips Pro XL Pro Mini Lite Pro,200,M008,Sunflower Oil,2000,10-06-25 19:14:48
P0392,Tomato Flavored Chips Pro XL Pro Mini Lite Pro,200,M019,Paprika Extract,500,15-06-25 19:14:48
P0392,Tomato Flavored Chips Pro XL Pro Mini Lite Pro,200,M007,Vegetable Oil,1000,27-05-25 19:14:48
P0393,Tomato Flavored Chips Pro XL Mini Mini,5000,M008,Sunflower Oil,1000,08-06-25 19:14:48
P0393,Tomato Flavored Chips Pro XL Mini Mini,5000,M011,Cheddar Cheese,500,22-06-25 19:14:48
P0393,Tomato Flavored Chips Pro XL Mini Mini,5000,M020,Natural Flavors,1000,22-06-25 19:14:48
P0394,Energy Drink - Citrus Mini Family Pack Max Family Pack,500,M001,Sugar,100,12-06-25 19:14:48
P0394,Energy Drink - Citrus Mini Family Pack Max Family Pack,500,M024,Ascorbic Acid,100,19-06-25 19:14:48
P0394,Energy Drink - Citrus Mini Family Pack Max Family Pack,500,M003,Citric Acid,2000,05-06-25 19:14:48
P0395,Chocolate Milk Drink Mini Max XL XL Pro,200,M033,Vanillin,500,31-05-25 19:14:48
P0395,Chocolate Milk Drink Mini Max XL XL Pro,200,M042,Acetic Acid,1000,30-05-25 19:14:48
P0395,Chocolate Milk Drink Mini Max XL XL Pro,200,M024,Ascorbic Acid,1000,18-06-25 19:14:48
P0396,Butter Popcorn Family Pack Family Pack,5000,M002,Salt,2000,25-05-25 19:14:48
P0396,Butter Popcorn Family Pack Family Pack,5000,M026,Cocoa Powder,500,29-05-25 19:14:48
P0396,Butter Popcorn Family Pack Family Pack,5000,M025,Soy Lecithin,500,10-06-25 19:14:48
P0397,Tomato Flavored Chips Pro Max Pro,200,M002,Salt,200,26-05-25 19:14:48
P0397,Tomato Flavored Chips Pro Max Pro,200,M008,Sunflower Oil,1000,08-06-25 19:14:48
P0397,Tomato Flavored Chips Pro Max Pro,200,M013,Onion Powder,200,04-06-25 19:14:48
P0398,Sweet Corn Puffs Family Pack Mini Pro Max,200,M002,Salt,100,20-06-25 19:14:48
P0398,Sweet Corn Puffs Family Pack Mini Pro Max,200,M003,Citric Acid,100,21-06-25 19:14:48
P0398,Sweet Corn Puffs Family Pack Mini Pro Max,200,M020,Natural Flavors,1000,17-06-25 19:14:48
P0399,Chocolate Milk Drink Mini Max Family Pack Family Pack Pro Mini Mini,200,M003,Citric Acid,2000,29-05-25 19:14:48
P0399,Chocolate Milk Drink Mini Max Family Pack Family Pack Pro Mini Mini,200,M001,Sugar,200,17-06-25 19:14:48
P0399,Chocolate Milk Drink Mini Max Family Pack Family Pack Pro Mini Mini,200,M037,Caramel Color,500,04-06-25 19:14:48
P0400,Masala Potato Chips XL Mini Family Pack Mini,100,M019,Paprika Extract,100,09-06-25 19:14:48
P0400,Masala Potato Chips XL Mini Family Pack Mini,100,M008,Sunflower Oil,200,03-06-25 19:14:48
P0400,Masala Potato Chips XL Mini Family Pack Mini,100,M007,Vegetable Oil,500,04-06-25 19:14:48
P0401,Tomato Flavored Chips Pro XL Lite Pro XL Max XL,5000,M013,Onion Powder,2000,06-06-25 19:14:48
P0401,Tomato Flavored Chips Pro XL Lite Pro XL Max XL,5000,M014,Garlic Powder,2000,15-06-25 19:14:48
P0401,Tomato Flavored Chips Pro XL Lite Pro XL Max XL,5000,M011,Cheddar Cheese,100,16-06-25 19:14:48
P0402,Mint Flavored Soda Mini Lite Lite Lite Family Pack,500,M033,Vanillin,500,26-05-25 19:14:48
P0402,Mint Flavored Soda Mini Lite Lite Lite Family Pack,500,M003,Citric Acid,1000,22-06-25 19:14:48
P0402,Mint Flavored Soda Mini Lite Lite Lite Family Pack,500,M001,Sugar,1000,13-06-25 19:14:48
P0403,Cola Beverage Mini Family Pack Family Pack Pro XL,5000,M024,Ascorbic Acid,100,19-06-25 19:14:48
P0403,Cola Beverage Mini Family Pack Family Pack Pro XL,5000,M003,Citric Acid,2000,27-05-25 19:14:48
P0403,Cola Beverage Mini Family Pack Family Pack Pro XL,5000,M042,Acetic Acid,2000,18-06-25 19:14:48
P0404,Sweet Corn Puffs XL Mini Lite Family Pack Mini Pro,500,M015,Maltodextrin,2000,02-06-25 19:14:48
P0404,Sweet Corn Puffs XL Mini Lite Family Pack Mini Pro,500,M003,Citric Acid,500,15-06-25 19:14:48
P0404,Sweet Corn Puffs XL Mini Lite Family Pack Mini Pro,500,M020,Natural Flavors,500,31-05-25 19:14:48
P0405,Chocolate Milk Drink Mini Max Family Pack Family Pack Pro Lite,1000,M024,Ascorbic Acid,100,20-06-25 19:14:48
P0405,Chocolate Milk Drink Mini Max Family Pack Family Pack Pro Lite,1000,M037,Caramel Color,1000,12-06-25 19:14:48
P0405,Chocolate Milk Drink Mini Max Family Pack Family Pack Pro Lite,1000,M033,Vanillin,200,21-06-25 19:14:48
P0406,Spicy Tortilla Chips Lite Lite Family Pack XL,100,M008,Sunflower Oil,200,13-06-25 19:14:48
P0406,Spicy Tortilla Chips Lite Lite Family Pack XL,100,M011,Cheddar Cheese,1000,30-05-25 19:14:48
P0406,Spicy Tortilla Chips Lite Lite Family Pack XL,100,M005,Potatoes,100,13-06-25 19:14:48
P0407,Masala Potato Chips Mini Mini Lite Family Pack,1000,M020,Natural Flavors,100,16-06-25 19:14:48
P0407,Masala Potato Chips Mini Mini Lite Family Pack,1000,M005,Potatoes,1000,22-06-25 19:14:48
P0407,Masala Potato Chips Mini Mini Lite Family Pack,1000,M011,Cheddar Cheese,200,03-06-25 19:14:48
P0408,Mint Flavored Soda Max Mini Family Pack,100,M033,Vanillin,1000,24-05-25 19:14:48
P0408,Mint Flavored Soda Max Mini Family Pack,100,M037,Caramel Color,100,16-06-25 19:14:48
P0408,Mint Flavored Soda Max Mini Family Pack,100,M024,Ascorbic Acid,1000,14-06-25 19:14:48
P0409,Chocolate Milk Drink Max Max XL,100,M020,Natural Flavors,100,10-06-25 19:14:48
P0409,Chocolate Milk Drink Max Max XL,100,M003,Citric Acid,1000,13-06-25 19:14:48
P0409,Chocolate Milk Drink Max Max XL,100,M042,Acetic Acid,2000,21-06-25 19:14:48
P0410,Sweet Corn Puffs XL Mini Lite XL Pro Pro Lite Pro Pro,200,M009,Palm Oil,2000,12-06-25 19:14:48
P0410,Sweet Corn Puffs XL Mini Lite XL Pro Pro Lite Pro Pro,200,M020,Natural Flavors,100,31-05-25 19:14:48
P0410,Sweet Corn Puffs XL Mini Lite XL Pro Pro Lite Pro Pro,200,M006,Corn,2000,11-06-25 19:14:48
P0411,Iced Tea - Peach Mini Lite Pro XL Mini Family Pack XL,2000,M024,Ascorbic Acid,2000,05-06-25 19:14:48
P0411,Iced Tea - Peach Mini Lite Pro XL Mini Family Pack XL,2000,M033,Vanillin,500,10-06-25 19:14:48
P0411,Iced Tea - Peach Mini Lite Pro XL Mini Family Pack XL,2000,M003,Citric Acid,2000,26-05-25 19:14:48
P0412,Tomato Flavored Chips Pro XL Pro Mini Lite Mini,100,M008,Sunflower Oil,2000,16-06-25 19:14:48
P0412,Tomato Flavored Chips Pro XL Pro Mini Lite Mini,100,M002,Salt,2000,11-06-25 19:14:48
P0412,Tomato Flavored Chips Pro XL Pro Mini Lite Mini,100,M019,Paprika Extract,1000,26-05-25 19:14:48
P0413,Lemon Soda Family Pack XL Lite Mini Family Pack,1000,M037,Caramel Color,100,21-06-25 19:14:48
P0413,Lemon Soda Family Pack XL Lite Mini Family Pack,1000,M020,Natural Flavors,200,22-06-25 19:14:48
P0413,Lemon Soda Family Pack XL Lite Mini Family Pack,1000,M001,Sugar,200,13-06-25 19:14:48
P0414,Orange Soft Drink Mini Family Pack Pro,1000,M001,Sugar,200,20-06-25 19:14:48
P0414,Orange Soft Drink Mini Family Pack Pro,1000,M024,Ascorbic Acid,1000,07-06-25 19:14:48
P0414,Orange Soft Drink Mini Family Pack Pro,1000,M003,Citric Acid,1000,25-05-25 19:14:48
P0415,Chocolate Milk Drink Mini Max Family Pack Pro XL XL Lite,5000,M037,Caramel Color,200,12-06-25 19:14:48
P0415,Chocolate Milk Drink Mini Max Family Pack Pro XL XL Lite,5000,M042,Acetic Acid,2000,06-06-25 19:14:48
P0415,Chocolate Milk Drink Mini Max Family Pack Pro XL XL Lite,5000,M033,Vanillin,1000,21-06-25 19:14:48
P0416,Chocolate Milk Drink Mini Max Family Pack Family Pack Family Pack,100,M001,Sugar,2000,24-05-25 19:14:48
P0416,Chocolate Milk Drink Mini Max Family Pack Family Pack Family Pack,100,M003,Citric Acid,500,22-06-25 19:14:48
P0416,Chocolate Milk Drink Mini Max Family Pack Family Pack Family Pack,100,M020,Natural Flavors,200,01-06-25 19:14:48
P0417,Barbecue Corn Chips Family Pack Family Pack,1000,M007,Vegetable Oil,200,12-06-25 19:14:48
P0417,Barbecue Corn Chips Family Pack Family Pack,1000,M014,Garlic Powder,500,15-06-25 19:14:48
P0417,Barbecue Corn Chips Family Pack Family Pack,1000,M011,Cheddar Cheese,100,10-06-25 19:14:48
P0418,Cheese Crackers Family Pack Pro Family Pack,100,M033,Vanillin,200,28-05-25 19:14:48
P0418,Cheese Crackers Family Pack Pro Family Pack,100,M026,Cocoa Powder,1000,14-06-25 19:14:48
P0418,Cheese Crackers Family Pack Pro Family Pack,100,M038,Baking Powder,500,18-06-25 19:14:48
P0419,Orange Soft Drink Max Mini Lite Mini,500,M001,Sugar,1000,26-05-25 19:14:48
P0419,Orange Soft Drink Max Mini Lite Mini,500,M003,Citric Acid,2000,17-06-25 19:14:48
P0419,Orange Soft Drink Max Mini Lite Mini,500,M024,Ascorbic Acid,500,04-06-25 19:14:48
P0420,Cola Beverage Family Pack Max,2000,M020,Natural Flavors,2000,30-05-25 19:14:48
P0420,Cola Beverage Family Pack Max,2000,M001,Sugar,500,28-05-25 19:14:48
P0420,Cola Beverage Family Pack Max,2000,M003,Citric Acid,2000,30-05-25 19:14:48
P0421,Masala Potato Chips Pro Family Pack Mini,100,M007,Vegetable Oil,200,03-06-25 19:14:48
P0421,Masala Potato Chips Pro Family Pack Mini,100,M011,Cheddar Cheese,1000,16-06-25 19:14:48
P0421,Masala Potato Chips Pro Family Pack Mini,100,M013,Onion Powder,1000,12-06-25 19:14:48
P0422,Snack Mix - Trail Pro,1000,M003,Citric Acid,2000,20-06-25 19:14:48
P0422,Snack Mix - Trail Pro,1000,M015,Maltodextrin,2000,27-05-25 19:14:48
P0422,Snack Mix - Trail Pro,1000,M020,Natural Flavors,100,24-05-25 19:14:48
P0423,Masala Potato Chips Mini Mini Lite Family Pack XL,5000,M020,Natural Flavors,2000,16-06-25 19:14:48
P0423,Masala Potato Chips Mini Mini Lite Family Pack XL,5000,M005,Potatoes,500,09-06-25 19:14:48
P0423,Masala Potato Chips Mini Mini Lite Family Pack XL,5000,M013,Onion Powder,200,18-06-25 19:14:48
P0424,Iced Tea - Peach Mini Lite Pro XL Mini Family Pack XL Family Pack,100,M042,Acetic Acid,200,25-05-25 19:14:48
P0424,Iced Tea - Peach Mini Lite Pro XL Mini Family Pack XL Family Pack,100,M033,Vanillin,500,14-06-25 19:14:48
P0424,Iced Tea - Peach Mini Lite Pro XL Mini Family Pack XL Family Pack,100,M037,Caramel Color,500,19-06-25 19:14:48
P0425,Masala Potato Chips XL XL,100,M013,Onion Powder,2000,16-06-25 19:14:48
P0425,Masala Potato Chips XL XL,100,M007,Vegetable Oil,100,09-06-25 19:14:48
P0425,Masala Potato Chips XL XL,100,M011,Cheddar Cheese,200,17-06-25 19:14:48
P0426,Masala Potato Chips Mini Mini Max Pro,100,M013,Onion Powder,2000,24-05-25 19:14:48
P0426,Masala Potato Chips Mini Mini Max Pro,100,M019,Paprika Extract,200,19-06-25 19:14:48
P0426,Masala Potato Chips Mini Mini Max Pro,100,M005,Potatoes,200,12-06-25 19:14:48
P0427,Classic Salted Wafers Pro,2000,M020,Natural Flavors,200,03-06-25 19:14:48
P0427,Classic Salted Wafers Pro,2000,M007,Vegetable Oil,200,02-06-25 19:14:48
P0427,Classic Salted Wafers Pro,2000,M008,Sunflower Oil,200,26-05-25 19:14:48
P0428,Orange Soft Drink Max XL Pro XL Max,500,M024,Ascorbic Acid,1000,06-06-25 19:14:48
P0428,Orange Soft Drink Max XL Pro XL Max,500,M020,Natural Flavors,200,25-05-25 19:14:48
P0428,Orange Soft Drink Max XL Pro XL Max,500,M001,Sugar,100,16-06-25 19:14:48
P0429,Orange Soft Drink Mini Family Pack Pro XL,100,M020,Natural Flavors,200,01-06-25 19:14:48
P0429,Orange Soft Drink Mini Family Pack Pro XL,100,M001,Sugar,2000,19-06-25 19:14:48
P0429,Orange Soft Drink Mini Family Pack Pro XL,100,M003,Citric Acid,2000,04-06-25 19:14:48
P0430,Cola Beverage Mini Family Pack Family Pack Family Pack,5000,M024,Ascorbic Acid,2000,17-06-25 19:14:48
P0430,Cola Beverage Mini Family Pack Family Pack Family Pack,5000,M033,Vanillin,100,22-06-25 19:14:48
P0430,Cola Beverage Mini Family Pack Family Pack Family Pack,5000,M003,Citric Acid,500,25-05-25 19:14:48
P0431,Cheese Nachos Lite Family Pack Lite Pro Lite,2000,M006,Corn,1000,11-06-25 19:14:48
P0431,Cheese Nachos Lite Family Pack Lite Pro Lite,2000,M011,Cheddar Cheese,200,30-05-25 19:14:48
P0431,Cheese Nachos Lite Family Pack Lite Pro Lite,2000,M002,Salt,200,22-06-25 19:14:48
P0432,Masala Potato Chips XL XL Family Pack,100,M005,Potatoes,200,07-06-25 19:14:48
P0432,Masala Potato Chips XL XL Family Pack,100,M013,Onion Powder,100,22-06-25 19:14:48
P0432,Masala Potato Chips XL XL Family Pack,100,M011,Cheddar Cheese,1000,22-06-25 19:14:48
P0433,Cheese Nachos XL Lite XL Lite,500,M011,Cheddar Cheese,200,20-06-25 19:14:48
P0433,Cheese Nachos XL Lite XL Lite,500,M013,Onion Powder,2000,18-06-25 19:14:48
P0433,Cheese Nachos XL Lite XL Lite,500,M002,Salt,500,07-06-25 19:14:48
P0434,Masala Potato Chips Mini Family Pack Pro Max Family Pack Lite,5000,M014,Garlic Powder,200,31-05-25 19:14:48
P0434,Masala Potato Chips Mini Family Pack Pro Max Family Pack Lite,5000,M008,Sunflower Oil,200,02-06-25 19:14:48
P0434,Masala Potato Chips Mini Family Pack Pro Max Family Pack Lite,5000,M005,Potatoes,200,02-06-25 19:14:48
P0435,Milkshake - Strawberry Pro XL,2000,M033,Vanillin,500,12-06-25 19:14:48
P0435,Milkshake - Strawberry Pro XL,2000,M025,Soy Lecithin,1000,21-06-25 19:14:48
P0435,Milkshake - Strawberry Pro XL,2000,M010,Whey Protein,500,12-06-25 19:14:48
P0436,Chocolate Milk Drink Mini Max Family Pack Pro XL Lite,100,M024,Ascorbic Acid,2000,28-05-25 19:14:48
P0436,Chocolate Milk Drink Mini Max Family Pack Pro XL Lite,100,M042,Acetic Acid,500,31-05-25 19:14:48
P0436,Chocolate Milk Drink Mini Max Family Pack Pro XL Lite,100,M003,Citric Acid,200,28-05-25 19:14:48
P0437,Chocolate Milk Drink Mini Max Family Pack Pro Mini Lite Mini XL Mini,1000,M001,Sugar,200,27-05-25 19:14:48
P0437,Chocolate Milk Drink Mini Max Family Pack Pro Mini Lite Mini XL Mini,1000,M020,Natural Flavors,200,20-06-25 19:14:48
P0437,Chocolate Milk Drink Mini Max Family Pack Pro Mini Lite Mini XL Mini,1000,M024,Ascorbic Acid,2000,20-06-25 19:14:48
P0438,Chocolate Milk Drink Mini Max Mini Lite Pro Lite Max,5000,M003,Citric Acid,1000,15-06-25 19:14:48
P0438,Chocolate Milk Drink Mini Max Mini Lite Pro Lite Max,5000,M033,Vanillin,100,14-06-25 19:14:48
P0438,Chocolate Milk Drink Mini Max Mini Lite Pro Lite Max,5000,M001,Sugar,200,28-05-25 19:14:48
P0439,Chocolate Milk Drink Mini Max Family Pack Pro Mini Lite Mini XL Lite XL,100,M037,Caramel Color,2000,07-06-25 19:14:48
P0439,Chocolate Milk Drink Mini Max Family Pack Pro Mini Lite Mini XL Lite XL,100,M042,Acetic Acid,100,29-05-25 19:14:48
P0439,Chocolate Milk Drink Mini Max Family Pack Pro Mini Lite Mini XL Lite XL,100,M003,Citric Acid,1000,20-06-25 19:14:48
P0440,Coffee Can Drink Max Mini Family Pack,1000,M001,Sugar,100,31-05-25 19:14:48
P0440,Coffee Can Drink Max Mini Family Pack,1000,M003,Citric Acid,100,04-06-25 19:14:48
P0440,Coffee Can Drink Max Mini Family Pack,1000,M033,Vanillin,1000,17-06-25 19:14:48
P0441,Lemon Soda Family Pack Lite,100,M001,Sugar,100,16-06-25 19:14:48
P0441,Lemon Soda Family Pack Lite,100,M020,Natural Flavors,500,06-06-25 19:14:48
P0441,Lemon Soda Family Pack Lite,100,M033,Vanillin,2000,14-06-25 19:14:48
P0442,Sweet Corn Puffs XL Mini Lite Lite,100,M002,Salt,1000,25-05-25 19:14:48
P0442,Sweet Corn Puffs XL Mini Lite Lite,100,M009,Palm Oil,2000,09-06-25 19:14:48
P0442,Sweet Corn Puffs XL Mini Lite Lite,100,M020,Natural Flavors,200,24-05-25 19:14:48
P0443,Orange Soft Drink Max Mini Pro Pro,1000,M042,Acetic Acid,100,24-05-25 19:14:48
P0443,Orange Soft Drink Max Mini Pro Pro,1000,M037,Caramel Color,100,11-06-25 19:14:48
P0443,Orange Soft Drink Max Mini Pro Pro,1000,M003,Citric Acid,1000,25-05-25 19:14:48
P0444,Chocolate Milk Drink Mini Max Family Pack Pro Mini Family Pack Lite Pro Lite,1000,M020,Natural Flavors,1000,11-06-25 19:14:48
P0444,Chocolate Milk Drink Mini Max Family Pack Pro Mini Family Pack Lite Pro Lite,1000,M024,Ascorbic Acid,200,18-06-25 19:14:48
P0444,Chocolate Milk Drink Mini Max Family Pack Pro Mini Family Pack Lite Pro Lite,1000,M033,Vanillin,500,18-06-25 19:14:48
P0445,Orange Soft Drink Max Family Pack Pro,5000,M024,Ascorbic Acid,2000,20-06-25 19:14:48
P0445,Orange Soft Drink Max Family Pack Pro,5000,M042,Acetic Acid,100,15-06-25 19:14:48
P0445,Orange Soft Drink Max Family Pack Pro,5000,M001,Sugar,100,31-05-25 19:14:48
P0446,Orange Soft Drink Family Pack Pro,1000,M001,Sugar,500,13-06-25 19:14:48
P0446,Orange Soft Drink Family Pack Pro,1000,M020,Natural Flavors,1000,17-06-25 19:14:48
P0446,Orange Soft Drink Family Pack Pro,1000,M024,Ascorbic Acid,1000,07-06-25 19:14:48
P0447,Milkshake - Strawberry Pro XL Pro,200,M028,Skimmed Milk Powder,200,29-05-25 19:14:48
P0447,Milkshake - Strawberry Pro XL Pro,200,M010,Whey Protein,1000,15-06-25 19:14:48
P0447,Milkshake - Strawberry Pro XL Pro,200,M025,Soy Lecithin,100,21-06-25 19:14:48
P0448,Chocolate Milk Drink Mini Max Family Pack Pro Mini Lite Mini Family Pack Lite,500,M033,Vanillin,100,10-06-25 19:14:48
P0448,Chocolate Milk Drink Mini Max Family Pack Pro Mini Lite Mini Family Pack Lite,500,M001,Sugar,200,18-06-25 19:14:48
P0448,Chocolate Milk Drink Mini Max Family Pack Pro Mini Lite Mini Family Pack Lite,500,M024,Ascorbic Acid,2000,07-06-25 19:14:48
P0449,Orange Soft Drink Max Max XL,200,M033,Vanillin,1000,11-06-25 19:14:48
P0449,Orange Soft Drink Max Max XL,200,M020,Natural Flavors,100,30-05-25 19:14:48
P0449,Orange Soft Drink Max Max XL,200,M003,Citric Acid,1000,22-06-25 19:14:48
P0450,Chocolate Milk Drink Mini Max Family Pack Pro Mini Lite XL Pro Pro XL,2000,M001,Sugar,200,12-06-25 19:14:48
P0450,Chocolate Milk Drink Mini Max Family Pack Pro Mini Lite XL Pro Pro XL,2000,M033,Vanillin,200,09-06-25 19:14:48
P0450,Chocolate Milk Drink Mini Max Family Pack Pro Mini Lite XL Pro Pro XL,2000,M020,Natural Flavors,2000,14-06-25 19:14:48
P0451,Chocolate Chip Cookies XL Max,200,M005,Potatoes,200,24-05-25 19:14:48
P0451,Chocolate Chip Cookies XL Max,200,M014,Garlic Powder,200,28-05-25 19:14:48
P0451,Chocolate Chip Cookies XL Max,200,M011,Cheddar Cheese,2000,27-05-25 19:14:48
P0452,Tomato Flavored Chips Pro XL Pro Mini Lite Lite,500,M008,Sunflower Oil,1000,27-05-25 19:14:48
P0452,Tomato Flavored Chips Pro XL Pro Mini Lite Lite,500,M020,Natural Flavors,100,16-06-25 19:14:48
P0452,Tomato Flavored Chips Pro XL Pro Mini Lite Lite,500,M007,Vegetable Oil,200,27-05-25 19:14:48
P0453,Coffee Can Drink Max Mini Mini Pro,2000,M003,Citric Acid,2000,19-06-25 19:14:48
P0453,Coffee Can Drink Max Mini Mini Pro,2000,M001,Sugar,100,22-06-25 19:14:48
P0453,Coffee Can Drink Max Mini Mini Pro,2000,M024,Ascorbic Acid,100,11-06-25 19:14:48
P0454,Snack Mix - Trail Max Pro XL Max Lite Lite,500,M015,Maltodextrin,200,27-05-25 19:14:48
P0454,Snack Mix - Trail Max Pro XL Max Lite Lite,500,M020,Natural Flavors,200,29-05-25 19:14:48
P0454,Snack Mix - Trail Max Pro XL Max Lite Lite,500,M003,Citric Acid,200,25-05-25 19:14:48
P0455,Masala Potato Chips Mini Mini Max Max,1000,M005,Potatoes,1000,25-05-25 19:14:48
P0455,Masala Potato Chips Mini Mini Max Max,1000,M019,Paprika Extract,1000,28-05-25 19:14:48
P0455,Masala Potato Chips Mini Mini Max Max,1000,M002,Salt,500,05-06-25 19:14:48
P0456,Chocolate Milk Drink Mini Max Family Pack Pro Mini Lite XL Pro Pro XL Family Pack,5000,M042,Acetic Acid,1000,08-06-25 19:14:48
P0456,Chocolate Milk Drink Mini Max Family Pack Pro Mini Lite XL Pro Pro XL Family Pack,5000,M003,Citric Acid,100,09-06-25 19:14:48
P0456,Chocolate Milk Drink Mini Max Family Pack Pro Mini Lite XL Pro Pro XL Family Pack,5000,M033,Vanillin,100,08-06-25 19:14:48
P0457,Tomato Flavored Chips Pro Pro Lite Family Pack,200,M005,Potatoes,500,10-06-25 19:14:48
P0457,Tomato Flavored Chips Pro Pro Lite Family Pack,200,M014,Garlic Powder,200,02-06-25 19:14:48
P0457,Tomato Flavored Chips Pro Pro Lite Family Pack,200,M020,Natural Flavors,100,25-05-25 19:14:48
P0458,Iced Tea - Peach Mini Lite Pro XL Mini Family Pack XL Family Pack Pro,5000,M042,Acetic Acid,500,14-06-25 19:14:48
P0458,Iced Tea - Peach Mini Lite Pro XL Mini Family Pack XL Family Pack Pro,5000,M033,Vanillin,100,28-05-25 19:14:48
P0458,Iced Tea - Peach Mini Lite Pro XL Mini Family Pack XL Family Pack Pro,5000,M024,Ascorbic Acid,1000,20-06-25 19:14:48
P0459,Chocolate Milk Drink Pro Max Max,500,M024,Ascorbic Acid,200,16-06-25 19:14:48
P0459,Chocolate Milk Drink Pro Max Max,500,M037,Caramel Color,1000,06-06-25 19:14:48
P0459,Chocolate Milk Drink Pro Max Max,500,M003,Citric Acid,1000,11-06-25 19:14:48
P0460,Whey Protein Bar Family Pack Mini Max Family Pack,500,M025,Soy Lecithin,2000,12-06-25 19:14:48
P0460,Whey Protein Bar Family Pack Mini Max Family Pack,500,M028,Skimmed Milk Powder,1000,24-05-25 19:14:48
P0460,Whey Protein Bar Family Pack Mini Max Family Pack,500,M010,Whey Protein,2000,19-06-25 19:14:48
P0461,Cheese Crackers Mini,5000,M026,Cocoa Powder,200,02-06-25 19:14:48
P0461,Cheese Crackers Mini,5000,M002,Salt,2000,13-06-25 19:14:48
P0461,Cheese Crackers Mini,5000,M027,Milk Solids,1000,10-06-25 19:14:48
P0462,Cheese Crackers Family Pack Mini Max Pro,5000,M026,Cocoa Powder,1000,21-06-25 19:14:48
P0462,Cheese Crackers Family Pack Mini Max Pro,5000,M027,Milk Solids,2000,06-06-25 19:14:48
P0462,Cheese Crackers Family Pack Mini Max Pro,5000,M001,Sugar,1000,30-05-25 19:14:48
P0463,Whey Protein Bar Family Pack Mini Max Family Pack XL,1000,M010,Whey Protein,200,19-06-25 19:14:48
P0463,Whey Protein Bar Family Pack Mini Max Family Pack XL,1000,M025,Soy Lecithin,1000,07-06-25 19:14:48
P0463,Whey Protein Bar Family Pack Mini Max Family Pack XL,1000,M016,Dextrose,200,24-05-25 19:14:48
P0464,Butter Popcorn Max Lite XL,100,M026,Cocoa Powder,1000,21-06-25 19:14:48
P0464,Butter Popcorn Max Lite XL,100,M002,Salt,500,15-06-25 19:14:48
P0464,Butter Popcorn Max Lite XL,100,M033,Vanillin,500,22-06-25 19:14:48
P0465,Masala Potato Chips Mini Mini Lite Family Pack Pro,2000,M008,Sunflower Oil,1000,15-06-25 19:14:48
P0465,Masala Potato Chips Mini Mini Lite Family Pack Pro,2000,M019,Paprika Extract,1000,09-06-25 19:14:48
P0465,Masala Potato Chips Mini Mini Lite Family Pack Pro,2000,M005,Potatoes,200,26-05-25 19:14:48
P0466,Lemon Soda Family Pack XL Lite Max,5000,M001,Sugar,100,28-05-25 19:14:48
P0466,Lemon Soda Family Pack XL Lite Max,5000,M020,Natural Flavors,200,11-06-25 19:14:48
P0466,Lemon Soda Family Pack XL Lite Max,5000,M042,Acetic Acid,100,25-05-25 19:14:48
P0467,Chocolate Milk Drink Pro Max Mini Mini XL,1000,M024,Ascorbic Acid,1000,18-06-25 19:14:48
P0467,Chocolate Milk Drink Pro Max Mini Mini XL,1000,M033,Vanillin,1000,20-06-25 19:14:48
P0467,Chocolate Milk Drink Pro Max Mini Mini XL,1000,M037,Caramel Color,200,27-05-25 19:14:48
P0468,Sweet Corn Puffs XL Mini Lite Family Pack Pro Mini,200,M003,Citric Acid,100,15-06-25 19:14:48
P0468,Sweet Corn Puffs XL Mini Lite Family Pack Pro Mini,200,M020,Natural Flavors,500,29-05-25 19:14:48
P0468,Sweet Corn Puffs XL Mini Lite Family Pack Pro Mini,200,M006,Corn,2000,24-05-25 19:14:48
P0469,Sweet Corn Puffs Family Pack Mini Pro Max Max,100,M020,Natural Flavors,1000,30-05-25 19:14:48
P0469,Sweet Corn Puffs Family Pack Mini Pro Max Max,100,M006,Corn,2000,15-06-25 19:14:48
P0469,Sweet Corn Puffs Family Pack Mini Pro Max Max,100,M009,Palm Oil,500,25-05-25 19:14:48
P0470,Whey Protein Bar Max Family Pack Pro Max,2000,M027,Milk Solids,500,07-06-25 19:14:48
P0470,Whey Protein Bar Max Family Pack Pro Max,2000,M010,Whey Protein,2000,11-06-25 19:14:48
P0470,Whey Protein Bar Max Family Pack Pro Max,2000,M028,Skimmed Milk Powder,2000,03-06-25 19:14:48
P0471,Tomato Flavored Chips Pro XL Mini Mini Family Pack,5000,M014,Garlic Powder,500,18-06-25 19:14:48
P0471,Tomato Flavored Chips Pro XL Mini Mini Family Pack,5000,M005,Potatoes,1000,09-06-25 19:14:48
P0471,Tomato Flavored Chips Pro XL Mini Mini Family Pack,5000,M020,Natural Flavors,100,01-06-25 19:14:48
P0472,Energy Drink - Citrus XL XL,5000,M020,Natural Flavors,100,27-05-25 19:14:48
P0472,Energy Drink - Citrus XL XL,5000,M024,Ascorbic Acid,1000,18-06-25 19:14:48
P0472,Energy Drink - Citrus XL XL,5000,M001,Sugar,2000,15-06-25 19:14:48
P0473,Tomato Flavored Chips Max Pro Pro XL,1000,M020,Natural Flavors,200,10-06-25 19:14:48
P0473,Tomato Flavored Chips Max Pro Pro XL,1000,M007,Vegetable Oil,1000,15-06-25 19:14:48
P0473,Tomato Flavored Chips Max Pro Pro XL,1000,M002,Salt,200,21-06-25 19:14:48
P0474,Tomato Flavored Chips Pro Max Max Family Pack,500,M005,Potatoes,1000,29-05-25 19:14:48
P0474,Tomato Flavored Chips Pro Max Max Family Pack,500,M002,Salt,100,04-06-25 19:14:48
P0474,Tomato Flavored Chips Pro Max Max Family Pack,500,M007,Vegetable Oil,200,27-05-25 19:14:48
P0475,Iced Tea - Peach Mini Lite Pro XL Mini Family Pack XL Family Pack Pro XL,5000,M003,Citric Acid,100,22-06-25 19:14:48
P0475,Iced Tea - Peach Mini Lite Pro XL Mini Family Pack XL Family Pack Pro XL,5000,M037,Caramel Color,200,08-06-25 19:14:48
P0475,Iced Tea - Peach Mini Lite Pro XL Mini Family Pack XL Family Pack Pro XL,5000,M001,Sugar,2000,03-06-25 19:14:48
P0476,Fruit Punch Juice Family Pack XL,200,M042,Acetic Acid,100,01-06-25 19:14:48
P0476,Fruit Punch Juice Family Pack XL,200,M024,Ascorbic Acid,200,04-06-25 19:14:48
P0476,Fruit Punch Juice Family Pack XL,200,M003,Citric Acid,2000,19-06-25 19:14:48
P0477,Snack Mix - Trail Max Pro XL Max Lite Lite Lite,2000,M003,Citric Acid,200,08-06-25 19:14:48
P0477,Snack Mix - Trail Max Pro XL Max Lite Lite Lite,2000,M009,Palm Oil,500,13-06-25 19:14:48
P0477,Snack Mix - Trail Max Pro XL Max Lite Lite Lite,2000,M020,Natural Flavors,200,08-06-25 19:14:48
P0478,Chocolate Milk Drink Mini Max Max XL Mini Family Pack,2000,M024,Ascorbic Acid,200,14-06-25 19:14:48
P0478,Chocolate Milk Drink Mini Max Max XL Mini Family Pack,2000,M001,Sugar,200,27-05-25 19:14:48
P0478,Chocolate Milk Drink Mini Max Max XL Mini Family Pack,2000,M042,Acetic Acid,2000,07-06-25 19:14:48
P0479,Cola Beverage Mini Family Pack Family Pack XL,200,M033,Vanillin,100,07-06-25 19:14:48
P0479,Cola Beverage Mini Family Pack Family Pack XL,200,M020,Natural Flavors,500,09-06-25 19:14:48
P0479,Cola Beverage Mini Family Pack Family Pack XL,200,M037,Caramel Color,1000,18-06-25 19:14:48
P0480,Orange Soft Drink Max Pro XL Lite,100,M020,Natural Flavors,1000,25-05-25 19:14:48
P0480,Orange Soft Drink Max Pro XL Lite,100,M033,Vanillin,2000,19-06-25 19:14:48
P0480,Orange Soft Drink Max Pro XL Lite,100,M042,Acetic Acid,100,21-06-25 19:14:48
P0481,Masala Potato Chips Mini Mini Max Max Pro,200,M008,Sunflower Oil,500,24-05-25 19:14:48
P0481,Masala Potato Chips Mini Mini Max Max Pro,200,M020,Natural Flavors,500,06-06-25 19:14:48
P0481,Masala Potato Chips Mini Mini Max Max Pro,200,M007,Vegetable Oil,200,16-06-25 19:14:48
P0482,Lemon Soda Lite,1000,M001,Sugar,500,17-06-25 19:14:48
P0482,Lemon Soda Lite,1000,M024,Ascorbic Acid,2000,02-06-25 19:14:48
P0482,Lemon Soda Lite,1000,M042,Acetic Acid,200,09-06-25 19:14:48
P0483,Chocolate Milk Drink Max Pro,1000,M020,Natural Flavors,1000,28-05-25 19:14:48
P0483,Chocolate Milk Drink Max Pro,1000,M033,Vanillin,200,30-05-25 19:14:48
P0483,Chocolate Milk Drink Max Pro,1000,M042,Acetic Acid,2000,03-06-25 19:14:48
P0484,Tomato Flavored Chips Mini,5000,M020,Natural Flavors,1000,25-05-25 19:14:48
P0484,Tomato Flavored Chips Mini,5000,M007,Vegetable Oil,1000,20-06-25 19:14:48
P0484,Tomato Flavored Chips Mini,5000,M013,Onion Powder,500,26-05-25 19:14:48
P0485,Chocolate Chip Cookies XL Max Lite,500,M005,Potatoes,2000,31-05-25 19:14:48
P0485,Chocolate Chip Cookies XL Max Lite,500,M014,Garlic Powder,1000,18-06-25 19:14:48
P0485,Chocolate Chip Cookies XL Max Lite,500,M007,Vegetable Oil,500,03-06-25 19:14:48
P0486,Orange Soft Drink Max Pro Mini,100,M024,Ascorbic Acid,1000,12-06-25 19:14:48
P0486,Orange Soft Drink Max Pro Mini,100,M033,Vanillin,100,12-06-25 19:14:48
P0486,Orange Soft Drink Max Pro Mini,100,M042,Acetic Acid,2000,08-06-25 19:14:48
P0487,Spicy Tortilla Chips Lite Mini Family Pack,100,M007,Vegetable Oil,1000,14-06-25 19:14:48
P0487,Spicy Tortilla Chips Lite Mini Family Pack,100,M020,Natural Flavors,2000,11-06-25 19:14:48
P0487,Spicy Tortilla Chips Lite Mini Family Pack,100,M011,Cheddar Cheese,100,24-05-25 19:14:48
P0488,Tomato Flavored Chips Pro XL Family Pack Max,500,M007,Vegetable Oil,100,17-06-25 19:14:48
P0488,Tomato Flavored Chips Pro XL Family Pack Max,500,M002,Salt,2000,26-05-25 19:14:48
P0488,Tomato Flavored Chips Pro XL Family Pack Max,500,M008,Sunflower Oil,200,03-06-25 19:14:48
P0489,Masala Potato Chips Pro Family Pack Lite Max,1000,M007,Vegetable Oil,500,09-06-25 19:14:48
P0489,Masala Potato Chips Pro Family Pack Lite Max,1000,M020,Natural Flavors,1000,25-05-25 19:14:48
P0489,Masala Potato Chips Pro Family Pack Lite Max,1000,M013,Onion Powder,200,12-06-25 19:14:48
P0490,Sweet Corn Puffs XL Mini Lite Family Pack Pro Max,500,M003,Citric Acid,2000,06-06-25 19:14:48
P0490,Sweet Corn Puffs XL Mini Lite Family Pack Pro Max,500,M020,Natural Flavors,1000,05-06-25 19:14:48
P0490,Sweet Corn Puffs XL Mini Lite Family Pack Pro Max,500,M009,Palm Oil,200,29-05-25 19:14:48
P0491,Orange Soft Drink Mini Family Pack Pro XL Pro,2000,M037,Caramel Color,100,05-06-25 19:14:48
P0491,Orange Soft Drink Mini Family Pack Pro XL Pro,2000,M020,Natural Flavors,500,15-06-25 19:14:48
P0491,Orange Soft Drink Mini Family Pack Pro XL Pro,2000,M024,Ascorbic Acid,500,12-06-25 19:14:48
P0492,Mint Flavored Soda Mini Lite Lite Pro,200,M042,Acetic Acid,100,01-06-25 19:14:48
P0492,Mint Flavored Soda Mini Lite Lite Pro,200,M001,Sugar,100,15-06-25 19:14:48
P0492,Mint Flavored Soda Mini Lite Lite Pro,200,M033,Vanillin,100,02-06-25 19:14:48
P0493,Masala Potato Chips Mini Family Pack Pro Max Max Family Pack XL,200,M013,Onion Powder,200,12-06-25 19:14:48
P0493,Masala Potato Chips Mini Family Pack Pro Max Max Family Pack XL,200,M011,Cheddar Cheese,2000,14-06-25 19:14:48
P0493,Masala Potato Chips Mini Family Pack Pro Max Max Family Pack XL,200,M007,Vegetable Oil,500,22-06-25 19:14:48
P0494,Roasted Almonds Family Pack Family Pack XL Family Pack,5000,M015,Maltodextrin,100,06-06-25 19:14:48
P0494,Roasted Almonds Family Pack Family Pack XL Family Pack,5000,M019,Paprika Extract,1000,02-06-25 19:14:48
P0494,Roasted Almonds Family Pack Family Pack XL Family Pack,5000,M007,Vegetable Oil,1000,18-06-25 19:14:48
P0495,Energy Drink - Citrus Mini XL Family Pack Max,100,M020,Natural Flavors,1000,29-05-25 19:14:48
P0495,Energy Drink - Citrus Mini XL Family Pack Max,100,M033,Vanillin,100,19-06-25 19:14:48
P0495,Energy Drink - Citrus Mini XL Family Pack Max,100,M042,Acetic Acid,100,27-05-25 19:14:48
P0496,Mint Flavored Soda Mini Lite Lite Lite Mini,500,M003,Citric Acid,200,10-06-25 19:14:48
P0496,Mint Flavored Soda Mini Lite Lite Lite Mini,500,M020,Natural Flavors,2000,06-06-25 19:14:48
P0496,Mint Flavored Soda Mini Lite Lite Lite Mini,500,M037,Caramel Color,1000,01-06-25 19:14:48
P0497,Cheese Nachos Lite Family Pack Lite Pro Mini,500,M020,Natural Flavors,100,19-06-25 19:14:48
P0497,Cheese Nachos Lite Family Pack Lite Pro Mini,500,M013,Onion Powder,100,04-06-25 19:14:48
P0497,Cheese Nachos Lite Family Pack Lite Pro Mini,500,M011,Cheddar Cheese,200,01-06-25 19:14:48
P0498,Orange Soft Drink Mini Family Pack Family Pack XL,200,M033,Vanillin,200,28-05-25 19:14:48
P0498,Orange Soft Drink Mini Family Pack Family Pack XL,200,M037,Caramel Color,100,13-06-25 19:14:48
P0498,Orange Soft Drink Mini Family Pack Family Pack XL,200,M024,Ascorbic Acid,100,30-05-25 19:14:48
P0499,Orange Soft Drink Mini XL,5000,M037,Caramel Color,200,02-06-25 19:14:48
P0499,Orange Soft Drink Mini XL,5000,M024,Ascorbic Acid,2000,24-05-25 19:14:48
P0499,Orange Soft Drink Mini XL,5000,M001,Sugar,1000,21-06-25 19:14:48
P0500,Mint Flavored Soda XL XL Mini,100,M042,Acetic Acid,200,10-06-25 19:14:48
P0500,Mint Flavored Soda XL XL Mini,100,M024,Ascorbic Acid,200,20-06-25 19:14:48
P0500,Mint Flavored Soda XL XL Mini,100,M001,Sugar,500,17-06-25 19:14:48
P0501,Sweet Corn Puffs XL Mini Pro XL Family Pack,200,M002,Salt,200,10-06-25 19:14:48
P0501,Sweet Corn Puffs XL Mini Pro XL Family Pack,200,M006,Corn,2000,03-06-25 19:14:48
P0501,Sweet Corn Puffs XL Mini Pro XL Family Pack,200,M015,Maltodextrin,1000,03-06-25 19:14:48
P0502,Snack Mix - Trail Lite,500,M006,Corn,100,05-06-25 19:14:48
P0502,Snack Mix - Trail Lite,500,M009,Palm Oil,2000,12-06-25 19:14:48
P0502,Snack Mix - Trail Lite,500,M015,Maltodextrin,500,06-06-25 19:14:48
P0503,Orange Soft Drink Mini Family Pack Family Pack Mini Max,200,M003,Citric Acid,200,02-06-25 19:14:48
P0503,Orange Soft Drink Mini Family Pack Family Pack Mini Max,200,M001,Sugar,100,13-06-25 19:14:48
P0503,Orange Soft Drink Mini Family Pack Family Pack Mini Max,200,M020,Natural Flavors,1000,08-06-25 19:14:48
P0504,Mint Flavored Soda Max Mini Family Pack Family Pack,2000,M001,Sugar,500,17-06-25 19:14:48
P0504,Mint Flavored Soda Max Mini Family Pack Family Pack,2000,M042,Acetic Acid,500,01-06-25 19:14:48
P0504,Mint Flavored Soda Max Mini Family Pack Family Pack,2000,M003,Citric Acid,1000,25-05-25 19:14:48
P0505,Chocolate Milk Drink Mini Max Mini Lite Lite,200,M001,Sugar,500,27-05-25 19:14:48
P0505,Chocolate Milk Drink Mini Max Mini Lite Lite,200,M033,Vanillin,200,09-06-25 19:14:48
P0505,Chocolate Milk Drink Mini Max Mini Lite Lite,200,M042,Acetic Acid,200,09-06-25 19:14:48
P0506,Sweet Corn Puffs XL Lite XL Lite,500,M015,Maltodextrin,1000,02-06-25 19:14:48
P0506,Sweet Corn Puffs XL Lite XL Lite,500,M002,Salt,200,04-06-25 19:14:48
P0506,Sweet Corn Puffs XL Lite XL Lite,500,M020,Natural Flavors,200,03-06-25 19:14:48
P0507,Sweet Corn Puffs XL Mini Lite XL Pro Pro Lite Lite Family Pack,200,M006,Corn,2000,18-06-25 19:14:48
P0507,Sweet Corn Puffs XL Mini Lite XL Pro Pro Lite Lite Family Pack,200,M003,Citric Acid,100,30-05-25 19:14:48
P0507,Sweet Corn Puffs XL Mini Lite XL Pro Pro Lite Lite Family Pack,200,M002,Salt,1000,17-06-25 19:14:48
P0508,Chocolate Milk Drink Mini Max Family Pack Pro Mini Lite XL Pro Pro XL Family Pack Max,5000,M003,Citric Acid,200,17-06-25 19:14:48
P0508,Chocolate Milk Drink Mini Max Family Pack Pro Mini Lite XL Pro Pro XL Family Pack Max,5000,M001,Sugar,1000,29-05-25 19:14:48
P0508,Chocolate Milk Drink Mini Max Family Pack Pro Mini Lite XL Pro Pro XL Family Pack Max,5000,M024,Ascorbic Acid,2000,25-05-25 19:14:48
P0509,Sweet Corn Puffs Family Pack Mini Max XL,100,M002,Salt,200,15-06-25 19:14:48
P0509,Sweet Corn Puffs Family Pack Mini Max XL,100,M009,Palm Oil,100,28-05-25 19:14:48
P0509,Sweet Corn Puffs Family Pack Mini Max XL,100,M015,Maltodextrin,2000,30-05-25 19:14:48
P0510,Coffee Can Drink Lite Lite Pro,5000,M001,Sugar,100,02-06-25 19:14:48
P0510,Coffee Can Drink Lite Lite Pro,5000,M024,Ascorbic Acid,100,15-06-25 19:14:48
P0510,Coffee Can Drink Lite Lite Pro,5000,M003,Citric Acid,200,30-05-25 19:14:48
P0511,Coffee Can Drink Max Pro,200,M037,Caramel Color,1000,29-05-25 19:14:48
P0511,Coffee Can Drink Max Pro,200,M020,Natural Flavors,500,01-06-25 19:14:48
P0511,Coffee Can Drink Max Pro,200,M003,Citric Acid,100,09-06-25 19:14:48
P0512,Chocolate Milk Drink Mini Max Max XL Pro Mini,1000,M020,Natural Flavors,100,04-06-25 19:14:48
P0512,Chocolate Milk Drink Mini Max Max XL Pro Mini,1000,M033,Vanillin,500,20-06-25 19:14:48
P0512,Chocolate Milk Drink Mini Max Max XL Pro Mini,1000,M024,Ascorbic Acid,2000,27-05-25 19:14:48
P0513,Orange Soft Drink Mini Family Pack Pro XL Family Pack,100,M020,Natural Flavors,200,12-06-25 19:14:48
P0513,Orange Soft Drink Mini Family Pack Pro XL Family Pack,100,M033,Vanillin,1000,21-06-25 19:14:48
P0513,Orange Soft Drink Mini Family Pack Pro XL Family Pack,100,M001,Sugar,1000,10-06-25 19:14:48
P0514,Masala Potato Chips Mini Family Pack Pro Max Family Pack Pro Pro Lite,5000,M011,Cheddar Cheese,500,02-06-25 19:14:48
P0514,Masala Potato Chips Mini Family Pack Pro Max Family Pack Pro Pro Lite,5000,M005,Potatoes,200,20-06-25 19:14:48
P0514,Masala Potato Chips Mini Family Pack Pro Max Family Pack Pro Pro Lite,5000,M008,Sunflower Oil,2000,11-06-25 19:14:48
P0515,Orange Soft Drink Max XL Pro XL Lite,200,M037,Caramel Color,500,21-06-25 19:14:48
P0515,Orange Soft Drink Max XL Pro XL Lite,200,M003,Citric Acid,1000,07-06-25 19:14:48
P0515,Orange Soft Drink Max XL Pro XL Lite,200,M042,Acetic Acid,100,13-06-25 19:14:48
P0516,Coffee Can Drink Max Mini Mini Lite,100,M042,Acetic Acid,2000,30-05-25 19:14:48
P0516,Coffee Can Drink Max Mini Mini Lite,100,M020,Natural Flavors,1000,06-06-25 19:14:48
P0516,Coffee Can Drink Max Mini Mini Lite,100,M037,Caramel Color,1000,21-06-25 19:14:48
P0517,Sweet Corn Puffs XL Mini Lite XL Pro Pro Lite Lite Pro,1000,M003,Citric Acid,200,28-05-25 19:14:48
P0517,Sweet Corn Puffs XL Mini Lite XL Pro Pro Lite Lite Pro,1000,M015,Maltodextrin,500,10-06-25 19:14:48
P0517,Sweet Corn Puffs XL Mini Lite XL Pro Pro Lite Lite Pro,1000,M006,Corn,200,29-05-25 19:14:48
P0518,Lemon Soda Family Pack XL Lite XL,500,M024,Ascorbic Acid,1000,29-05-25 19:14:48
P0518,Lemon Soda Family Pack XL Lite XL,500,M020,Natural Flavors,500,24-05-25 19:14:48
P0518,Lemon Soda Family Pack XL Lite XL,500,M001,Sugar,2000,07-06-25 19:14:48
P0519,Masala Potato Chips Pro Family Pack Lite Pro,500,M020,Natural Flavors,200,10-06-25 19:14:48
P0519,Masala Potato Chips Pro Family Pack Lite Pro,500,M019,Paprika Extract,200,10-06-25 19:14:48
P0519,Masala Potato Chips Pro Family Pack Lite Pro,500,M005,Potatoes,2000,07-06-25 19:14:48
P0520,Cheese Nachos XL Lite XL Lite Lite,2000,M002,Salt,500,14-06-25 19:14:48
P0520,Cheese Nachos XL Lite XL Lite Lite,2000,M012,Tomato Powder,2000,05-06-25 19:14:48
P0520,Cheese Nachos XL Lite XL Lite Lite,2000,M013,Onion Powder,200,31-05-25 19:14:48
P0521,Orange Soft Drink Max Family Pack Mini,1000,M003,Citric Acid,500,03-06-25 19:14:48
P0521,Orange Soft Drink Max Family Pack Mini,1000,M042,Acetic Acid,2000,28-05-25 19:14:48
P0521,Orange Soft Drink Max Family Pack Mini,1000,M024,Ascorbic Acid,500,09-06-25 19:14:48
P0522,Sweet Corn Puffs XL Mini Lite Family Pack Pro Mini Lite,1000,M006,Corn,500,13-06-25 19:14:48
P0522,Sweet Corn Puffs XL Mini Lite Family Pack Pro Mini Lite,1000,M002,Salt,2000,19-06-25 19:14:48
P0522,Sweet Corn Puffs XL Mini Lite Family Pack Pro Mini Lite,1000,M009,Palm Oil,500,24-05-25 19:14:48
P0523,Sweet Corn Puffs Lite Mini Lite Lite,500,M003,Citric Acid,100,27-05-25 19:14:48
P0523,Sweet Corn Puffs Lite Mini Lite Lite,500,M015,Maltodextrin,200,10-06-25 19:14:48
P0523,Sweet Corn Puffs Lite Mini Lite Lite,500,M002,Salt,2000,05-06-25 19:14:48
P0524,Butter Popcorn Family Pack Family Pack Max,500,M033,Vanillin,1000,25-05-25 19:14:48
P0524,Butter Popcorn Family Pack Family Pack Max,500,M002,Salt,1000,04-06-25 19:14:48
P0524,Butter Popcorn Family Pack Family Pack Max,500,M038,Baking Powder,500,30-05-25 19:14:48
P0525,Cheese Crackers Family Pack Pro Family Pack Lite,2000,M027,Milk Solids,100,18-06-25 19:14:48
P0525,Cheese Crackers Family Pack Pro Family Pack Lite,2000,M033,Vanillin,100,26-05-25 19:14:48
P0525,Cheese Crackers Family Pack Pro Family Pack Lite,2000,M026,Cocoa Powder,200,27-05-25 19:14:48
P0526,Tomato Flavored Chips Pro Pro Max,2000,M020,Natural Flavors,100,19-06-25 19:14:48
P0526,Tomato Flavored Chips Pro Pro Max,2000,M007,Vegetable Oil,100,05-06-25 19:14:48
P0526,Tomato Flavored Chips Pro Pro Max,2000,M005,Potatoes,500,20-06-25 19:14:48
P0527,Tomato Flavored Chips Pro XL Lite Pro XL Mini XL Family Pack,100,M005,Potatoes,500,14-06-25 19:14:48
P0527,Tomato Flavored Chips Pro XL Lite Pro XL Mini XL Family Pack,100,M011,Cheddar Cheese,200,13-06-25 19:14:48
P0527,Tomato Flavored Chips Pro XL Lite Pro XL Mini XL Family Pack,100,M020,Natural Flavors,500,02-06-25 19:14:48
P0528,Chocolate Milk Drink Mini Max Lite,500,M001,Sugar,1000,10-06-25 19:14:48
P0528,Chocolate Milk Drink Mini Max Lite,500,M042,Acetic Acid,1000,20-06-25 19:14:48
P0528,Chocolate Milk Drink Mini Max Lite,500,M020,Natural Flavors,200,18-06-25 19:14:48
P0529,Salted Peanuts Max Family Pack Pro,5000,M019,Paprika Extract,100,09-06-25 19:14:48
P0529,Salted Peanuts Max Family Pack Pro,5000,M007,Vegetable Oil,500,14-06-25 19:14:48
P0529,Salted Peanuts Max Family Pack Pro,5000,M002,Salt,200,26-05-25 19:14:48
P0530,Sweet Corn Puffs XL Mini Lite Family Pack Lite,5000,M002,Salt,1000,08-06-25 19:14:48
P0530,Sweet Corn Puffs XL Mini Lite Family Pack Lite,5000,M020,Natural Flavors,200,18-06-25 19:14:48
P0530,Sweet Corn Puffs XL Mini Lite Family Pack Lite,5000,M006,Corn,2000,09-06-25 19:14:48
P0531,Barbecue Corn Chips Family Pack Pro,2000,M005,Potatoes,100,16-06-25 19:14:48
P0531,Barbecue Corn Chips Family Pack Pro,2000,M002,Salt,1000,31-05-25 19:14:48
P0531,Barbecue Corn Chips Family Pack Pro,2000,M007,Vegetable Oil,500,06-06-25 19:14:48
P0532,Masala Potato Chips Mini Mini Lite Family Pack Pro Pro,500,M002,Salt,200,30-05-25 19:14:48
P0532,Masala Potato Chips Mini Mini Lite Family Pack Pro Pro,500,M005,Potatoes,2000,02-06-25 19:14:48
P0532,Masala Potato Chips Mini Mini Lite Family Pack Pro Pro,500,M013,Onion Powder,2000,05-06-25 19:14:48
P0533,Cheese Crackers Lite XL,200,M033,Vanillin,200,14-06-25 19:14:48
P0533,Cheese Crackers Lite XL,200,M027,Milk Solids,2000,25-05-25 19:14:48
P0533,Cheese Crackers Lite XL,200,M026,Cocoa Powder,200,07-06-25 19:14:48
P0534,Snack Mix - Trail Max Pro XL Lite Mini Mini,100,M002,Salt,1000,07-06-25 19:14:48
P0534,Snack Mix - Trail Max Pro XL Lite Mini Mini,100,M003,Citric Acid,200,19-06-25 19:14:48
P0534,Snack Mix - Trail Max Pro XL Lite Mini Mini,100,M009,Palm Oil,500,31-05-25 19:14:48
P0535,Masala Potato Chips Pro Family Pack Pro,2000,M011,Cheddar Cheese,1000,10-06-25 19:14:48
P0535,Masala Potato Chips Pro Family Pack Pro,2000,M005,Potatoes,500,14-06-25 19:14:48
P0535,Masala Potato Chips Pro Family Pack Pro,2000,M007,Vegetable Oil,2000,07-06-25 19:14:48
P0536,Mint Flavored Soda Max Max,500,M033,Vanillin,100,05-06-25 19:14:48
P0536,Mint Flavored Soda Max Max,500,M001,Sugar,200,12-06-25 19:14:48
P0536,Mint Flavored Soda Max Max,500,M042,Acetic Acid,100,09-06-25 19:14:48
P0537,Snack Mix - Trail Pro Family Pack,100,M006,Corn,1000,21-06-25 19:14:48
P0537,Snack Mix - Trail Pro Family Pack,100,M002,Salt,200,16-06-25 19:14:48
P0537,Snack Mix - Trail Pro Family Pack,100,M020,Natural Flavors,500,01-06-25 19:14:48
P0538,Tomato Flavored Chips Pro XL Lite Pro XL Pro,500,M013,Onion Powder,2000,24-05-25 19:14:48
P0538,Tomato Flavored Chips Pro XL Lite Pro XL Pro,500,M020,Natural Flavors,2000,07-06-25 19:14:48
P0538,Tomato Flavored Chips Pro XL Lite Pro XL Pro,500,M005,Potatoes,200,16-06-25 19:14:48
P0539,Cola Beverage Mini Family Pack Family Pack XL Lite,200,M024,Ascorbic Acid,500,17-06-25 19:14:48
P0539,Cola Beverage Mini Family Pack Family Pack XL Lite,200,M037,Caramel Color,200,25-05-25 19:14:48
P0539,Cola Beverage Mini Family Pack Family Pack XL Lite,200,M042,Acetic Acid,200,19-06-25 19:14:48
P0540,Sweet Corn Puffs XL Mini Lite XL Family Pack Family Pack,1000,M002,Salt,200,01-06-25 19:14:48
P0540,Sweet Corn Puffs XL Mini Lite XL Family Pack Family Pack,1000,M015,Maltodextrin,2000,29-05-25 19:14:48
P0540,Sweet Corn Puffs XL Mini Lite XL Family Pack Family Pack,1000,M009,Palm Oil,200,07-06-25 19:14:48
P0541,Sweet Corn Puffs XL Mini Lite XL Pro Pro Lite Mini,500,M009,Palm Oil,2000,15-06-25 19:14:48
P0541,Sweet Corn Puffs XL Mini Lite XL Pro Pro Lite Mini,500,M020,Natural Flavors,100,30-05-25 19:14:48
P0541,Sweet Corn Puffs XL Mini Lite XL Pro Pro Lite Mini,500,M002,Salt,1000,15-06-25 19:14:48
P0542,Tomato Flavored Chips Max Pro Mini Family Pack,1000,M011,Cheddar Cheese,500,13-06-25 19:14:48
P0542,Tomato Flavored Chips Max Pro Mini Family Pack,1000,M019,Paprika Extract,2000,06-06-25 19:14:48
P0542,Tomato Flavored Chips Max Pro Mini Family Pack,1000,M002,Salt,1000,14-06-25 19:14:48
P0543,Chocolate Milk Drink Mini Max Max XL Mini Family Pack Max,500,M003,Citric Acid,1000,25-05-25 19:14:48
P0543,Chocolate Milk Drink Mini Max Max XL Mini Family Pack Max,500,M033,Vanillin,200,03-06-25 19:14:48
P0543,Chocolate Milk Drink Mini Max Max XL Mini Family Pack Max,500,M042,Acetic Acid,200,20-06-25 19:14:48
P0544,Tomato Flavored Chips Pro XL Pro Mini Family Pack,500,M020,Natural Flavors,1000,05-06-25 19:14:48
P0544,Tomato Flavored Chips Pro XL Pro Mini Family Pack,500,M013,Onion Powder,500,29-05-25 19:14:48
P0544,Tomato Flavored Chips Pro XL Pro Mini Family Pack,500,M011,Cheddar Cheese,100,20-06-25 19:14:48
P0545,Barbecue Corn Chips Family Pack Pro Mini,500,M002,Salt,500,22-06-25 19:14:48
P0545,Barbecue Corn Chips Family Pack Pro Mini,500,M020,Natural Flavors,200,01-06-25 19:14:48
P0545,Barbecue Corn Chips Family Pack Pro Mini,500,M019,Paprika Extract,200,14-06-25 19:14:48
P0546,Orange Soft Drink Max XL Mini Mini,200,M003,Citric Acid,500,20-06-25 19:14:48
P0546,Orange Soft Drink Max XL Mini Mini,200,M037,Caramel Color,1000,04-06-25 19:14:48
P0546,Orange Soft Drink Max XL Mini Mini,200,M042,Acetic Acid,200,26-05-25 19:14:48
P0547,Energy Drink - Citrus Mini Family Pack Family Pack Pro,100,M037,Caramel Color,2000,31-05-25 19:14:48
P0547,Energy Drink - Citrus Mini Family Pack Family Pack Pro,100,M003,Citric Acid,200,04-06-25 19:14:48
P0547,Energy Drink - Citrus Mini Family Pack Family Pack Pro,100,M033,Vanillin,1000,25-05-25 19:14:48
P0548,Chocolate Milk Drink Mini Max Max Mini,5000,M042,Acetic Acid,200,24-05-25 19:14:48
P0548,Chocolate Milk Drink Mini Max Max Mini,5000,M001,Sugar,1000,26-05-25 19:14:48
P0548,Chocolate Milk Drink Mini Max Max Mini,5000,M037,Caramel Color,1000,16-06-25 19:14:48
P0549,Sweet Corn Puffs XL Mini Lite XL Pro Pro Lite Lite Family Pack Family Pack,200,M003,Citric Acid,1000,17-06-25 19:14:48
P0549,Sweet Corn Puffs XL Mini Lite XL Pro Pro Lite Lite Family Pack Family Pack,200,M015,Maltodextrin,1000,03-06-25 19:14:48
P0549,Sweet Corn Puffs XL Mini Lite XL Pro Pro Lite Lite Family Pack Family Pack,200,M020,Natural Flavors,500,10-06-25 19:14:48
P0550,Orange Soft Drink Max Mini Pro Pro Mini,200,M033,Vanillin,200,15-06-25 19:14:48
P0550,Orange Soft Drink Max Mini Pro Pro Mini,200,M024,Ascorbic Acid,500,22-06-25 19:14:48
P0550,Orange Soft Drink Max Mini Pro Pro Mini,200,M020,Natural Flavors,500,24-05-25 19:14:48
P0551,Chocolate Milk Drink Mini Max Pro XL,1000,M003,Citric Acid,200,01-06-25 19:14:48
P0551,Chocolate Milk Drink Mini Max Pro XL,1000,M042,Acetic Acid,100,13-06-25 19:14:48
P0551,Chocolate Milk Drink Mini Max Pro XL,1000,M033,Vanillin,2000,26-05-25 19:14:48
P0552,Orange Soft Drink Mini Family Pack Family Pack Mini Max Pro,2000,M042,Acetic Acid,2000,09-06-25 19:14:48
P0552,Orange Soft Drink Mini Family Pack Family Pack Mini Max Pro,2000,M024,Ascorbic Acid,200,19-06-25 19:14:48
P0552,Orange Soft Drink Mini Family Pack Family Pack Mini Max Pro,2000,M037,Caramel Color,200,18-06-25 19:14:48
P0553,Masala Potato Chips Mini Mini Lite Family Pack XL Pro,5000,M007,Vegetable Oil,200,31-05-25 19:14:48
P0553,Masala Potato Chips Mini Mini Lite Family Pack XL Pro,5000,M008,Sunflower Oil,200,30-05-25 19:14:48
P0553,Masala Potato Chips Mini Mini Lite Family Pack XL Pro,5000,M002,Salt,1000,20-06-25 19:14:48
P0554,Classic Salted Wafers Pro Family Pack,200,M002,Salt,200,13-06-25 19:14:48
P0554,Classic Salted Wafers Pro Family Pack,200,M019,Paprika Extract,200,16-06-25 19:14:48
P0554,Classic Salted Wafers Pro Family Pack,200,M008,Sunflower Oil,200,25-05-25 19:14:48
P0555,Chocolate Milk Drink Mini Max Family Pack Pro Mini Family Pack Max Family Pack Mini Pro,1000,M037,Caramel Color,100,27-05-25 19:14:48
P0555,Chocolate Milk Drink Mini Max Family Pack Pro Mini Family Pack Max Family Pack Mini Pro,1000,M003,Citric Acid,500,13-06-25 19:14:48
P0555,Chocolate Milk Drink Mini Max Family Pack Pro Mini Family Pack Max Family Pack Mini Pro,1000,M033,Vanillin,2000,25-05-25 19:14:48
P0556,Cheese Crackers Family Pack Mini Max Pro Family Pack,500,M038,Baking Powder,200,02-06-25 19:14:48
P0556,Cheese Crackers Family Pack Mini Max Pro Family Pack,500,M025,Soy Lecithin,2000,02-06-25 19:14:48
P0556,Cheese Crackers Family Pack Mini Max Pro Family Pack,500,M026,Cocoa Powder,200,03-06-25 19:14:48
P0557,Lemon Soda Family Pack XL Pro,2000,M020,Natural Flavors,2000,09-06-25 19:14:48
P0557,Lemon Soda Family Pack XL Pro,2000,M042,Acetic Acid,2000,04-06-25 19:14:48
P0557,Lemon Soda Family Pack XL Pro,2000,M037,Caramel Color,100,27-05-25 19:14:48
P0558,Sweet Corn Puffs XL Mini Pro Pro Max,1000,M020,Natural Flavors,500,11-06-25 19:14:48
P0558,Sweet Corn Puffs XL Mini Pro Pro Max,1000,M015,Maltodextrin,2000,17-06-25 19:14:48
P0558,Sweet Corn Puffs XL Mini Pro Pro Max,1000,M006,Corn,2000,10-06-25 19:14:48
P0559,Orange Soft Drink Family Pack Pro Mini,500,M024,Ascorbic Acid,100,30-05-25 19:14:48
P0559,Orange Soft Drink Family Pack Pro Mini,500,M037,Caramel Color,200,09-06-25 19:14:48
P0559,Orange Soft Drink Family Pack Pro Mini,500,M033,Vanillin,100,03-06-25 19:14:48
P0560,Roasted Almonds Pro Mini,2000,M007,Vegetable Oil,100,26-05-25 19:14:48
P0560,Roasted Almonds Pro Mini,2000,M015,Maltodextrin,2000,13-06-25 19:14:48
P0560,Roasted Almonds Pro Mini,2000,M019,Paprika Extract,500,25-05-25 19:14:48
P0561,Chocolate Milk Drink Mini Max Family Pack Pro Mini Family Pack Lite Lite,500,M024,Ascorbic Acid,100,06-06-25 19:14:48
P0561,Chocolate Milk Drink Mini Max Family Pack Pro Mini Family Pack Lite Lite,500,M033,Vanillin,200,16-06-25 19:14:48
P0561,Chocolate Milk Drink Mini Max Family Pack Pro Mini Family Pack Lite Lite,500,M001,Sugar,2000,19-06-25 19:14:48
P0562,Mint Flavored Soda Mini Lite Pro,500,M001,Sugar,2000,06-06-25 19:14:48
P0562,Mint Flavored Soda Mini Lite Pro,500,M020,Natural Flavors,2000,13-06-25 19:14:48
P0562,Mint Flavored Soda Mini Lite Pro,500,M037,Caramel Color,2000,05-06-25 19:14:48
P0563,Cheese Crackers Family Pack Pro Mini,1000,M001,Sugar,100,16-06-25 19:14:48
P0563,Cheese Crackers Family Pack Pro Mini,1000,M027,Milk Solids,200,08-06-25 19:14:48
P0563,Cheese Crackers Family Pack Pro Mini,1000,M002,Salt,2000,19-06-25 19:14:48
P0564,Chocolate Milk Drink Mini Max Family Pack Pro Mini Lite Mini XL Lite XL XL,100,M020,Natural Flavors,200,28-05-25 19:14:48
P0564,Chocolate Milk Drink Mini Max Family Pack Pro Mini Lite Mini XL Lite XL XL,100,M033,Vanillin,2000,03-06-25 19:14:48
P0564,Chocolate Milk Drink Mini Max Family Pack Pro Mini Lite Mini XL Lite XL XL,100,M001,Sugar,100,01-06-25 19:14:48
P0565,Roasted Almonds Family Pack Family Pack XL Family Pack Lite,5000,M019,Paprika Extract,2000,15-06-25 19:14:48
P0565,Roasted Almonds Family Pack Family Pack XL Family Pack Lite,5000,M007,Vegetable Oil,100,05-06-25 19:14:48
P0565,Roasted Almonds Family Pack Family Pack XL Family Pack Lite,5000,M002,Salt,100,27-05-25 19:14:48
P0566,Orange Soft Drink Max Mini Pro Pro Mini Mini,1000,M024,Ascorbic Acid,200,16-06-25 19:14:48
P0566,Orange Soft Drink Max Mini Pro Pro Mini Mini,1000,M033,Vanillin,2000,14-06-25 19:14:48
P0566,Orange Soft Drink Max Mini Pro Pro Mini Mini,1000,M042,Acetic Acid,500,10-06-25 19:14:48
P0567,Mint Flavored Soda Max Lite Lite Mini,1000,M020,Natural Flavors,100,05-06-25 19:14:48
P0567,Mint Flavored Soda Max Lite Lite Mini,1000,M024,Ascorbic Acid,1000,29-05-25 19:14:48
P0567,Mint Flavored Soda Max Lite Lite Mini,1000,M037,Caramel Color,200,20-06-25 19:14:48
P0568,Cheese Crackers Family Pack Mini Max Max,200,M033,Vanillin,1000,26-05-25 19:14:48
P0568,Cheese Crackers Family Pack Mini Max Max,200,M001,Sugar,1000,07-06-25 19:14:48
P0568,Cheese Crackers Family Pack Mini Max Max,200,M002,Salt,200,20-06-25 19:14:48
P0569,Roasted Almonds Family Pack Family Pack Mini,200,M002,Salt,1000,06-06-25 19:14:48
P0569,Roasted Almonds Family Pack Family Pack Mini,200,M019,Paprika Extract,500,20-06-25 19:14:48
P0569,Roasted Almonds Family Pack Family Pack Mini,200,M007,Vegetable Oil,2000,13-06-25 19:14:48
P0570,Orange Soft Drink Mini Family Pack Pro XL Pro XL,1000,M020,Natural Flavors,100,14-06-25 19:14:48
P0570,Orange Soft Drink Mini Family Pack Pro XL Pro XL,1000,M042,Acetic Acid,1000,24-05-25 19:14:48
P0570,Orange Soft Drink Mini Family Pack Pro XL Pro XL,1000,M024,Ascorbic Acid,100,02-06-25 19:14:48
P0571,Barbecue Corn Chips Pro Pro,200,M002,Salt,1000,06-06-25 19:14:48
P0571,Barbecue Corn Chips Pro Pro,200,M014,Garlic Powder,200,21-06-25 19:14:48
P0571,Barbecue Corn Chips Pro Pro,200,M013,Onion Powder,1000,13-06-25 19:14:48
P0572,Masala Potato Chips Mini Mini Max Pro Mini,2000,M011,Cheddar Cheese,100,16-06-25 19:14:48
P0572,Masala Potato Chips Mini Mini Max Pro Mini,2000,M019,Paprika Extract,2000,12-06-25 19:14:48
P0572,Masala Potato Chips Mini Mini Max Pro Mini,2000,M013,Onion Powder,1000,20-06-25 19:14:48
P0573,Sweet Corn Puffs XL Mini Pro Pro Lite,100,M015,Maltodextrin,500,24-05-25 19:14:48
P0573,Sweet Corn Puffs XL Mini Pro Pro Lite,100,M009,Palm Oil,100,06-06-25 19:14:48
P0573,Sweet Corn Puffs XL Mini Pro Pro Lite,100,M006,Corn,500,18-06-25 19:14:48
P0574,Energy Drink - Citrus Mini Family Pack Family Pack XL,5000,M037,Caramel Color,200,15-06-25 19:14:48
P0574,Energy Drink - Citrus Mini Family Pack Family Pack XL,5000,M001,Sugar,200,19-06-25 19:14:48
P0574,Energy Drink - Citrus Mini Family Pack Family Pack XL,5000,M020,Natural Flavors,200,09-06-25 19:14:48
P0575,Mint Flavored Soda Max Mini Family Pack XL,5000,M024,Ascorbic Acid,500,28-05-25 19:14:48
P0575,Mint Flavored Soda Max Mini Family Pack XL,5000,M001,Sugar,100,19-06-25 19:14:48
P0575,Mint Flavored Soda Max Mini Family Pack XL,5000,M042,Acetic Acid,500,14-06-25 19:14:48
P0576,Chocolate Milk Drink Mini Max Max XL Pro Family Pack Pro,1000,M024,Ascorbic Acid,500,31-05-25 19:14:48
P0576,Chocolate Milk Drink Mini Max Max XL Pro Family Pack Pro,1000,M001,Sugar,100,27-05-25 19:14:48
P0576,Chocolate Milk Drink Mini Max Max XL Pro Family Pack Pro,1000,M042,Acetic Acid,500,18-06-25 19:14:48
P0577,Orange Soft Drink Max Family Pack Pro Pro,2000,M020,Natural Flavors,1000,18-06-25 19:14:48
P0577,Orange Soft Drink Max Family Pack Pro Pro,2000,M003,Citric Acid,500,29-05-25 19:14:48
P0577,Orange Soft Drink Max Family Pack Pro Pro,2000,M024,Ascorbic Acid,500,21-06-25 19:14:48
P0578,Masala Potato Chips Mini Mini Lite Family Pack XL XL,2000,M011,Cheddar Cheese,100,21-06-25 19:14:48
P0578,Masala Potato Chips Mini Mini Lite Family Pack XL XL,2000,M014,Garlic Powder,2000,25-05-25 19:14:48
P0578,Masala Potato Chips Mini Mini Lite Family Pack XL XL,2000,M002,Salt,500,10-06-25 19:14:48
P0579,Masala Potato Chips Mini Mini Lite Pro,5000,M013,Onion Powder,200,29-05-25 19:14:48
P0579,Masala Potato Chips Mini Mini Lite Pro,5000,M019,Paprika Extract,200,09-06-25 19:14:48
P0579,Masala Potato Chips Mini Mini Lite Pro,5000,M008,Sunflower Oil,500,11-06-25 19:14:48
P0580,Roasted Almonds Pro Mini Lite,200,M007,Vegetable Oil,100,14-06-25 19:14:48
P0580,Roasted Almonds Pro Mini Lite,200,M019,Paprika Extract,100,01-06-25 19:14:48
P0580,Roasted Almonds Pro Mini Lite,200,M015,Maltodextrin,2000,31-05-25 19:14:48
P0581,Energy Drink - Citrus Mini Family Pack Max Family Pack Lite,500,M037,Caramel Color,100,30-05-25 19:14:48
P0581,Energy Drink - Citrus Mini Family Pack Max Family Pack Lite,500,M042,Acetic Acid,2000,25-05-25 19:14:48
P0581,Energy Drink - Citrus Mini Family Pack Max Family Pack Lite,500,M033,Vanillin,500,06-06-25 19:14:48
P0582,Cheese Crackers Family Pack Mini Max Mini,100,M038,Baking Powder,1000,26-05-25 19:14:48
P0582,Cheese Crackers Family Pack Mini Max Mini,100,M033,Vanillin,500,25-05-25 19:14:48
P0582,Cheese Crackers Family Pack Mini Max Mini,100,M025,Soy Lecithin,500,14-06-25 19:14:48
P0583,Classic Salted Wafers Family Pack Family Pack Family Pack,2000,M011,Cheddar Cheese,1000,13-06-25 19:14:48
P0583,Classic Salted Wafers Family Pack Family Pack Family Pack,2000,M008,Sunflower Oil,200,13-06-25 19:14:48
P0583,Classic Salted Wafers Family Pack Family Pack Family Pack,2000,M020,Natural Flavors,500,19-06-25 19:14:48
P0584,Coffee Can Drink Lite Lite Pro XL,200,M033,Vanillin,100,09-06-25 19:14:48
P0584,Coffee Can Drink Lite Lite Pro XL,200,M037,Caramel Color,2000,04-06-25 19:14:48
P0584,Coffee Can Drink Lite Lite Pro XL,200,M003,Citric Acid,200,11-06-25 19:14:48
P0585,Milkshake - Strawberry Pro Mini,1000,M016,Dextrose,2000,27-05-25 19:14:48
P0585,Milkshake - Strawberry Pro Mini,1000,M027,Milk Solids,1000,15-06-25 19:14:48
P0585,Milkshake - Strawberry Pro Mini,1000,M025,Soy Lecithin,100,30-05-25 19:14:48
P0586,Orange Soft Drink Max Mini Pro Mini Pro,200,M001,Sugar,500,11-06-25 19:14:48
P0586,Orange Soft Drink Max Mini Pro Mini Pro,200,M033,Vanillin,100,27-05-25 19:14:48
P0586,Orange Soft Drink Max Mini Pro Mini Pro,200,M024,Ascorbic Acid,2000,03-06-25 19:14:48
P0587,Energy Drink - Citrus XL XL Pro,5000,M033,Vanillin,2000,12-06-25 19:14:48
P0587,Energy Drink - Citrus XL XL Pro,5000,M037,Caramel Color,100,13-06-25 19:14:48
P0587,Energy Drink - Citrus XL XL Pro,5000,M003,Citric Acid,1000,18-06-25 19:14:48
P0588,Snack Mix - Trail Pro Family Pack Mini,200,M015,Maltodextrin,200,29-05-25 19:14:48
P0588,Snack Mix - Trail Pro Family Pack Mini,200,M002,Salt,200,28-05-25 19:14:48
P0588,Snack Mix - Trail Pro Family Pack Mini,200,M020,Natural Flavors,200,21-06-25 19:14:48
P0589,Chocolate Milk Drink Max Max XL Max,1000,M003,Citric Acid,1000,13-06-25 19:14:48
P0589,Chocolate Milk Drink Max Max XL Max,1000,M020,Natural Flavors,200,04-06-25 19:14:48
P0589,Chocolate Milk Drink Max Max XL Max,1000,M024,Ascorbic Acid,2000,28-05-25 19:14:48
P0590,Roasted Almonds Family Pack Family Pack XL Max,500,M002,Salt,500,01-06-25 19:14:48
P0590,Roasted Almonds Family Pack Family Pack XL Max,500,M019,Paprika Extract,100,10-06-25 19:14:48
P0590,Roasted Almonds Family Pack Family Pack XL Max,500,M007,Vegetable Oil,500,02-06-25 19:14:48
P0591,Sweet Corn Puffs Lite Mini Lite Mini,1000,M002,Salt,500,25-05-25 19:14:48
P0591,Sweet Corn Puffs Lite Mini Lite Mini,1000,M006,Corn,100,26-05-25 19:14:48
P0591,Sweet Corn Puffs Lite Mini Lite Mini,1000,M020,Natural Flavors,100,22-06-25 19:14:48
P0592,Mint Flavored Soda Mini Lite Lite Lite Mini XL,100,M003,Citric Acid,2000,18-06-25 19:14:48
P0592,Mint Flavored Soda Mini Lite Lite Lite Mini XL,100,M020,Natural Flavors,200,12-06-25 19:14:48
P0592,Mint Flavored Soda Mini Lite Lite Lite Mini XL,100,M024,Ascorbic Acid,200,30-05-25 19:14:48
P0593,Butter Popcorn Family Pack Pro,1000,M027,Milk Solids,100,29-05-25 19:14:48
P0593,Butter Popcorn Family Pack Pro,1000,M025,Soy Lecithin,200,18-06-25 19:14:48
P0593,Butter Popcorn Family Pack Pro,1000,M026,Cocoa Powder,2000,08-06-25 19:14:48
P0594,Mint Flavored Soda Max Max Family Pack,5000,M020,Natural Flavors,100,07-06-25 19:14:48
P0594,Mint Flavored Soda Max Max Family Pack,5000,M001,Sugar,100,31-05-25 19:14:48
P0594,Mint Flavored Soda Max Max Family Pack,5000,M042,Acetic Acid,1000,31-05-25 19:14:48
P0595,Energy Drink - Citrus Mini Lite Mini,200,M001,Sugar,500,02-06-25 19:14:48
P0595,Energy Drink - Citrus Mini Lite Mini,200,M003,Citric Acid,1000,05-06-25 19:14:48
P0595,Energy Drink - Citrus Mini Lite Mini,200,M042,Acetic Acid,500,29-05-25 19:14:48
P0596,Tomato Flavored Chips Pro XL Lite Pro XL Mini XL Family Pack Mini,5000,M020,Natural Flavors,200,03-06-25 19:14:48
P0596,Tomato Flavored Chips Pro XL Lite Pro XL Mini XL Family Pack Mini,5000,M014,Garlic Powder,1000,10-06-25 19:14:48
P0596,Tomato Flavored Chips Pro XL Lite Pro XL Mini XL Family Pack Mini,5000,M011,Cheddar Cheese,100,21-06-25 19:14:48
P0597,Cheese Nachos XL Lite XL Lite Family Pack,100,M002,Salt,200,26-05-25 19:14:48
P0597,Cheese Nachos XL Lite XL Lite Family Pack,100,M006,Corn,1000,21-06-25 19:14:48
P0597,Cheese Nachos XL Lite XL Lite Family Pack,100,M007,Vegetable Oil,200,04-06-25 19:14:48
P0598,Sweet Corn Puffs XL Mini Lite XL Family Pack Family Pack Pro,1000,M009,Palm Oil,200,07-06-25 19:14:48
P0598,Sweet Corn Puffs XL Mini Lite XL Family Pack Family Pack Pro,1000,M015,Maltodextrin,2000,13-06-25 19:14:48
P0598,Sweet Corn Puffs XL Mini Lite XL Family Pack Family Pack Pro,1000,M002,Salt,500,21-06-25 19:14:48
P0599,Sweet Corn Puffs XL Mini Lite XL Family Pack Pro,200,M009,Palm Oil,100,22-06-25 19:14:48
P0599,Sweet Corn Puffs XL Mini Lite XL Family Pack Pro,200,M020,Natural Flavors,2000,13-06-25 19:14:48
P0599,Sweet Corn Puffs XL Mini Lite XL Family Pack Pro,200,M015,Maltodextrin,2000,22-06-25 19:14:48
P0600,Masala Potato Chips Pro Family Pack Pro Family Pack,500,M013,Onion Powder,2000,19-06-25 19:14:48
P0600,Masala Potato Chips Pro Family Pack Pro Family Pack,500,M019,Paprika Extract,100,31-05-25 19:14:48
P0600,Masala Potato Chips Pro Family Pack Pro Family Pack,500,M011,Cheddar Cheese,1000,14-06-25 19:14:48
P0601,Cheese Nachos Lite Family Pack Lite Pro Lite Family Pack,2000,M002,Salt,100,10-06-25 19:14:48
P0601,Cheese Nachos Lite Family Pack Lite Pro Lite Family Pack,2000,M013,Onion Powder,2000,25-05-25 19:14:48
P0601,Cheese Nachos Lite Family Pack Lite Pro Lite Family Pack,2000,M012,Tomato Powder,2000,24-05-25 19:14:48
P0602,Chocolate Milk Drink Mini Max Family Pack Pro Mini Lite XL Max Family Pack,200,M033,Vanillin,500,21-06-25 19:14:48
P0602,Chocolate Milk Drink Mini Max Family Pack Pro Mini Lite XL Max Family Pack,200,M024,Ascorbic Acid,500,05-06-25 19:14:48
P0602,Chocolate Milk Drink Mini Max Family Pack Pro Mini Lite XL Max Family Pack,200,M037,Caramel Color,200,06-06-25 19:14:48
P0603,Tomato Flavored Chips Max XL XL XL,5000,M002,Salt,100,28-05-25 19:14:48
P0603,Tomato Flavored Chips Max XL XL XL,5000,M019,Paprika Extract,200,26-05-25 19:14:48
P0603,Tomato Flavored Chips Max XL XL XL,5000,M020,Natural Flavors,1000,12-06-25 19:14:48
P0604,Chocolate Milk Drink Mini Max Family Pack Family Pack Pro Lite Family Pack,5000,M003,Citric Acid,100,12-06-25 19:14:48
P0604,Chocolate Milk Drink Mini Max Family Pack Family Pack Pro Lite Family Pack,5000,M001,Sugar,100,03-06-25 19:14:48
P0604,Chocolate Milk Drink Mini Max Family Pack Family Pack Pro Lite Family Pack,5000,M033,Vanillin,500,22-06-25 19:14:48
P0605,Honey Barbecue Chips Max,500,M014,Garlic Powder,2000,05-06-25 19:14:48
P0605,Honey Barbecue Chips Max,500,M008,Sunflower Oil,200,27-05-25 19:14:48
P0605,Honey Barbecue Chips Max,500,M013,Onion Powder,500,28-05-25 19:14:48
P0606,Cheese Nachos Family Pack,5000,M011,Cheddar Cheese,500,21-06-25 19:14:48
P0606,Cheese Nachos Family Pack,5000,M007,Vegetable Oil,200,24-05-25 19:14:48
P0606,Cheese Nachos Family Pack,5000,M020,Natural Flavors,500,22-06-25 19:14:48
P0607,Sweet Corn Puffs XL Mini Lite XL Pro Pro Lite Lite Family Pack Family Pack Family Pack,5000,M006,Corn,200,13-06-25 19:14:48
P0607,Sweet Corn Puffs XL Mini Lite XL Pro Pro Lite Lite Family Pack Family Pack Family Pack,5000,M009,Palm Oil,1000,24-05-25 19:14:48
P0607,Sweet Corn Puffs XL Mini Lite XL Pro Pro Lite Lite Family Pack Family Pack Family Pack,5000,M002,Salt,200,08-06-25 19:14:48
P0608,Tomato Flavored Chips Pro Pro Lite Family Pack Pro,500,M020,Natural Flavors,100,01-06-25 19:14:48
P0608,Tomato Flavored Chips Pro Pro Lite Family Pack Pro,500,M002,Salt,1000,29-05-25 19:14:48
P0608,Tomato Flavored Chips Pro Pro Lite Family Pack Pro,500,M013,Onion Powder,500,16-06-25 19:14:48
P0609,Tomato Flavored Chips Pro XL Family Pack Pro Family Pack,200,M020,Natural Flavors,100,04-06-25 19:14:48
P0609,Tomato Flavored Chips Pro XL Family Pack Pro Family Pack,200,M002,Salt,500,18-06-25 19:14:48
P0609,Tomato Flavored Chips Pro XL Family Pack Pro Family Pack,200,M008,Sunflower Oil,500,02-06-25 19:14:48
P0610,Orange Soft Drink Max Max XL Pro,200,M042,Acetic Acid,2000,09-06-25 19:14:48
P0610,Orange Soft Drink Max Max XL Pro,200,M003,Citric Acid,200,14-06-25 19:14:48
P0610,Orange Soft Drink Max Max XL Pro,200,M024,Ascorbic Acid,200,25-05-25 19:14:48
P0611,Energy Drink - Citrus Mini Mini XL,200,M020,Natural Flavors,500,16-06-25 19:14:48
P0611,Energy Drink - Citrus Mini Mini XL,200,M033,Vanillin,1000,02-06-25 19:14:48
P0611,Energy Drink - Citrus Mini Mini XL,200,M037,Caramel Color,500,04-06-25 19:14:48
P0612,Chocolate Milk Drink Mini Max Max Mini Pro,1000,M042,Acetic Acid,2000,15-06-25 19:14:48
P0612,Chocolate Milk Drink Mini Max Max Mini Pro,1000,M033,Vanillin,2000,12-06-25 19:14:48
P0612,Chocolate Milk Drink Mini Max Max Mini Pro,1000,M001,Sugar,2000,29-05-25 19:14:48
P0613,Classic Salted Wafers Family Pack Family Pack Family Pack Pro,100,M002,Salt,2000,26-05-25 19:14:48
P0613,Classic Salted Wafers Family Pack Family Pack Family Pack Pro,100,M011,Cheddar Cheese,100,27-05-25 19:14:48
P0613,Classic Salted Wafers Family Pack Family Pack Family Pack Pro,100,M013,Onion Powder,200,31-05-25 19:14:48
P0614,Lemon Soda Family Pack XL Lite Pro,500,M042,Acetic Acid,2000,08-06-25 19:14:48
P0614,Lemon Soda Family Pack XL Lite Pro,500,M033,Vanillin,500,27-05-25 19:14:48
P0614,Lemon Soda Family Pack XL Lite Pro,500,M037,Caramel Color,1000,21-06-25 19:14:48
P0615,Snack Mix - Trail Max Pro XL Max Lite Family Pack,200,M015,Maltodextrin,1000,31-05-25 19:14:48
P0615,Snack Mix - Trail Max Pro XL Max Lite Family Pack,200,M002,Salt,1000,12-06-25 19:14:48
P0615,Snack Mix - Trail Max Pro XL Max Lite Family Pack,200,M006,Corn,200,14-06-25 19:14:48
P0616,Orange Soft Drink Max Mini Pro Pro Mini Lite,100,M024,Ascorbic Acid,1000,09-06-25 19:14:48
P0616,Orange Soft Drink Max Mini Pro Pro Mini Lite,100,M001,Sugar,100,08-06-25 19:14:48
P0616,Orange Soft Drink Max Mini Pro Pro Mini Lite,100,M042,Acetic Acid,100,01-06-25 19:14:48
P0617,Chocolate Milk Drink Mini Max Family Pack Pro Mini Lite Mini XL Lite Family Pack,1000,M033,Vanillin,500,03-06-25 19:14:48
P0617,Chocolate Milk Drink Mini Max Family Pack Pro Mini Lite Mini XL Lite Family Pack,1000,M003,Citric Acid,2000,14-06-25 19:14:48
P0617,Chocolate Milk Drink Mini Max Family Pack Pro Mini Lite Mini XL Lite Family Pack,1000,M020,Natural Flavors,1000,25-05-25 19:14:48
P0618,Orange Soft Drink Mini Family Pack Pro Max,1000,M037,Caramel Color,100,20-06-25 19:14:48
P0618,Orange Soft Drink Mini Family Pack Pro Max,1000,M001,Sugar,500,06-06-25 19:14:48
P0618,Orange Soft Drink Mini Family Pack Pro Max,1000,M024,Ascorbic Acid,200,27-05-25 19:14:48
P0619,Chocolate Milk Drink Mini Max XL Family Pack,2000,M003,Citric Acid,2000,21-06-25 19:14:48
P0619,Chocolate Milk Drink Mini Max XL Family Pack,2000,M024,Ascorbic Acid,1000,14-06-25 19:14:48
P0619,Chocolate Milk Drink Mini Max XL Family Pack,2000,M001,Sugar,200,13-06-25 19:14:48
P0620,Classic Salted Wafers Family Pack Mini,2000,M014,Garlic Powder,1000,17-06-25 19:14:48
P0620,Classic Salted Wafers Family Pack Mini,2000,M008,Sunflower Oil,500,01-06-25 19:14:48
P0620,Classic Salted Wafers Family Pack Mini,2000,M002,Salt,200,12-06-25 19:14:48
P0621,Chocolate Milk Drink Pro Pro,1000,M037,Caramel Color,100,03-06-25 19:14:48
P0621,Chocolate Milk Drink Pro Pro,1000,M003,Citric Acid,1000,16-06-25 19:14:48
P0621,Chocolate Milk Drink Pro Pro,1000,M020,Natural Flavors,500,21-06-25 19:14:48
P0622,Tomato Flavored Chips Pro XL Lite Pro XL Max XL Lite,5000,M013,Onion Powder,1000,08-06-25 19:14:48
P0622,Tomato Flavored Chips Pro XL Lite Pro XL Max XL Lite,5000,M014,Garlic Powder,1000,27-05-25 19:14:48
P0622,Tomato Flavored Chips Pro XL Lite Pro XL Max XL Lite,5000,M002,Salt,100,27-05-25 19:14:48
P0623,Masala Potato Chips Mini Family Pack Pro Max Family Pack Max Max,500,M013,Onion Powder,2000,11-06-25 19:14:48
P0623,Masala Potato Chips Mini Family Pack Pro Max Family Pack Max Max,500,M002,Salt,500,12-06-25 19:14:48
P0623,Masala Potato Chips Mini Family Pack Pro Max Family Pack Max Max,500,M011,Cheddar Cheese,200,06-06-25 19:14:48
P0624,Orange Soft Drink Mini Max Family Pack Family Pack Family Pack,5000,M001,Sugar,500,18-06-25 19:14:48
P0624,Orange Soft Drink Mini Max Family Pack Family Pack Family Pack,5000,M033,Vanillin,1000,26-05-25 19:14:48
P0624,Orange Soft Drink Mini Max Family Pack Family Pack Family Pack,5000,M020,Natural Flavors,500,30-05-25 19:14:48
P0625,Chocolate Milk Drink Mini Max Family Pack Pro Mini Lite Mini XL Lite XL Family Pack,1000,M024,Ascorbic Acid,100,27-05-25 19:14:48
P0625,Chocolate Milk Drink Mini Max Family Pack Pro Mini Lite Mini XL Lite XL Family Pack,1000,M037,Caramel Color,1000,16-06-25 19:14:48
P0625,Chocolate Milk Drink Mini Max Family Pack Pro Mini Lite Mini XL Lite XL Family Pack,1000,M003,Citric Acid,1000,26-05-25 19:14:48
P0626,Masala Potato Chips Pro Max Family Pack Pro,5000,M005,Potatoes,1000,01-06-25 19:14:48
P0626,Masala Potato Chips Pro Max Family Pack Pro,5000,M019,Paprika Extract,2000,27-05-25 19:14:48
P0626,Masala Potato Chips Pro Max Family Pack Pro,5000,M007,Vegetable Oil,200,03-06-25 19:14:48
P0627,Whey Protein Bar Family Pack Mini Max Family Pack XL XL,100,M025,Soy Lecithin,2000,28-05-25 19:14:48
P0627,Whey Protein Bar Family Pack Mini Max Family Pack XL XL,100,M010,Whey Protein,1000,12-06-25 19:14:48
P0627,Whey Protein Bar Family Pack Mini Max Family Pack XL XL,100,M028,Skimmed Milk Powder,1000,13-06-25 19:14:48
P0628,Chocolate Milk Drink Mini Max Family Pack Pro Mini Lite Mini XL Lite Family Pack Lite,100,M020,Natural Flavors,1000,06-06-25 19:14:48
P0628,Chocolate Milk Drink Mini Max Family Pack Pro Mini Lite Mini XL Lite Family Pack Lite,100,M042,Acetic Acid,100,18-06-25 19:14:48
P0628,Chocolate Milk Drink Mini Max Family Pack Pro Mini Lite Mini XL Lite Family Pack Lite,100,M024,Ascorbic Acid,200,29-05-25 19:14:48
P0629,Chocolate Milk Drink Mini Max Family Pack Pro Mini Lite Mini Family Pack Lite XL,100,M037,Caramel Color,200,06-06-25 19:14:48
P0629,Chocolate Milk Drink Mini Max Family Pack Pro Mini Lite Mini Family Pack Lite XL,100,M020,Natural Flavors,2000,25-05-25 19:14:48
P0629,Chocolate Milk Drink Mini Max Family Pack Pro Mini Lite Mini Family Pack Lite XL,100,M001,Sugar,1000,25-05-25 19:14:48
P0630,Tomato Flavored Chips Max Pro Pro Pro,5000,M005,Potatoes,2000,21-06-25 19:14:48
P0630,Tomato Flavored Chips Max Pro Pro Pro,5000,M007,Vegetable Oil,500,26-05-25 19:14:48
P0630,Tomato Flavored Chips Max Pro Pro Pro,5000,M014,Garlic Powder,500,22-06-25 19:14:48
P0631,Iced Tea - Peach Mini Lite Pro XL Mini Family Pack XL Family Pack Pro Family Pack,5000,M020,Natural Flavors,1000,18-06-25 19:14:48
P0631,Iced Tea - Peach Mini Lite Pro XL Mini Family Pack XL Family Pack Pro Family Pack,5000,M042,Acetic Acid,1000,21-06-25 19:14:48
P0631,Iced Tea - Peach Mini Lite Pro XL Mini Family Pack XL Family Pack Pro Family Pack,5000,M033,Vanillin,200,09-06-25 19:14:48
P0632,Energy Drink - Citrus Mini Pro,100,M024,Ascorbic Acid,1000,21-06-25 19:14:48
P0632,Energy Drink - Citrus Mini Pro,100,M003,Citric Acid,2000,08-06-25 19:14:48
P0632,Energy Drink - Citrus Mini Pro,100,M037,Caramel Color,200,02-06-25 19:14:48
P0633,Chocolate Milk Drink Mini Max XL Family Pack Lite,1000,M042,Acetic Acid,200,20-06-25 19:14:48
P0633,Chocolate Milk Drink Mini Max XL Family Pack Lite,1000,M001,Sugar,100,28-05-25 19:14:48
P0633,Chocolate Milk Drink Mini Max XL Family Pack Lite,1000,M037,Caramel Color,500,07-06-25 19:14:48
P0634,Masala Potato Chips Pro Family Pack Lite Max Max,5000,M013,Onion Powder,500,02-06-25 19:14:48
P0634,Masala Potato Chips Pro Family Pack Lite Max Max,5000,M005,Potatoes,2000,04-06-25 19:14:48
P0634,Masala Potato Chips Pro Family Pack Lite Max Max,5000,M014,Garlic Powder,100,17-06-25 19:14:48
P0635,Orange Soft Drink Mini Family Pack Pro XL Pro XL XL,200,M003,Citric Acid,1000,04-06-25 19:14:48
P0635,Orange Soft Drink Mini Family Pack Pro XL Pro XL XL,200,M001,Sugar,100,16-06-25 19:14:48
P0635,Orange Soft Drink Mini Family Pack Pro XL Pro XL XL,200,M033,Vanillin,2000,17-06-25 19:14:48
P0636,Masala Potato Chips Mini Mini Max Max Family Pack,100,M020,Natural Flavors,500,16-06-25 19:14:48
P0636,Masala Potato Chips Mini Mini Max Max Family Pack,100,M014,Garlic Powder,500,22-06-25 19:14:48
P0636,Masala Potato Chips Mini Mini Max Max Family Pack,100,M007,Vegetable Oil,200,08-06-25 19:14:48
P0637,Spicy Tortilla Chips Lite Lite Family Pack Family Pack Max Family Pack,2000,M014,Garlic Powder,1000,01-06-25 19:14:48
P0637,Spicy Tortilla Chips Lite Lite Family Pack Family Pack Max Family Pack,2000,M005,Potatoes,500,07-06-25 19:14:48
P0637,Spicy Tortilla Chips Lite Lite Family Pack Family Pack Max Family Pack,2000,M019,Paprika Extract,200,21-06-25 19:14:48
P0638,Cheese Crackers Max Family Pack XL,2000,M038,Baking Powder,100,28-05-25 19:14:48
P0638,Cheese Crackers Max Family Pack XL,2000,M002,Salt,200,25-05-25 19:14:48
P0638,Cheese Crackers Max Family Pack XL,2000,M026,Cocoa Powder,200,13-06-25 19:14:48
P0639,Energy Drink - Citrus XL XL Pro Lite,500,M037,Caramel Color,200,25-05-25 19:14:48
P0639,Energy Drink - Citrus XL XL Pro Lite,500,M003,Citric Acid,1000,15-06-25 19:14:48
P0639,Energy Drink - Citrus XL XL Pro Lite,500,M033,Vanillin,2000,26-05-25 19:14:48
P0640,Classic Salted Wafers Family Pack Mini Mini,1000,M007,Vegetable Oil,500,29-05-25 19:14:48
P0640,Classic Salted Wafers Family Pack Mini Mini,1000,M008,Sunflower Oil,2000,05-06-25 19:14:48
P0640,Classic Salted Wafers Family Pack Mini Mini,1000,M013,Onion Powder,100,03-06-25 19:14:48
P0641,Chocolate Milk Drink Mini Max Mini Lite Pro Mini,100,M020,Natural Flavors,2000,30-05-25 19:14:48
P0641,Chocolate Milk Drink Mini Max Mini Lite Pro Mini,100,M042,Acetic Acid,1000,16-06-25 19:14:48
P0641,Chocolate Milk Drink Mini Max Mini Lite Pro Mini,100,M001,Sugar,1000,21-06-25 19:14:48
P0642,Cheese Crackers Family Pack Pro Family Pack Mini,2000,M026,Cocoa Powder,1000,02-06-25 19:14:48
P0642,Cheese Crackers Family Pack Pro Family Pack Mini,2000,M001,Sugar,1000,18-06-25 19:14:48
P0642,Cheese Crackers Family Pack Pro Family Pack Mini,2000,M033,Vanillin,1000,10-06-25 19:14:48
P0643,Tomato Flavored Chips Pro XL Pro Mini Lite Mini Mini,200,M008,Sunflower Oil,2000,03-06-25 19:14:48
P0643,Tomato Flavored Chips Pro XL Pro Mini Lite Mini Mini,200,M011,Cheddar Cheese,100,29-05-25 19:14:48
P0643,Tomato Flavored Chips Pro XL Pro Mini Lite Mini Mini,200,M013,Onion Powder,1000,12-06-25 19:14:48
P0644,Iced Tea - Peach Mini Lite Pro XL Mini Family Pack XL Family Pack Pro XL Pro,2000,M003,Citric Acid,1000,01-06-25 19:14:48
P0644,Iced Tea - Peach Mini Lite Pro XL Mini Family Pack XL Family Pack Pro XL Pro,2000,M033,Vanillin,2000,20-06-25 19:14:48
P0644,Iced Tea - Peach Mini Lite Pro XL Mini Family Pack XL Family Pack Pro XL Pro,2000,M024,Ascorbic Acid,100,19-06-25 19:14:48
P0645,Iced Tea - Peach Mini Lite Pro Pro,5000,M033,Vanillin,100,19-06-25 19:14:48
P0645,Iced Tea - Peach Mini Lite Pro Pro,5000,M037,Caramel Color,100,17-06-25 19:14:48
P0645,Iced Tea - Peach Mini Lite Pro Pro,5000,M024,Ascorbic Acid,1000,15-06-25 19:14:48
P0646,Coffee Can Drink Max Mini Mini Max,2000,M020,Natural Flavors,100,26-05-25 19:14:48
P0646,Coffee Can Drink Max Mini Mini Max,2000,M033,Vanillin,2000,03-06-25 19:14:48
P0646,Coffee Can Drink Max Mini Mini Max,2000,M001,Sugar,2000,08-06-25 19:14:48
P0647,Sweet Corn Puffs XL Mini Lite Family Pack Mini Lite,500,M003,Citric Acid,1000,19-06-25 19:14:48
P0647,Sweet Corn Puffs XL Mini Lite Family Pack Mini Lite,500,M006,Corn,200,10-06-25 19:14:48
P0647,Sweet Corn Puffs XL Mini Lite Family Pack Mini Lite,500,M002,Salt,200,29-05-25 19:14:48
P0648,Coffee Can Drink Max Mini Family Pack Max,1000,M020,Natural Flavors,1000,28-05-25 19:14:48
P0648,Coffee Can Drink Max Mini Family Pack Max,1000,M037,Caramel Color,500,07-06-25 19:14:48
P0648,Coffee Can Drink Max Mini Family Pack Max,1000,M042,Acetic Acid,2000,22-06-25 19:14:48
P0649,Mint Flavored Soda Max Max Max,2000,M020,Natural Flavors,200,27-05-25 19:14:48
P0649,Mint Flavored Soda Max Max Max,2000,M001,Sugar,100,10-06-25 19:14:48
P0649,Mint Flavored Soda Max Max Max,2000,M024,Ascorbic Acid,100,22-06-25 19:14:48
P0650,Chocolate Milk Drink Mini Max Family Pack Pro Mini Family Pack Max Max,5000,M033,Vanillin,100,27-05-25 19:14:48
P0650,Chocolate Milk Drink Mini Max Family Pack Pro Mini Family Pack Max Max,5000,M020,Natural Flavors,100,28-05-25 19:14:48
P0650,Chocolate Milk Drink Mini Max Family Pack Pro Mini Family Pack Max Max,5000,M024,Ascorbic Acid,100,30-05-25 19:14:48
P0651,Orange Soft Drink Max Family Pack Family Pack Mini,200,M024,Ascorbic Acid,500,08-06-25 19:14:48
P0651,Orange Soft Drink Max Family Pack Family Pack Mini,200,M042,Acetic Acid,200,01-06-25 19:14:48
P0651,Orange Soft Drink Max Family Pack Family Pack Mini,200,M003,Citric Acid,1000,20-06-25 19:14:48
P0652,Masala Potato Chips Mini Mini Lite Family Pack Pro Pro XL,100,M019,Paprika Extract,200,11-06-25 19:14:48
P0652,Masala Potato Chips Mini Mini Lite Family Pack Pro Pro XL,100,M002,Salt,100,06-06-25 19:14:48
P0652,Masala Potato Chips Mini Mini Lite Family Pack Pro Pro XL,100,M007,Vegetable Oil,2000,22-06-25 19:14:48
P0653,Barbecue Corn Chips Family Pack Pro XL,100,M005,Potatoes,500,03-06-25 19:14:48
P0653,Barbecue Corn Chips Family Pack Pro XL,100,M011,Cheddar Cheese,1000,24-05-25 19:14:48
P0653,Barbecue Corn Chips Family Pack Pro XL,100,M014,Garlic Powder,500,18-06-25 19:14:48
P0654,Snack Mix - Trail Pro Family Pack Max,200,M015,Maltodextrin,100,07-06-25 19:14:48
P0654,Snack Mix - Trail Pro Family Pack Max,200,M009,Palm Oil,500,11-06-25 19:14:48
P0654,Snack Mix - Trail Pro Family Pack Max,200,M020,Natural Flavors,100,20-06-25 19:14:48
P0655,Sweet Corn Puffs XL Mini Lite Family Pack Mini Lite Lite,200,M003,Citric Acid,2000,10-06-25 19:14:48
P0655,Sweet Corn Puffs XL Mini Lite Family Pack Mini Lite Lite,200,M009,Palm Oil,2000,19-06-25 19:14:48
P0655,Sweet Corn Puffs XL Mini Lite Family Pack Mini Lite Lite,200,M002,Salt,500,25-05-25 19:14:48
P0656,Whey Protein Bar Family Pack Mini Max Family Pack XL XL Max,500,M010,Whey Protein,500,01-06-25 19:14:48
P0656,Whey Protein Bar Family Pack Mini Max Family Pack XL XL Max,500,M033,Vanillin,200,15-06-25 19:14:48
P0656,Whey Protein Bar Family Pack Mini Max Family Pack XL XL Max,500,M025,Soy Lecithin,200,28-05-25 19:14:48
P0657,Cheese Crackers Family Pack Pro Family Pack Mini Pro,500,M025,Soy Lecithin,500,28-05-25 19:14:48
P0657,Cheese Crackers Family Pack Pro Family Pack Mini Pro,500,M001,Sugar,1000,09-06-25 19:14:48
P0657,Cheese Crackers Family Pack Pro Family Pack Mini Pro,500,M038,Baking Powder,1000,10-06-25 19:14:48
P0658,Chocolate Milk Drink Mini Max Family Pack Pro Mini Lite XL Max Family Pack XL,100,M042,Acetic Acid,1000,08-06-25 19:14:48
P0658,Chocolate Milk Drink Mini Max Family Pack Pro Mini Lite XL Max Family Pack XL,100,M003,Citric Acid,100,21-06-25 19:14:48
P0658,Chocolate Milk Drink Mini Max Family Pack Pro Mini Lite XL Max Family Pack XL,100,M001,Sugar,100,13-06-25 19:14:48
P0659,Cola Beverage Lite,200,M042,Acetic Acid,1000,20-06-25 19:14:48
P0659,Cola Beverage Lite,200,M001,Sugar,100,09-06-25 19:14:48
P0659,Cola Beverage Lite,200,M037,Caramel Color,1000,26-05-25 19:14:48
P0660,Orange Soft Drink Max Mini Max,1000,M001,Sugar,100,19-06-25 19:14:48
P0660,Orange Soft Drink Max Mini Max,1000,M003,Citric Acid,200,17-06-25 19:14:48
P0660,Orange Soft Drink Max Mini Max,1000,M033,Vanillin,500,14-06-25 19:14:48
P0661,Chocolate Milk Drink Mini Max Max XL Pro Mini Mini,2000,M024,Ascorbic Acid,1000,31-05-25 19:14:48
P0661,Chocolate Milk Drink Mini Max Max XL Pro Mini Mini,2000,M003,Citric Acid,1000,25-05-25 19:14:48
P0661,Chocolate Milk Drink Mini Max Max XL Pro Mini Mini,2000,M020,Natural Flavors,100,15-06-25 19:14:48
P0662,Sweet Corn Puffs XL Mini Lite XL Lite Mini,500,M015,Maltodextrin,2000,06-06-25 19:14:48
P0662,Sweet Corn Puffs XL Mini Lite XL Lite Mini,500,M009,Palm Oil,1000,13-06-25 19:14:48
P0662,Sweet Corn Puffs XL Mini Lite XL Lite Mini,500,M003,Citric Acid,500,12-06-25 19:14:48
P0663,Sweet Corn Puffs XL Mini Lite XL Pro Pro XL XL,2000,M006,Corn,200,22-06-25 19:14:48
P0663,Sweet Corn Puffs XL Mini Lite XL Pro Pro XL XL,2000,M020,Natural Flavors,500,26-05-25 19:14:48
P0663,Sweet Corn Puffs XL Mini Lite XL Pro Pro XL XL,2000,M003,Citric Acid,1000,02-06-25 19:14:48
P0664,Energy Drink - Citrus Mini XL Family Pack Max Family Pack,500,M001,Sugar,500,14-06-25 19:14:48
P0664,Energy Drink - Citrus Mini XL Family Pack Max Family Pack,500,M042,Acetic Acid,200,07-06-25 19:14:48
P0664,Energy Drink - Citrus Mini XL Family Pack Max Family Pack,500,M033,Vanillin,1000,03-06-25 19:14:48
P0665,Cola Beverage Mini Family Pack Family Pack Pro XL Pro,500,M037,Caramel Color,100,29-05-25 19:14:48
P0665,Cola Beverage Mini Family Pack Family Pack Pro XL Pro,500,M033,Vanillin,100,22-06-25 19:14:48
P0665,Cola Beverage Mini Family Pack Family Pack Pro XL Pro,500,M003,Citric Acid,2000,04-06-25 19:14:48
P0666,Cheese Crackers Lite Mini,100,M002,Salt,100,27-05-25 19:14:48
P0666,Cheese Crackers Lite Mini,100,M026,Cocoa Powder,2000,11-06-25 19:14:48
P0666,Cheese Crackers Lite Mini,100,M038,Baking Powder,1000,12-06-25 19:14:48
P0667,Snack Mix - Trail Max Pro XL Max XL,2000,M002,Salt,200,30-05-25 19:14:48
P0667,Snack Mix - Trail Max Pro XL Max XL,2000,M009,Palm Oil,100,13-06-25 19:14:48
P0667,Snack Mix - Trail Max Pro XL Max XL,2000,M015,Maltodextrin,200,05-06-25 19:14:48
P0668,Chocolate Milk Drink Mini Max Max XL Pro Mini Family Pack,5000,M001,Sugar,1000,06-06-25 19:14:48
P0668,Chocolate Milk Drink Mini Max Max XL Pro Mini Family Pack,5000,M033,Vanillin,500,17-06-25 19:14:48
P0668,Chocolate Milk Drink Mini Max Max XL Pro Mini Family Pack,5000,M037,Caramel Color,100,05-06-25 19:14:48
P0669,Chocolate Milk Drink Mini Max Max Family Pack,100,M020,Natural Flavors,100,18-06-25 19:14:48
P0669,Chocolate Milk Drink Mini Max Max Family Pack,100,M001,Sugar,1000,31-05-25 19:14:48
P0669,Chocolate Milk Drink Mini Max Max Family Pack,100,M024,Ascorbic Acid,500,01-06-25 19:14:48
P0670,Classic Salted Wafers Family Pack Family Pack Max,2000,M014,Garlic Powder,200,03-06-25 19:14:48
P0670,Classic Salted Wafers Family Pack Family Pack Max,2000,M011,Cheddar Cheese,500,29-05-25 19:14:48
P0670,Classic Salted Wafers Family Pack Family Pack Max,2000,M005,Potatoes,2000,21-06-25 19:14:48
P0671,Orange Soft Drink Max Mini Pro Pro Mini Mini Mini,2000,M020,Natural Flavors,2000,30-05-25 19:14:48
P0671,Orange Soft Drink Max Mini Pro Pro Mini Mini Mini,2000,M042,Acetic Acid,200,05-06-25 19:14:48
P0671,Orange Soft Drink Max Mini Pro Pro Mini Mini Mini,2000,M024,Ascorbic Acid,1000,18-06-25 19:14:48
P0672,Mint Flavored Soda Max Lite Lite Mini Mini,2000,M042,Acetic Acid,100,02-06-25 19:14:48
P0672,Mint Flavored Soda Max Lite Lite Mini Mini,2000,M003,Citric Acid,1000,01-06-25 19:14:48
P0672,Mint Flavored Soda Max Lite Lite Mini Mini,2000,M037,Caramel Color,200,26-05-25 19:14:48
P0673,Tomato Flavored Chips Pro XL Family Pack Max Family Pack,5000,M013,Onion Powder,200,28-05-25 19:14:48
P0673,Tomato Flavored Chips Pro XL Family Pack Max Family Pack,5000,M008,Sunflower Oil,1000,17-06-25 19:14:48
P0673,Tomato Flavored Chips Pro XL Family Pack Max Family Pack,5000,M011,Cheddar Cheese,1000,05-06-25 19:14:48
P0674,Sweet Corn Puffs XL Mini Pro Pro Max Pro,500,M015,Maltodextrin,200,12-06-25 19:14:48
P0674,Sweet Corn Puffs XL Mini Pro Pro Max Pro,500,M003,Citric Acid,2000,28-05-25 19:14:48
P0674,Sweet Corn Puffs XL Mini Pro Pro Max Pro,500,M020,Natural Flavors,2000,18-06-25 19:14:48
P0675,Mint Flavored Soda XL Lite Mini,1000,M033,Vanillin,1000,22-06-25 19:14:48
P0675,Mint Flavored Soda XL Lite Mini,1000,M024,Ascorbic Acid,100,26-05-25 19:14:48
P0675,Mint Flavored Soda XL Lite Mini,1000,M042,Acetic Acid,2000,14-06-25 19:14:48
P0676,Mint Flavored Soda Mini Lite XL,100,M020,Natural Flavors,200,26-05-25 19:14:48
P0676,Mint Flavored Soda Mini Lite XL,100,M042,Acetic Acid,500,25-05-25 19:14:48
P0676,Mint Flavored Soda Mini Lite XL,100,M001,Sugar,500,20-06-25 19:14:48
P0677,Iced Tea - Peach Mini Lite Pro XL Mini Family Pack XL Family Pack Pro Family Pack Max,2000,M020,Natural Flavors,1000,01-06-25 19:14:48
P0677,Iced Tea - Peach Mini Lite Pro XL Mini Family Pack XL Family Pack Pro Family Pack Max,2000,M001,Sugar,200,10-06-25 19:14:48
P0677,Iced Tea - Peach Mini Lite Pro XL Mini Family Pack XL Family Pack Pro Family Pack Max,2000,M042,Acetic Acid,200,21-06-25 19:14:48
P0678,Cola Beverage Mini Pro Lite Mini,2000,M037,Caramel Color,1000,20-06-25 19:14:48
P0678,Cola Beverage Mini Pro Lite Mini,2000,M024,Ascorbic Acid,100,08-06-25 19:14:48
P0678,Cola Beverage Mini Pro Lite Mini,2000,M001,Sugar,500,31-05-25 19:14:48
P0679,Mint Flavored Soda Mini Lite Lite Family Pack Pro,5000,M020,Natural Flavors,200,19-06-25 19:14:48
P0679,Mint Flavored Soda Mini Lite Lite Family Pack Pro,5000,M003,Citric Acid,1000,26-05-25 19:14:48
P0679,Mint Flavored Soda Mini Lite Lite Family Pack Pro,5000,M042,Acetic Acid,200,07-06-25 19:14:48
P0680,Chocolate Chip Cookies XL Max Family Pack,500,M002,Salt,2000,04-06-25 19:14:48
P0680,Chocolate Chip Cookies XL Max Family Pack,500,M013,Onion Powder,2000,22-06-25 19:14:48
P0680,Chocolate Chip Cookies XL Max Family Pack,500,M014,Garlic Powder,2000,17-06-25 19:14:48
P0681,Whey Protein Bar Max Family Pack Lite Pro Lite,500,M010,Whey Protein,200,29-05-25 19:14:48
P0681,Whey Protein Bar Max Family Pack Lite Pro Lite,500,M028,Skimmed Milk Powder,200,17-06-25 19:14:48
P0681,Whey Protein Bar Max Family Pack Lite Pro Lite,500,M016,Dextrose,1000,20-06-25 19:14:48
P0682,Spicy Tortilla Chips Lite Lite Family Pack Family Pack Mini,500,M007,Vegetable Oil,1000,06-06-25 19:14:48
P0682,Spicy Tortilla Chips Lite Lite Family Pack Family Pack Mini,500,M014,Garlic Powder,2000,21-06-25 19:14:48
P0682,Spicy Tortilla Chips Lite Lite Family Pack Family Pack Mini,500,M019,Paprika Extract,100,09-06-25 19:14:48
P0683,Roasted Almonds Family Pack Family Pack Mini Mini,200,M015,Maltodextrin,1000,26-05-25 19:14:48
P0683,Roasted Almonds Family Pack Family Pack Mini Mini,200,M007,Vegetable Oil,100,03-06-25 19:14:48
P0683,Roasted Almonds Family Pack Family Pack Mini Mini,200,M019,Paprika Extract,200,26-05-25 19:14:48
P0684,Chocolate Milk Drink Mini Max XL Mini,500,M037,Caramel Color,100,02-06-25 19:14:48
P0684,Chocolate Milk Drink Mini Max XL Mini,500,M020,Natural Flavors,200,21-06-25 19:14:48
P0684,Chocolate Milk Drink Mini Max XL Mini,500,M001,Sugar,100,29-05-25 19:14:48
P0685,Fruit Punch Juice XL,1000,M033,Vanillin,500,01-06-25 19:14:48
P0685,Fruit Punch Juice XL,1000,M003,Citric Acid,200,26-05-25 19:14:48
P0685,Fruit Punch Juice XL,1000,M020,Natural Flavors,500,29-05-25 19:14:48
P0686,Masala Potato Chips Lite Lite XL,5000,M002,Salt,1000,19-06-25 19:14:48
P0686,Masala Potato Chips Lite Lite XL,5000,M008,Sunflower Oil,1000,14-06-25 19:14:48
P0686,Masala Potato Chips Lite Lite XL,5000,M013,Onion Powder,100,22-06-25 19:14:48
P0687,Snack Mix - Trail Pro Pro,5000,M009,Palm Oil,200,12-06-25 19:14:48
P0687,Snack Mix - Trail Pro Pro,5000,M006,Corn,1000,30-05-25 19:14:48
P0687,Snack Mix - Trail Pro Pro,5000,M020,Natural Flavors,100,30-05-25 19:14:48
P0688,Snack Mix - Trail Max Pro XL Max XL Mini,2000,M015,Maltodextrin,1000,30-05-25 19:14:48
P0688,Snack Mix - Trail Max Pro XL Max XL Mini,2000,M006,Corn,500,22-06-25 19:14:48
P0688,Snack Mix - Trail Max Pro XL Max XL Mini,2000,M009,Palm Oil,1000,18-06-25 19:14:48
P0689,Tomato Flavored Chips Pro XL Mini Pro,100,M011,Cheddar Cheese,200,13-06-25 19:14:48
P0689,Tomato Flavored Chips Pro XL Mini Pro,100,M005,Potatoes,100,05-06-25 19:14:48
P0689,Tomato Flavored Chips Pro XL Mini Pro,100,M019,Paprika Extract,200,15-06-25 19:14:48
P0690,Sweet Corn Puffs XL Mini Lite XL Lite Mini XL,100,M003,Citric Acid,2000,18-06-25 19:14:48
P0690,Sweet Corn Puffs XL Mini Lite XL Lite Mini XL,100,M015,Maltodextrin,1000,16-06-25 19:14:48
P0690,Sweet Corn Puffs XL Mini Lite XL Lite Mini XL,100,M006,Corn,500,12-06-25 19:14:48
P0691,Chocolate Milk Drink Mini Max Family Pack Pro Mini Lite XL Pro Pro XL Lite,100,M033,Vanillin,2000,03-06-25 19:14:48
P0691,Chocolate Milk Drink Mini Max Family Pack Pro Mini Lite XL Pro Pro XL Lite,100,M037,Caramel Color,2000,24-05-25 19:14:48
P0691,Chocolate Milk Drink Mini Max Family Pack Pro Mini Lite XL Pro Pro XL Lite,100,M024,Ascorbic Acid,200,14-06-25 19:14:48
P0692,Mint Flavored Soda XL Lite Family Pack,500,M042,Acetic Acid,2000,22-06-25 19:14:48
P0692,Mint Flavored Soda XL Lite Family Pack,500,M020,Natural Flavors,2000,14-06-25 19:14:48
P0692,Mint Flavored Soda XL Lite Family Pack,500,M033,Vanillin,500,09-06-25 19:14:48
P0693,Orange Soft Drink Max Max Pro Pro,5000,M033,Vanillin,2000,31-05-25 19:14:48
P0693,Orange Soft Drink Max Max Pro Pro,5000,M003,Citric Acid,1000,21-06-25 19:14:48
P0693,Orange Soft Drink Max Max Pro Pro,5000,M001,Sugar,500,05-06-25 19:14:48
P0694,Cheese Nachos Lite Family Pack Lite Lite,100,M012,Tomato Powder,100,14-06-25 19:14:48
P0694,Cheese Nachos Lite Family Pack Lite Lite,100,M020,Natural Flavors,1000,10-06-25 19:14:48
P0694,Cheese Nachos Lite Family Pack Lite Lite,100,M002,Salt,2000,03-06-25 19:14:48
P0695,Chocolate Milk Drink Mini Max Family Pack Pro Mini Lite Mini Family Pack Lite XL Mini,500,M001,Sugar,100,03-06-25 19:14:48
P0695,Chocolate Milk Drink Mini Max Family Pack Pro Mini Lite Mini Family Pack Lite XL Mini,500,M003,Citric Acid,200,04-06-25 19:14:48
P0695,Chocolate Milk Drink Mini Max Family Pack Pro Mini Lite Mini Family Pack Lite XL Mini,500,M033,Vanillin,100,08-06-25 19:14:48
P0696,Chocolate Milk Drink Mini Max Family Pack Pro Mini Lite Mini Family Pack Lite Pro,2000,M024,Ascorbic Acid,500,17-06-25 19:14:48
P0696,Chocolate Milk Drink Mini Max Family Pack Pro Mini Lite Mini Family Pack Lite Pro,2000,M037,Caramel Color,1000,13-06-25 19:14:48
P0696,Chocolate Milk Drink Mini Max Family Pack Pro Mini Lite Mini Family Pack Lite Pro,2000,M003,Citric Acid,100,12-06-25 19:14:48
P0697,Chocolate Milk Drink Mini Max Family Pack Pro XL XL Mini,500,M024,Ascorbic Acid,100,21-06-25 19:14:48
P0697,Chocolate Milk Drink Mini Max Family Pack Pro XL XL Mini,500,M003,Citric Acid,500,15-06-25 19:14:48
P0697,Chocolate Milk Drink Mini Max Family Pack Pro XL XL Mini,500,M033,Vanillin,2000,13-06-25 19:14:48
P0698,Masala Potato Chips XL XL XL,5000,M008,Sunflower Oil,100,12-06-25 19:14:48
P0698,Masala Potato Chips XL XL XL,5000,M019,Paprika Extract,100,22-06-25 19:14:48
P0698,Masala Potato Chips XL XL XL,5000,M007,Vegetable Oil,500,28-05-25 19:14:48
P0699,Tomato Flavored Chips Pro XL Lite Pro XL Mini XL XL,200,M002,Salt,200,10-06-25 19:14:48
P0699,Tomato Flavored Chips Pro XL Lite Pro XL Mini XL XL,200,M008,Sunflower Oil,2000,20-06-25 19:14:48
P0699,Tomato Flavored Chips Pro XL Lite Pro XL Mini XL XL,200,M013,Onion Powder,500,16-06-25 19:14:48
P0700,Chocolate Milk Drink Mini Max Max XL Pro Mini Mini Max,100,M037,Caramel Color,200,02-06-25 19:14:48
P0700,Chocolate Milk Drink Mini Max Max XL Pro Mini Mini Max,100,M042,Acetic Acid,1000,22-06-25 19:14:48
P0700,Chocolate Milk Drink Mini Max Max XL Pro Mini Mini Max,100,M003,Citric Acid,100,15-06-25 19:14:48
P0701,Lemon Soda Pro Pro,200,M003,Citric Acid,200,21-06-25 19:14:48
P0701,Lemon Soda Pro Pro,200,M042,Acetic Acid,1000,27-05-25 19:14:48
P0701,Lemon Soda Pro Pro,200,M037,Caramel Color,2000,22-06-25 19:14:48
P0702,Tomato Flavored Chips Mini Pro,100,M011,Cheddar Cheese,1000,09-06-25 19:14:48
P0702,Tomato Flavored Chips Mini Pro,100,M008,Sunflower Oil,100,20-06-25 19:14:48
P0702,Tomato Flavored Chips Mini Pro,100,M020,Natural Flavors,100,18-06-25 19:14:48
P0703,Spicy Tortilla Chips Lite Lite Family Pack Family Pack Mini XL,2000,M002,Salt,100,28-05-25 19:14:48
P0703,Spicy Tortilla Chips Lite Lite Family Pack Family Pack Mini XL,2000,M005,Potatoes,1000,17-06-25 19:14:48
P0703,Spicy Tortilla Chips Lite Lite Family Pack Family Pack Mini XL,2000,M007,Vegetable Oil,1000,05-06-25 19:14:48
P0704,Orange Soft Drink Mini Family Pack Family Pack Max,200,M024,Ascorbic Acid,200,28-05-25 19:14:48
P0704,Orange Soft Drink Mini Family Pack Family Pack Max,200,M033,Vanillin,100,03-06-25 19:14:48
P0704,Orange Soft Drink Mini Family Pack Family Pack Max,200,M042,Acetic Acid,500,27-05-25 19:14:48
P0705,Spicy Tortilla Chips Lite Lite Family Pack Family Pack Max XL,500,M019,Paprika Extract,200,09-06-25 19:14:48
P0705,Spicy Tortilla Chips Lite Lite Family Pack Family Pack Max XL,500,M013,Onion Powder,2000,05-06-25 19:14:48
P0705,Spicy Tortilla Chips Lite Lite Family Pack Family Pack Max XL,500,M008,Sunflower Oil,2000,08-06-25 19:14:48
P0706,Lemon Soda XL Pro,1000,M037,Caramel Color,2000,14-06-25 19:14:48
P0706,Lemon Soda XL Pro,1000,M033,Vanillin,1000,18-06-25 19:14:48
P0706,Lemon Soda XL Pro,1000,M024,Ascorbic Acid,500,10-06-25 19:14:48
P0707,Chocolate Chip Cookies Max Max Max,200,M008,Sunflower Oil,500,13-06-25 19:14:48
P0707,Chocolate Chip Cookies Max Max Max,200,M005,Potatoes,100,24-05-25 19:14:48
P0707,Chocolate Chip Cookies Max Max Max,200,M019,Paprika Extract,100,04-06-25 19:14:48
P0708,Coffee Can Drink Lite Lite Pro Lite,5000,M042,Acetic Acid,1000,16-06-25 19:14:48
P0708,Coffee Can Drink Lite Lite Pro Lite,5000,M020,Natural Flavors,200,07-06-25 19:14:48
P0708,Coffee Can Drink Lite Lite Pro Lite,5000,M024,Ascorbic Acid,500,02-06-25 19:14:48
P0709,Iced Tea - Peach Pro,100,M024,Ascorbic Acid,1000,07-06-25 19:14:48
P0709,Iced Tea - Peach Pro,100,M033,Vanillin,100,17-06-25 19:14:48
P0709,Iced Tea - Peach Pro,100,M020,Natural Flavors,200,14-06-25 19:14:48
P0710,Lemon Soda Family Pack XL XL Lite,1000,M037,Caramel Color,200,10-06-25 19:14:48
P0710,Lemon Soda Family Pack XL XL Lite,1000,M042,Acetic Acid,500,24-05-25 19:14:48
P0710,Lemon Soda Family Pack XL XL Lite,1000,M003,Citric Acid,500,12-06-25 19:14:48
P0711,Classic Salted Wafers Family Pack Family Pack Max Max,5000,M019,Paprika Extract,1000,14-06-25 19:14:48
P0711,Classic Salted Wafers Family Pack Family Pack Max Max,5000,M013,Onion Powder,1000,04-06-25 19:14:48
P0711,Classic Salted Wafers Family Pack Family Pack Max Max,5000,M014,Garlic Powder,1000,09-06-25 19:14:48
P0712,Masala Potato Chips Mini Family Pack Family Pack Mini Mini Family Pack,1000,M007,Vegetable Oil,500,19-06-25 19:14:48
P0712,Masala Potato Chips Mini Family Pack Family Pack Mini Mini Family Pack,1000,M005,Potatoes,2000,15-06-25 19:14:48
P0712,Masala Potato Chips Mini Family Pack Family Pack Mini Mini Family Pack,1000,M019,Paprika Extract,100,17-06-25 19:14:48
P0713,Masala Potato Chips Mini Family Pack Pro Max Family Pack Pro Pro Lite XL,1000,M011,Cheddar Cheese,500,15-06-25 19:14:48
P0713,Masala Potato Chips Mini Family Pack Pro Max Family Pack Pro Pro Lite XL,1000,M008,Sunflower Oil,1000,27-05-25 19:14:48
P0713,Masala Potato Chips Mini Family Pack Pro Max Family Pack Pro Pro Lite XL,1000,M005,Potatoes,500,16-06-25 19:14:48
P0714,Cheese Crackers Lite Mini Lite,2000,M033,Vanillin,100,22-06-25 19:14:48
P0714,Cheese Crackers Lite Mini Lite,2000,M002,Salt,2000,18-06-25 19:14:48
P0714,Cheese Crackers Lite Mini Lite,2000,M001,Sugar,1000,05-06-25 19:14:48
P0715,Masala Potato Chips Lite Max Max Mini,5000,M011,Cheddar Cheese,2000,03-06-25 19:14:48
P0715,Masala Potato Chips Lite Max Max Mini,5000,M007,Vegetable Oil,1000,01-06-25 19:14:48
P0715,Masala Potato Chips Lite Max Max Mini,5000,M002,Salt,2000,05-06-25 19:14:48
P0716,Coffee Can Drink Lite Lite Max,200,M042,Acetic Acid,500,05-06-25 19:14:48
P0716,Coffee Can Drink Lite Lite Max,200,M037,Caramel Color,500,06-06-25 19:14:48
P0716,Coffee Can Drink Lite Lite Max,200,M024,Ascorbic Acid,200,13-06-25 19:14:48
P0717,Tomato Flavored Chips Pro XL Lite Pro XL Max XL Lite XL,5000,M020,Natural Flavors,200,14-06-25 19:14:48
P0717,Tomato Flavored Chips Pro XL Lite Pro XL Max XL Lite XL,5000,M013,Onion Powder,100,27-05-25 19:14:48
P0717,Tomato Flavored Chips Pro XL Lite Pro XL Max XL Lite XL,5000,M005,Potatoes,2000,11-06-25 19:14:48
P0718,Iced Tea - Peach Lite XL,100,M001,Sugar,500,22-06-25 19:14:48
P0718,Iced Tea - Peach Lite XL,100,M037,Caramel Color,100,26-05-25 19:14:48
P0718,Iced Tea - Peach Lite XL,100,M042,Acetic Acid,1000,27-05-25 19:14:48
P0719,Lemon Soda Family Pack XL Lite Max Mini,1000,M001,Sugar,1000,03-06-25 19:14:48
P0719,Lemon Soda Family Pack XL Lite Max Mini,1000,M042,Acetic Acid,2000,18-06-25 19:14:48
P0719,Lemon Soda Family Pack XL Lite Max Mini,1000,M033,Vanillin,200,19-06-25 19:14:48
P0720,Mint Flavored Soda Mini Lite Family Pack Family Pack,200,M003,Citric Acid,2000,18-06-25 19:14:48
P0720,Mint Flavored Soda Mini Lite Family Pack Family Pack,200,M001,Sugar,500,24-05-25 19:14:48
P0720,Mint Flavored Soda Mini Lite Family Pack Family Pack,200,M042,Acetic Acid,100,16-06-25 19:14:48
P0721,Coffee Can Drink Max Mini Pro,5000,M042,Acetic Acid,200,19-06-25 19:14:48
P0721,Coffee Can Drink Max Mini Pro,5000,M033,Vanillin,200,22-06-25 19:14:48
P0721,Coffee Can Drink Max Mini Pro,5000,M024,Ascorbic Acid,100,10-06-25 19:14:48
P0722,Tomato Flavored Chips Pro XL Pro Mini Max,100,M020,Natural Flavors,100,01-06-25 19:14:48
P0722,Tomato Flavored Chips Pro XL Pro Mini Max,100,M014,Garlic Powder,1000,22-06-25 19:14:48
P0722,Tomato Flavored Chips Pro XL Pro Mini Max,100,M008,Sunflower Oil,2000,05-06-25 19:14:48
P0723,Butter Popcorn Family Pack Pro Mini,2000,M025,Soy Lecithin,2000,31-05-25 19:14:48
P0723,Butter Popcorn Family Pack Pro Mini,2000,M001,Sugar,1000,08-06-25 19:14:48
P0723,Butter Popcorn Family Pack Pro Mini,2000,M038,Baking Powder,100,22-06-25 19:14:48
P0724,Spicy Tortilla Chips XL,500,M020,Natural Flavors,2000,25-05-25 19:14:48
P0724,Spicy Tortilla Chips XL,500,M005,Potatoes,100,01-06-25 19:14:48
P0724,Spicy Tortilla Chips XL,500,M014,Garlic Powder,500,17-06-25 19:14:48
P0725,Butter Popcorn Max XL,200,M038,Baking Powder,1000,10-06-25 19:14:48
P0725,Butter Popcorn Max XL,200,M026,Cocoa Powder,500,15-06-25 19:14:48
P0725,Butter Popcorn Max XL,200,M001,Sugar,100,11-06-25 19:14:48
P0726,Sweet Corn Puffs XL Mini Lite Family Pack Mini Lite Lite Max,5000,M015,Maltodextrin,2000,29-05-25 19:14:48
P0726,Sweet Corn Puffs XL Mini Lite Family Pack Mini Lite Lite Max,5000,M003,Citric Acid,100,29-05-25 19:14:48
P0726,Sweet Corn Puffs XL Mini Lite Family Pack Mini Lite Lite Max,5000,M009,Palm Oil,1000,09-06-25 19:14:48
P0727,Orange Soft Drink Mini XL Max,200,M033,Vanillin,500,05-06-25 19:14:48
P0727,Orange Soft Drink Mini XL Max,200,M003,Citric Acid,500,09-06-25 19:14:48
P0727,Orange Soft Drink Mini XL Max,200,M037,Caramel Color,100,26-05-25 19:14:48
P0728,Coffee Can Drink Max Pro XL,2000,M033,Vanillin,200,16-06-25 19:14:48
P0728,Coffee Can Drink Max Pro XL,2000,M001,Sugar,2000,19-06-25 19:14:48
P0728,Coffee Can Drink Max Pro XL,2000,M003,Citric Acid,500,12-06-25 19:14:48
P0729,Cola Beverage Mini Pro Lite Mini Mini,200,M001,Sugar,1000,08-06-25 19:14:48
P0729,Cola Beverage Mini Pro Lite Mini Mini,200,M003,Citric Acid,500,08-06-25 19:14:48
P0729,Cola Beverage Mini Pro Lite Mini Mini,200,M033,Vanillin,500,14-06-25 19:14:48
P0730,Roasted Almonds Pro Mini Lite Family Pack,1000,M015,Maltodextrin,2000,15-06-25 19:14:48
P0730,Roasted Almonds Pro Mini Lite Family Pack,1000,M007,Vegetable Oil,200,05-06-25 19:14:48
P0730,Roasted Almonds Pro Mini Lite Family Pack,1000,M019,Paprika Extract,100,02-06-25 19:14:48
P0731,Sweet Corn Puffs XL Mini Pro Max,2000,M006,Corn,2000,10-06-25 19:14:48
P0731,Sweet Corn Puffs XL Mini Pro Max,2000,M002,Salt,500,17-06-25 19:14:48
P0731,Sweet Corn Puffs XL Mini Pro Max,2000,M020,Natural Flavors,500,16-06-25 19:14:48
P0732,Cheese Nachos Family Pack Max,200,M013,Onion Powder,200,12-06-25 19:14:48
P0732,Cheese Nachos Family Pack Max,200,M011,Cheddar Cheese,500,13-06-25 19:14:48
P0732,Cheese Nachos Family Pack Max,200,M020,Natural Flavors,1000,15-06-25 19:14:48
P0733,Chocolate Milk Drink Pro Pro XL,500,M033,Vanillin,100,14-06-25 19:14:48
P0733,Chocolate Milk Drink Pro Pro XL,500,M024,Ascorbic Acid,1000,09-06-25 19:14:48
P0733,Chocolate Milk Drink Pro Pro XL,500,M037,Caramel Color,500,26-05-25 19:14:48
P0734,Chocolate Milk Drink Mini Max Family Pack Pro XL Lite XL,2000,M020,Natural Flavors,100,02-06-25 19:14:48
P0734,Chocolate Milk Drink Mini Max Family Pack Pro XL Lite XL,2000,M037,Caramel Color,200,31-05-25 19:14:48
P0734,Chocolate Milk Drink Mini Max Family Pack Pro XL Lite XL,2000,M001,Sugar,1000,16-06-25 19:14:48
P0735,Cheese Crackers Family Pack Mini XL,500,M027,Milk Solids,100,15-06-25 19:14:48
P0735,Cheese Crackers Family Pack Mini XL,500,M026,Cocoa Powder,200,25-05-25 19:14:48
P0735,Cheese Crackers Family Pack Mini XL,500,M038,Baking Powder,1000,26-05-25 19:14:48
P0736,Chocolate Milk Drink Mini Max Max XL Pro Mini Mini Family Pack,1000,M037,Caramel Color,2000,07-06-25 19:14:48
P0736,Chocolate Milk Drink Mini Max Max XL Pro Mini Mini Family Pack,1000,M042,Acetic Acid,2000,20-06-25 19:14:48
P0736,Chocolate Milk Drink Mini Max Max XL Pro Mini Mini Family Pack,1000,M020,Natural Flavors,2000,21-06-25 19:14:48
P0737,Chocolate Milk Drink Mini Max Max XL Pro Mini Mini Family Pack Max,2000,M042,Acetic Acid,100,19-06-25 19:14:48
P0737,Chocolate Milk Drink Mini Max Max XL Pro Mini Mini Family Pack Max,2000,M024,Ascorbic Acid,500,07-06-25 19:14:48
P0737,Chocolate Milk Drink Mini Max Max XL Pro Mini Mini Family Pack Max,2000,M033,Vanillin,500,29-05-25 19:14:48
P0738,Classic Salted Wafers Mini Lite,500,M020,Natural Flavors,2000,21-06-25 19:14:48
P0738,Classic Salted Wafers Mini Lite,500,M007,Vegetable Oil,2000,10-06-25 19:14:48
P0738,Classic Salted Wafers Mini Lite,500,M019,Paprika Extract,2000,06-06-25 19:14:48
P0739,Iced Tea - Peach Mini Lite Pro XL Mini Family Pack XL Family Pack Pro Family Pack Max Mini,2000,M042,Acetic Acid,2000,06-06-25 19:14:48
P0739,Iced Tea - Peach Mini Lite Pro XL Mini Family Pack XL Family Pack Pro Family Pack Max Mini,2000,M001,Sugar,2000,21-06-25 19:14:48
P0739,Iced Tea - Peach Mini Lite Pro XL Mini Family Pack XL Family Pack Pro Family Pack Max Mini,2000,M020,Natural Flavors,100,31-05-25 19:14:48
P0740,Cheese Crackers Family Pack Mini Max Pro Mini,5000,M038,Baking Powder,200,18-06-25 19:14:48
P0740,Cheese Crackers Family Pack Mini Max Pro Mini,5000,M001,Sugar,200,08-06-25 19:14:48
P0740,Cheese Crackers Family Pack Mini Max Pro Mini,5000,M026,Cocoa Powder,200,22-06-25 19:14:48
P0741,Chocolate Milk Drink Max Max XL Mini,500,M042,Acetic Acid,200,31-05-25 19:14:48
P0741,Chocolate Milk Drink Max Max XL Mini,500,M024,Ascorbic Acid,500,27-05-25 19:14:48
P0741,Chocolate Milk Drink Max Max XL Mini,500,M037,Caramel Color,200,28-05-25 19:14:48
P0742,Sweet Corn Puffs Family Pack Family Pack Family Pack,1000,M002,Salt,500,13-06-25 19:14:48
P0742,Sweet Corn Puffs Family Pack Family Pack Family Pack,1000,M015,Maltodextrin,1000,04-06-25 19:14:48
P0742,Sweet Corn Puffs Family Pack Family Pack Family Pack,1000,M006,Corn,200,13-06-25 19:14:48
P0743,Roasted Almonds XL Pro,1000,M007,Vegetable Oil,500,27-05-25 19:14:48
P0743,Roasted Almonds XL Pro,1000,M015,Maltodextrin,200,05-06-25 19:14:48
P0743,Roasted Almonds XL Pro,1000,M019,Paprika Extract,500,11-06-25 19:14:48
P0744,Sweet Corn Puffs XL Mini Lite Family Pack Pro Pro,2000,M002,Salt,1000,21-06-25 19:14:48
P0744,Sweet Corn Puffs XL Mini Lite Family Pack Pro Pro,2000,M006,Corn,1000,05-06-25 19:14:48
P0744,Sweet Corn Puffs XL Mini Lite Family Pack Pro Pro,2000,M015,Maltodextrin,100,28-05-25 19:14:48
P0745,Orange Soft Drink Max Mini Pro Pro Mini Mini Mini XL,200,M003,Citric Acid,1000,25-05-25 19:14:48
P0745,Orange Soft Drink Max Mini Pro Pro Mini Mini Mini XL,200,M033,Vanillin,100,18-06-25 19:14:48
P0745,Orange Soft Drink Max Mini Pro Pro Mini Mini Mini XL,200,M024,Ascorbic Acid,2000,08-06-25 19:14:48
P0746,Lemon Soda Family Pack XL Lite Mini Mini,100,M024,Ascorbic Acid,200,07-06-25 19:14:48
P0746,Lemon Soda Family Pack XL Lite Mini Mini,100,M033,Vanillin,2000,19-06-25 19:14:48
P0746,Lemon Soda Family Pack XL Lite Mini Mini,100,M001,Sugar,500,14-06-25 19:14:48
P0747,Tomato Flavored Chips Pro XL Family Pack Family Pack,1000,M007,Vegetable Oil,200,05-06-25 19:14:48
P0747,Tomato Flavored Chips Pro XL Family Pack Family Pack,1000,M020,Natural Flavors,100,03-06-25 19:14:48
P0747,Tomato Flavored Chips Pro XL Family Pack Family Pack,1000,M019,Paprika Extract,200,15-06-25 19:14:48
P0748,Chocolate Milk Drink Mini Max Family Pack Family Pack Pro Mini Mini Mini,2000,M037,Caramel Color,1000,29-05-25 19:14:48
P0748,Chocolate Milk Drink Mini Max Family Pack Family Pack Pro Mini Mini Mini,2000,M003,Citric Acid,2000,08-06-25 19:14:48
P0748,Chocolate Milk Drink Mini Max Family Pack Family Pack Pro Mini Mini Mini,2000,M020,Natural Flavors,2000,12-06-25 19:14:48
P0749,Masala Potato Chips Mini XL,100,M014,Garlic Powder,2000,10-06-25 19:14:48
P0749,Masala Potato Chips Mini XL,100,M007,Vegetable Oil,1000,29-05-25 19:14:48
P0749,Masala Potato Chips Mini XL,100,M013,Onion Powder,200,10-06-25 19:14:48
P0750,Sweet Corn Puffs XL Mini Lite XL Lite Family Pack Mini Family Pack Mini,2000,M020,Natural Flavors,100,11-06-25 19:14:48
P0750,Sweet Corn Puffs XL Mini Lite XL Lite Family Pack Mini Family Pack Mini,2000,M002,Salt,200,02-06-25 19:14:48
P0750,Sweet Corn Puffs XL Mini Lite XL Lite Family Pack Mini Family Pack Mini,2000,M006,Corn,2000,11-06-25 19:14:48
P0751,Cola Beverage Mini Pro Lite Family Pack,5000,M033,Vanillin,200,08-06-25 19:14:48
P0751,Cola Beverage Mini Pro Lite Family Pack,5000,M037,Caramel Color,500,29-05-25 19:14:48
P0751,Cola Beverage Mini Pro Lite Family Pack,5000,M003,Citric Acid,500,26-05-25 19:14:48
P0752,Energy Drink - Citrus Mini Family Pack Max XL,500,M001,Sugar,500,28-05-25 19:14:48
P0752,Energy Drink - Citrus Mini Family Pack Max XL,500,M037,Caramel Color,100,25-05-25 19:14:48
P0752,Energy Drink - Citrus Mini Family Pack Max XL,500,M042,Acetic Acid,200,24-05-25 19:14:48
P0753,Roasted Almonds Pro Mini Lite Family Pack Mini,5000,M002,Salt,500,16-06-25 19:14:48
P0753,Roasted Almonds Pro Mini Lite Family Pack Mini,5000,M007,Vegetable Oil,100,28-05-25 19:14:48
P0753,Roasted Almonds Pro Mini Lite Family Pack Mini,5000,M015,Maltodextrin,200,26-05-25 19:14:48
P0754,Sweet Corn Puffs XL Mini Lite Family Pack Mini Lite Lite Max XL,1000,M006,Corn,100,06-06-25 19:14:48
P0754,Sweet Corn Puffs XL Mini Lite Family Pack Mini Lite Lite Max XL,1000,M015,Maltodextrin,1000,11-06-25 19:14:48
P0754,Sweet Corn Puffs XL Mini Lite Family Pack Mini Lite Lite Max XL,1000,M003,Citric Acid,500,02-06-25 19:14:48
P0755,Roasted Almonds Family Pack Family Pack XL XL Pro,5000,M002,Salt,200,07-06-25 19:14:48
P0755,Roasted Almonds Family Pack Family Pack XL XL Pro,5000,M015,Maltodextrin,1000,18-06-25 19:14:48
P0755,Roasted Almonds Family Pack Family Pack XL XL Pro,5000,M019,Paprika Extract,100,25-05-25 19:14:48
P0756,Sweet Corn Puffs XL Mini Lite XL Lite Family Pack XL Max,2000,M006,Corn,1000,12-06-25 19:14:48
P0756,Sweet Corn Puffs XL Mini Lite XL Lite Family Pack XL Max,2000,M020,Natural Flavors,500,18-06-25 19:14:48
P0756,Sweet Corn Puffs XL Mini Lite XL Lite Family Pack XL Max,2000,M002,Salt,100,03-06-25 19:14:48
P0757,Masala Potato Chips Mini Mini Max Mini,200,M019,Paprika Extract,100,20-06-25 19:14:48
P0757,Masala Potato Chips Mini Mini Max Mini,200,M002,Salt,100,20-06-25 19:14:48
P0757,Masala Potato Chips Mini Mini Max Mini,200,M007,Vegetable Oil,200,21-06-25 19:14:48
P0758,Masala Potato Chips Mini Mini Max Pro Mini Family Pack,2000,M013,Onion Powder,100,05-06-25 19:14:48
P0758,Masala Potato Chips Mini Mini Max Pro Mini Family Pack,2000,M005,Potatoes,100,04-06-25 19:14:48
P0758,Masala Potato Chips Mini Mini Max Pro Mini Family Pack,2000,M011,Cheddar Cheese,1000,17-06-25 19:14:48
P0759,Mint Flavored Soda Max Mini Family Pack Family Pack XL,5000,M003,Citric Acid,2000,09-06-25 19:14:48
P0759,Mint Flavored Soda Max Mini Family Pack Family Pack XL,5000,M020,Natural Flavors,1000,02-06-25 19:14:48
P0759,Mint Flavored Soda Max Mini Family Pack Family Pack XL,5000,M024,Ascorbic Acid,200,15-06-25 19:14:48
P0760,Orange Soft Drink Max Max Pro Max,200,M037,Caramel Color,500,25-05-25 19:14:48
P0760,Orange Soft Drink Max Max Pro Max,200,M003,Citric Acid,500,11-06-25 19:14:48
P0760,Orange Soft Drink Max Max Pro Max,200,M033,Vanillin,500,15-06-25 19:14:48
P0761,Sweet Corn Puffs XL Lite XL Lite Family Pack,2000,M003,Citric Acid,100,07-06-25 19:14:48
P0761,Sweet Corn Puffs XL Lite XL Lite Family Pack,2000,M020,Natural Flavors,2000,15-06-25 19:14:48
P0761,Sweet Corn Puffs XL Lite XL Lite Family Pack,2000,M002,Salt,200,06-06-25 19:14:48
P0762,Chocolate Milk Drink Mini Max Max XL Pro Family Pack Pro Mini,5000,M037,Caramel Color,200,14-06-25 19:14:48
P0762,Chocolate Milk Drink Mini Max Max XL Pro Family Pack Pro Mini,5000,M003,Citric Acid,200,31-05-25 19:14:48
P0762,Chocolate Milk Drink Mini Max Max XL Pro Family Pack Pro Mini,5000,M024,Ascorbic Acid,2000,30-05-25 19:14:48
P0763,Iced Tea - Peach Mini Max,1000,M033,Vanillin,1000,26-05-25 19:14:48
P0763,Iced Tea - Peach Mini Max,1000,M037,Caramel Color,200,29-05-25 19:14:48
P0763,Iced Tea - Peach Mini Max,1000,M001,Sugar,200,02-06-25 19:14:48
P0764,Masala Potato Chips Pro Family Pack Lite Max Max XL,5000,M014,Garlic Powder,1000,22-06-25 19:14:48
P0764,Masala Potato Chips Pro Family Pack Lite Max Max XL,5000,M020,Natural Flavors,1000,31-05-25 19:14:48
P0764,Masala Potato Chips Pro Family Pack Lite Max Max XL,5000,M011,Cheddar Cheese,100,22-06-25 19:14:48
P0765,Orange Soft Drink Max Mini Pro Pro Mini Lite Max,1000,M024,Ascorbic Acid,100,10-06-25 19:14:48
P0765,Orange Soft Drink Max Mini Pro Pro Mini Lite Max,1000,M033,Vanillin,500,28-05-25 19:14:48
P0765,Orange Soft Drink Max Mini Pro Pro Mini Lite Max,1000,M001,Sugar,500,03-06-25 19:14:48
P0766,Butter Popcorn Max Lite Family Pack Family Pack,200,M002,Salt,1000,06-06-25 19:14:48
P0766,Butter Popcorn Max Lite Family Pack Family Pack,200,M001,Sugar,2000,22-06-25 19:14:48
P0766,Butter Popcorn Max Lite Family Pack Family Pack,200,M026,Cocoa Powder,200,21-06-25 19:14:48
P0767,Chocolate Chip Cookies XL Max Family Pack Pro,100,M019,Paprika Extract,2000,07-06-25 19:14:48
P0767,Chocolate Chip Cookies XL Max Family Pack Pro,100,M008,Sunflower Oil,2000,03-06-25 19:14:48
P0767,Chocolate Chip Cookies XL Max Family Pack Pro,100,M007,Vegetable Oil,100,20-06-25 19:14:48
P0768,Chocolate Milk Drink Mini Max XL Family Pack Lite Max,500,M003,Citric Acid,1000,12-06-25 19:14:48
P0768,Chocolate Milk Drink Mini Max XL Family Pack Lite Max,500,M020,Natural Flavors,500,09-06-25 19:14:48
P0768,Chocolate Milk Drink Mini Max XL Family Pack Lite Max,500,M037,Caramel Color,200,08-06-25 19:14:48
P0769,Mint Flavored Soda Mini Lite Lite Lite Mini Pro,5000,M037,Caramel Color,100,05-06-25 19:14:48
P0769,Mint Flavored Soda Mini Lite Lite Lite Mini Pro,5000,M020,Natural Flavors,500,06-06-25 19:14:48
P0769,Mint Flavored Soda Mini Lite Lite Lite Mini Pro,5000,M001,Sugar,200,30-05-25 19:14:48
P0770,Masala Potato Chips XL Mini Family Pack Mini Max,2000,M002,Salt,1000,12-06-25 19:14:48
P0770,Masala Potato Chips XL Mini Family Pack Mini Max,2000,M020,Natural Flavors,200,20-06-25 19:14:48
P0770,Masala Potato Chips XL Mini Family Pack Mini Max,2000,M019,Paprika Extract,500,31-05-25 19:14:48
P0771,Sweet Corn Puffs XL Mini Lite Family Pack Pro Pro Pro,200,M003,Citric Acid,500,31-05-25 19:14:48
P0771,Sweet Corn Puffs XL Mini Lite Family Pack Pro Pro Pro,200,M015,Maltodextrin,1000,20-06-25 19:14:48
P0771,Sweet Corn Puffs XL Mini Lite Family Pack Pro Pro Pro,200,M006,Corn,1000,27-05-25 19:14:48
P0772,Cheese Nachos Lite Family Pack Family Pack,500,M011,Cheddar Cheese,200,24-05-25 19:14:48
P0772,Cheese Nachos Lite Family Pack Family Pack,500,M006,Corn,200,04-06-25 19:14:48
P0772,Cheese Nachos Lite Family Pack Family Pack,500,M007,Vegetable Oil,500,20-06-25 19:14:48
P0773,Butter Popcorn Max Lite Family Pack Family Pack Family Pack,5000,M027,Milk Solids,500,31-05-25 19:14:48
P0773,Butter Popcorn Max Lite Family Pack Family Pack Family Pack,5000,M002,Salt,200,17-06-25 19:14:48
P0773,Butter Popcorn Max Lite Family Pack Family Pack Family Pack,5000,M001,Sugar,500,25-05-25 19:14:48
P0774,Cheese Nachos XL Lite XL Mini,100,M007,Vegetable Oil,100,07-06-25 19:14:48
P0774,Cheese Nachos XL Lite XL Mini,100,M013,Onion Powder,200,11-06-25 19:14:48
P0774,Cheese Nachos XL Lite XL Mini,100,M020,Natural Flavors,500,05-06-25 19:14:48
P0775,Snack Mix - Trail Max Pro XL Lite Max,500,M020,Natural Flavors,100,17-06-25 19:14:48
P0775,Snack Mix - Trail Max Pro XL Lite Max,500,M006,Corn,200,31-05-25 19:14:48
P0775,Snack Mix - Trail Max Pro XL Lite Max,500,M003,Citric Acid,200,06-06-25 19:14:48
P0776,Snack Mix - Trail Family Pack,1000,M006,Corn,500,12-06-25 19:14:48
P0776,Snack Mix - Trail Family Pack,1000,M015,Maltodextrin,500,09-06-25 19:14:48
P0776,Snack Mix - Trail Family Pack,1000,M003,Citric Acid,1000,20-06-25 19:14:48
P0777,Orange Soft Drink Max Mini Pro Pro Mini Mini Family Pack,2000,M020,Natural Flavors,2000,20-06-25 19:14:48
P0777,Orange Soft Drink Max Mini Pro Pro Mini Mini Family Pack,2000,M024,Ascorbic Acid,500,25-05-25 19:14:48
P0777,Orange Soft Drink Max Mini Pro Pro Mini Mini Family Pack,2000,M037,Caramel Color,1000,05-06-25 19:14:48
P0778,Cheese Crackers Family Pack Mini XL Family Pack,2000,M001,Sugar,500,27-05-25 19:14:48
P0778,Cheese Crackers Family Pack Mini XL Family Pack,2000,M027,Milk Solids,100,14-06-25 19:14:48
P0778,Cheese Crackers Family Pack Mini XL Family Pack,2000,M038,Baking Powder,2000,04-06-25 19:14:48
P0779,Chocolate Milk Drink Mini Max Max XL Pro Mini Mini Max Pro,500,M020,Natural Flavors,100,09-06-25 19:14:48
P0779,Chocolate Milk Drink Mini Max Max XL Pro Mini Mini Max Pro,500,M033,Vanillin,2000,12-06-25 19:14:48
P0779,Chocolate Milk Drink Mini Max Max XL Pro Mini Mini Max Pro,500,M001,Sugar,100,05-06-25 19:14:48
P0780,Chocolate Milk Drink Mini Max Family Pack Pro Mini Family Pack Lite Max,5000,M024,Ascorbic Acid,1000,07-06-25 19:14:48
P0780,Chocolate Milk Drink Mini Max Family Pack Pro Mini Family Pack Lite Max,5000,M001,Sugar,100,18-06-25 19:14:48
P0780,Chocolate Milk Drink Mini Max Family Pack Pro Mini Family Pack Lite Max,5000,M003,Citric Acid,200,05-06-25 19:14:48
P0781,Chocolate Milk Drink Mini Max Family Pack Pro Mini Lite XL Pro Pro XL Family Pack Max Max,100,M042,Acetic Acid,200,26-05-25 19:14:48
P0781,Chocolate Milk Drink Mini Max Family Pack Pro Mini Lite XL Pro Pro XL Family Pack Max Max,100,M033,Vanillin,1000,01-06-25 19:14:48
P0781,Chocolate Milk Drink Mini Max Family Pack Pro Mini Lite XL Pro Pro XL Family Pack Max Max,100,M003,Citric Acid,2000,18-06-25 19:14:48
P0782,Lemon Soda Family Pack Lite Max,100,M001,Sugar,1000,24-05-25 19:14:48
P0782,Lemon Soda Family Pack Lite Max,100,M042,Acetic Acid,100,21-06-25 19:14:48
P0782,Lemon Soda Family Pack Lite Max,100,M033,Vanillin,1000,19-06-25 19:14:48
P0783,Mint Flavored Soda Mini Lite Lite Lite Mini XL XL,2000,M042,Acetic Acid,2000,10-06-25 19:14:48
P0783,Mint Flavored Soda Mini Lite Lite Lite Mini XL XL,2000,M033,Vanillin,2000,24-05-25 19:14:48
P0783,Mint Flavored Soda Mini Lite Lite Lite Mini XL XL,2000,M003,Citric Acid,1000,30-05-25 19:14:48
P0784,Chocolate Milk Drink Mini Max Max XL Pro Mini Mini Family Pack Max Family Pack,2000,M020,Natural Flavors,1000,27-05-25 19:14:48
P0784,Chocolate Milk Drink Mini Max Max XL Pro Mini Mini Family Pack Max Family Pack,2000,M037,Caramel Color,1000,28-05-25 19:14:48
P0784,Chocolate Milk Drink Mini Max Max XL Pro Mini Mini Family Pack Max Family Pack,2000,M024,Ascorbic Acid,1000,24-05-25 19:14:48
P0785,Masala Potato Chips Pro XL Lite,100,M013,Onion Powder,200,14-06-25 19:14:48
P0785,Masala Potato Chips Pro XL Lite,100,M014,Garlic Powder,500,20-06-25 19:14:48
P0785,Masala Potato Chips Pro XL Lite,100,M020,Natural Flavors,200,21-06-25 19:14:48
P0786,Iced Tea - Peach Mini Lite Pro XL Mini Lite,100,M037,Caramel Color,2000,25-05-25 19:14:48
P0786,Iced Tea - Peach Mini Lite Pro XL Mini Lite,100,M024,Ascorbic Acid,2000,22-06-25 19:14:48
P0786,Iced Tea - Peach Mini Lite Pro XL Mini Lite,100,M003,Citric Acid,200,16-06-25 19:14:48
P0787,Sweet Corn Puffs XL Mini Lite Family Pack Mini Pro Pro,1000,M006,Corn,1000,30-05-25 19:14:48
P0787,Sweet Corn Puffs XL Mini Lite Family Pack Mini Pro Pro,1000,M002,Salt,500,02-06-25 19:14:48
P0787,Sweet Corn Puffs XL Mini Lite Family Pack Mini Pro Pro,1000,M009,Palm Oil,100,06-06-25 19:14:48
P0788,Chocolate Milk Drink Mini Max XL Family Pack XL,500,M037,Caramel Color,2000,06-06-25 19:14:48
P0788,Chocolate Milk Drink Mini Max XL Family Pack XL,500,M003,Citric Acid,2000,29-05-25 19:14:48
P0788,Chocolate Milk Drink Mini Max XL Family Pack XL,500,M001,Sugar,100,11-06-25 19:14:48
P0789,Sweet Corn Puffs XL Mini Lite XL Pro Pro XL Max,200,M006,Corn,500,04-06-25 19:14:48
P0789,Sweet Corn Puffs XL Mini Lite XL Pro Pro XL Max,200,M015,Maltodextrin,100,24-05-25 19:14:48
P0789,Sweet Corn Puffs XL Mini Lite XL Pro Pro XL Max,200,M002,Salt,100,09-06-25 19:14:48
P0790,Cheese Crackers Family Pack Mini XL Mini,500,M025,Soy Lecithin,100,09-06-25 19:14:48
P0790,Cheese Crackers Family Pack Mini XL Mini,500,M027,Milk Solids,100,02-06-25 19:14:48
P0790,Cheese Crackers Family Pack Mini XL Mini,500,M002,Salt,100,08-06-25 19:14:48
P0791,Sweet Corn Puffs XL Mini Family Pack,2000,M009,Palm Oil,2000,04-06-25 19:14:48
P0791,Sweet Corn Puffs XL Mini Family Pack,2000,M003,Citric Acid,1000,17-06-25 19:14:48
P0791,Sweet Corn Puffs XL Mini Family Pack,2000,M006,Corn,2000,08-06-25 19:14:48
P0792,Masala Potato Chips Mini Family Pack Pro Max Family Pack Lite Pro,100,M020,Natural Flavors,2000,14-06-25 19:14:48
P0792,Masala Potato Chips Mini Family Pack Pro Max Family Pack Lite Pro,100,M013,Onion Powder,1000,31-05-25 19:14:48
P0792,Masala Potato Chips Mini Family Pack Pro Max Family Pack Lite Pro,100,M014,Garlic Powder,1000,25-05-25 19:14:48
P0793,Orange Soft Drink Max Mini Pro Mini Pro Pro,1000,M024,Ascorbic Acid,200,22-06-25 19:14:48
P0793,Orange Soft Drink Max Mini Pro Mini Pro Pro,1000,M020,Natural Flavors,2000,19-06-25 19:14:48
P0793,Orange Soft Drink Max Mini Pro Mini Pro Pro,1000,M001,Sugar,2000,08-06-25 19:14:48
P0794,Barbecue Corn Chips Family Pack Pro Lite,5000,M011,Cheddar Cheese,200,29-05-25 19:14:48
P0794,Barbecue Corn Chips Family Pack Pro Lite,5000,M002,Salt,1000,05-06-25 19:14:48
P0794,Barbecue Corn Chips Family Pack Pro Lite,5000,M013,Onion Powder,2000,27-05-25 19:14:48
P0795,Chocolate Milk Drink Mini Max Family Pack Pro Mini Family Pack Max Family Pack Mini Pro Family Pack,2000,M042,Acetic Acid,200,08-06-25 19:14:48
P0795,Chocolate Milk Drink Mini Max Family Pack Pro Mini Family Pack Max Family Pack Mini Pro Family Pack,2000,M003,Citric Acid,200,11-06-25 19:14:48
P0795,Chocolate Milk Drink Mini Max Family Pack Pro Mini Family Pack Max Family Pack Mini Pro Family Pack,2000,M001,Sugar,200,06-06-25 19:14:48
P0796,Sweet Corn Puffs XL Mini Pro Pro Max Pro Pro,200,M002,Salt,1000,09-06-25 19:14:48
P0796,Sweet Corn Puffs XL Mini Pro Pro Max Pro Pro,200,M015,Maltodextrin,1000,14-06-25 19:14:48
P0796,Sweet Corn Puffs XL Mini Pro Pro Max Pro Pro,200,M003,Citric Acid,500,10-06-25 19:14:48
P0797,Barbecue Corn Chips Family Pack Pro Lite Mini,5000,M020,Natural Flavors,1000,30-05-25 19:14:48
P0797,Barbecue Corn Chips Family Pack Pro Lite Mini,5000,M013,Onion Powder,500,03-06-25 19:14:48
P0797,Barbecue Corn Chips Family Pack Pro Lite Mini,5000,M014,Garlic Powder,100,05-06-25 19:14:48
P0798,Energy Drink - Citrus Mini XL Family Pack Max Family Pack Lite,2000,M024,Ascorbic Acid,500,09-06-25 19:14:48
P0798,Energy Drink - Citrus Mini XL Family Pack Max Family Pack Lite,2000,M037,Caramel Color,100,27-05-25 19:14:48
P0798,Energy Drink - Citrus Mini XL Family Pack Max Family Pack Lite,2000,M042,Acetic Acid,2000,30-05-25 19:14:48
P0799,Iced Tea - Peach Mini Lite Pro Family Pack,200,M024,Ascorbic Acid,200,20-06-25 19:14:48
P0799,Iced Tea - Peach Mini Lite Pro Family Pack,200,M020,Natural Flavors,1000,31-05-25 19:14:48
P0799,Iced Tea - Peach Mini Lite Pro Family Pack,200,M037,Caramel Color,100,24-05-25 19:14:48
P0800,Cola Beverage Mini Family Pack Max,2000,M024,Ascorbic Acid,1000,10-06-25 19:14:48
P0800,Cola Beverage Mini Family Pack Max,2000,M042,Acetic Acid,500,09-06-25 19:14:48
P0800,Cola Beverage Mini Family Pack Max,2000,M033,Vanillin,200,18-06-25 19:14:48
P0801,Roasted Almonds Family Pack Family Pack XL Max XL,100,M015,Maltodextrin,1000,28-05-25 19:14:48
P0801,Roasted Almonds Family Pack Family Pack XL Max XL,100,M019,Paprika Extract,200,06-06-25 19:14:48
P0801,Roasted Almonds Family Pack Family Pack XL Max XL,100,M002,Salt,2000,07-06-25 19:14:48
P0802,Chocolate Milk Drink Max XL,5000,M001,Sugar,1000,21-06-25 19:14:48
P0802,Chocolate Milk Drink Max XL,5000,M003,Citric Acid,200,26-05-25 19:14:48
P0802,Chocolate Milk Drink Max XL,5000,M033,Vanillin,200,20-06-25 19:14:48
P0803,Mint Flavored Soda Max Mini Family Pack Mini,500,M033,Vanillin,500,24-05-25 19:14:48
P0803,Mint Flavored Soda Max Mini Family Pack Mini,500,M037,Caramel Color,1000,24-05-25 19:14:48
P0803,Mint Flavored Soda Max Mini Family Pack Mini,500,M020,Natural Flavors,1000,31-05-25 19:14:48
P0804,Roasted Almonds Family Pack Family Pack XL XL Pro Mini,5000,M019,Paprika Extract,500,26-05-25 19:14:48
P0804,Roasted Almonds Family Pack Family Pack XL XL Pro Mini,5000,M015,Maltodextrin,100,29-05-25 19:14:48
P0804,Roasted Almonds Family Pack Family Pack XL XL Pro Mini,5000,M002,Salt,100,28-05-25 19:14:48
P0805,Energy Drink - Citrus Mini Lite Mini Pro,5000,M020,Natural Flavors,200,14-06-25 19:14:48
P0805,Energy Drink - Citrus Mini Lite Mini Pro,5000,M024,Ascorbic Acid,500,30-05-25 19:14:48
P0805,Energy Drink - Citrus Mini Lite Mini Pro,5000,M003,Citric Acid,1000,03-06-25 19:14:48
P0806,Iced Tea - Peach Mini Lite Pro XL Mini Max,500,M020,Natural Flavors,200,18-06-25 19:14:48
P0806,Iced Tea - Peach Mini Lite Pro XL Mini Max,500,M037,Caramel Color,100,26-05-25 19:14:48
P0806,Iced Tea - Peach Mini Lite Pro XL Mini Max,500,M042,Acetic Acid,500,25-05-25 19:14:48
P0807,Energy Drink - Citrus XL XL Lite,500,M003,Citric Acid,500,15-06-25 19:14:48
P0807,Energy Drink - Citrus XL XL Lite,500,M020,Natural Flavors,100,12-06-25 19:14:48
P0807,Energy Drink - Citrus XL XL Lite,500,M024,Ascorbic Acid,2000,07-06-25 19:14:48
P0808,Classic Salted Wafers Family Pack Mini Pro,5000,M013,Onion Powder,500,07-06-25 19:14:48
P0808,Classic Salted Wafers Family Pack Mini Pro,5000,M002,Salt,100,05-06-25 19:14:48
P0808,Classic Salted Wafers Family Pack Mini Pro,5000,M014,Garlic Powder,2000,14-06-25 19:14:48
P0809,Roasted Almonds Family Pack Family Pack XL Pro,1000,M002,Salt,1000,11-06-25 19:14:48
P0809,Roasted Almonds Family Pack Family Pack XL Pro,1000,M019,Paprika Extract,200,26-05-25 19:14:48
P0809,Roasted Almonds Family Pack Family Pack XL Pro,1000,M007,Vegetable Oil,500,10-06-25 19:14:48
P0810,Mint Flavored Soda Max Mini Family Pack Family Pack Pro,200,M033,Vanillin,2000,04-06-25 19:14:48
P0810,Mint Flavored Soda Max Mini Family Pack Family Pack Pro,200,M024,Ascorbic Acid,2000,05-06-25 19:14:48
P0810,Mint Flavored Soda Max Mini Family Pack Family Pack Pro,200,M037,Caramel Color,2000,18-06-25 19:14:48
P0811,Orange Soft Drink Mini Max Family Pack Family Pack Max,1000,M003,Citric Acid,500,01-06-25 19:14:48
P0811,Orange Soft Drink Mini Max Family Pack Family Pack Max,1000,M033,Vanillin,1000,03-06-25 19:14:48
P0811,Orange Soft Drink Mini Max Family Pack Family Pack Max,1000,M020,Natural Flavors,200,27-05-25 19:14:48
P0812,Masala Potato Chips Mini Mini Lite Family Pack Pro Pro XL Family Pack,200,M008,Sunflower Oil,500,29-05-25 19:14:48
P0812,Masala Potato Chips Mini Mini Lite Family Pack Pro Pro XL Family Pack,200,M007,Vegetable Oil,500,08-06-25 19:14:48
P0812,Masala Potato Chips Mini Mini Lite Family Pack Pro Pro XL Family Pack,200,M020,Natural Flavors,2000,05-06-25 19:14:48
P0813,Sweet Corn Puffs XL Mini Lite Family Pack Mini Lite Pro,1000,M002,Salt,1000,21-06-25 19:14:48
P0813,Sweet Corn Puffs XL Mini Lite Family Pack Mini Lite Pro,1000,M009,Palm Oil,100,17-06-25 19:14:48
P0813,Sweet Corn Puffs XL Mini Lite Family Pack Mini Lite Pro,1000,M015,Maltodextrin,1000,05-06-25 19:14:48
P0814,Spicy Tortilla Chips Lite Lite Family Pack Family Pack Max Max,2000,M013,Onion Powder,200,11-06-25 19:14:48
P0814,Spicy Tortilla Chips Lite Lite Family Pack Family Pack Max Max,2000,M014,Garlic Powder,100,16-06-25 19:14:48
P0814,Spicy Tortilla Chips Lite Lite Family Pack Family Pack Max Max,2000,M002,Salt,200,04-06-25 19:14:48
P0815,Roasted Almonds Family Pack Family Pack XL Family Pack Pro,2000,M015,Maltodextrin,200,14-06-25 19:14:48
P0815,Roasted Almonds Family Pack Family Pack XL Family Pack Pro,2000,M019,Paprika Extract,500,06-06-25 19:14:48
P0815,Roasted Almonds Family Pack Family Pack XL Family Pack Pro,2000,M002,Salt,2000,16-06-25 19:14:48
P0816,Cheese Crackers Family Pack Mini XL Family Pack XL,5000,M001,Sugar,2000,11-06-25 19:14:48
P0816,Cheese Crackers Family Pack Mini XL Family Pack XL,5000,M026,Cocoa Powder,500,01-06-25 19:14:48
P0816,Cheese Crackers Family Pack Mini XL Family Pack XL,5000,M038,Baking Powder,100,29-05-25 19:14:48
P0817,Orange Soft Drink Max Mini Pro Pro Mini Family Pack,2000,M042,Acetic Acid,200,09-06-25 19:14:48
P0817,Orange Soft Drink Max Mini Pro Pro Mini Family Pack,2000,M024,Ascorbic Acid,500,29-05-25 19:14:48
P0817,Orange Soft Drink Max Mini Pro Pro Mini Family Pack,2000,M037,Caramel Color,1000,16-06-25 19:14:48
P0818,Coffee Can Drink Max Mini Family Pack Lite,1000,M003,Citric Acid,1000,20-06-25 19:14:48
P0818,Coffee Can Drink Max Mini Family Pack Lite,1000,M037,Caramel Color,1000,22-06-25 19:14:48
P0818,Coffee Can Drink Max Mini Family Pack Lite,1000,M001,Sugar,2000,31-05-25 19:14:48
P0819,Masala Potato Chips Pro XL Pro,2000,M014,Garlic Powder,2000,25-05-25 19:14:48
P0819,Masala Potato Chips Pro XL Pro,2000,M020,Natural Flavors,100,05-06-25 19:14:48
P0819,Masala Potato Chips Pro XL Pro,2000,M011,Cheddar Cheese,1000,15-06-25 19:14:48
P0820,Orange Soft Drink Max Max XL XL,100,M001,Sugar,2000,20-06-25 19:14:48
P0820,Orange Soft Drink Max Max XL XL,100,M033,Vanillin,200,16-06-25 19:14:48
P0820,Orange Soft Drink Max Max XL XL,100,M003,Citric Acid,200,04-06-25 19:14:48
P0821,Cheese Nachos XL Max Max Mini,1000,M006,Corn,2000,02-06-25 19:14:48
P0821,Cheese Nachos XL Max Max Mini,1000,M002,Salt,500,29-05-25 19:14:48
P0821,Cheese Nachos XL Max Max Mini,1000,M013,Onion Powder,1000,22-06-25 19:14:48
P0822,Sweet Corn Puffs XL Mini Max XL,2000,M006,Corn,1000,29-05-25 19:14:48
P0822,Sweet Corn Puffs XL Mini Max XL,2000,M015,Maltodextrin,500,14-06-25 19:14:48
P0822,Sweet Corn Puffs XL Mini Max XL,2000,M009,Palm Oil,500,13-06-25 19:14:48
P0823,Masala Potato Chips Mini Family Pack Pro Max Family Pack Lite Pro Max,200,M014,Garlic Powder,100,28-05-25 19:14:48
P0823,Masala Potato Chips Mini Family Pack Pro Max Family Pack Lite Pro Max,200,M008,Sunflower Oil,2000,02-06-25 19:14:48
P0823,Masala Potato Chips Mini Family Pack Pro Max Family Pack Lite Pro Max,200,M011,Cheddar Cheese,200,03-06-25 19:14:48
P0824,Energy Drink - Citrus Mini Mini Mini,500,M024,Ascorbic Acid,1000,08-06-25 19:14:48
P0824,Energy Drink - Citrus Mini Mini Mini,500,M033,Vanillin,100,10-06-25 19:14:48
P0824,Energy Drink - Citrus Mini Mini Mini,500,M020,Natural Flavors,200,21-06-25 19:14:48
P0825,Lemon Soda Family Pack XL Max,2000,M037,Caramel Color,2000,09-06-25 19:14:48
P0825,Lemon Soda Family Pack XL Max,2000,M001,Sugar,2000,20-06-25 19:14:48
P0825,Lemon Soda Family Pack XL Max,2000,M033,Vanillin,200,12-06-25 19:14:48
P0826,Coffee Can Drink Lite Lite Pro Lite Max,500,M042,Acetic Acid,500,10-06-25 19:14:48
P0826,Coffee Can Drink Lite Lite Pro Lite Max,500,M024,Ascorbic Acid,100,16-06-25 19:14:48
P0826,Coffee Can Drink Lite Lite Pro Lite Max,500,M033,Vanillin,200,09-06-25 19:14:48
P0827,Chocolate Milk Drink Mini Max Family Pack Family Pack Pro Mini Mini Mini Pro,2000,M037,Caramel Color,500,06-06-25 19:14:48
P0827,Chocolate Milk Drink Mini Max Family Pack Family Pack Pro Mini Mini Mini Pro,2000,M024,Ascorbic Acid,1000,14-06-25 19:14:48
P0827,Chocolate Milk Drink Mini Max Family Pack Family Pack Pro Mini Mini Mini Pro,2000,M001,Sugar,500,20-06-25 19:14:48
P0828,Chocolate Milk Drink Mini Max Family Pack Pro Mini Lite Max,1000,M003,Citric Acid,500,09-06-25 19:14:48
P0828,Chocolate Milk Drink Mini Max Family Pack Pro Mini Lite Max,1000,M042,Acetic Acid,500,27-05-25 19:14:48
P0828,Chocolate Milk Drink Mini Max Family Pack Pro Mini Lite Max,1000,M024,Ascorbic Acid,1000,16-06-25 19:14:48
P0829,Honey Barbecue Chips XL,1000,M005,Potatoes,200,06-06-25 19:14:48
P0829,Honey Barbecue Chips XL,1000,M014,Garlic Powder,1000,15-06-25 19:14:48
P0829,Honey Barbecue Chips XL,1000,M020,Natural Flavors,500,16-06-25 19:14:48
P0830,Orange Soft Drink Mini Family Pack Pro XL Family Pack Mini,2000,M024,Ascorbic Acid,500,24-05-25 19:14:48
P0830,Orange Soft Drink Mini Family Pack Pro XL Family Pack Mini,2000,M003,Citric Acid,1000,06-06-25 19:14:48
P0830,Orange Soft Drink Mini Family Pack Pro XL Family Pack Mini,2000,M042,Acetic Acid,200,14-06-25 19:14:48
P0831,Classic Salted Wafers Family Pack Family Pack Family Pack Pro Family Pack,200,M013,Onion Powder,2000,05-06-25 19:14:48
P0831,Classic Salted Wafers Family Pack Family Pack Family Pack Pro Family Pack,200,M014,Garlic Powder,200,08-06-25 19:14:48
P0831,Classic Salted Wafers Family Pack Family Pack Family Pack Pro Family Pack,200,M008,Sunflower Oil,100,24-05-25 19:14:48
P0832,Butter Popcorn XL Lite XL XL,5000,M026,Cocoa Powder,2000,30-05-25 19:14:48
P0832,Butter Popcorn XL Lite XL XL,5000,M025,Soy Lecithin,200,24-05-25 19:14:48
P0832,Butter Popcorn XL Lite XL XL,5000,M038,Baking Powder,500,19-06-25 19:14:48
P0833,Orange Soft Drink Max Max Mini,5000,M024,Ascorbic Acid,200,28-05-25 19:14:48
P0833,Orange Soft Drink Max Max Mini,5000,M033,Vanillin,1000,02-06-25 19:14:48
P0833,Orange Soft Drink Max Max Mini,5000,M001,Sugar,100,06-06-25 19:14:48
P0834,Orange Soft Drink Mini Family Pack Pro Max XL,100,M001,Sugar,100,08-06-25 19:14:48
P0834,Orange Soft Drink Mini Family Pack Pro Max XL,100,M033,Vanillin,100,12-06-25 19:14:48
P0834,Orange Soft Drink Mini Family Pack Pro Max XL,100,M037,Caramel Color,1000,26-05-25 19:14:48
P0835,Milkshake - Strawberry Pro Lite Pro XL,2000,M025,Soy Lecithin,1000,10-06-25 19:14:48
P0835,Milkshake - Strawberry Pro Lite Pro XL,2000,M027,Milk Solids,2000,25-05-25 19:14:48
P0835,Milkshake - Strawberry Pro Lite Pro XL,2000,M016,Dextrose,2000,25-05-25 19:14:48
P0836,Masala Potato Chips Mini Mini Max Pro Mini Pro,1000,M020,Natural Flavors,1000,27-05-25 19:14:48
P0836,Masala Potato Chips Mini Mini Max Pro Mini Pro,1000,M019,Paprika Extract,500,18-06-25 19:14:48
P0836,Masala Potato Chips Mini Mini Max Pro Mini Pro,1000,M008,Sunflower Oil,200,10-06-25 19:14:48
P0837,Masala Potato Chips Pro Family Pack Pro XL,1000,M002,Salt,200,14-06-25 19:14:48
P0837,Masala Potato Chips Pro Family Pack Pro XL,1000,M005,Potatoes,100,20-06-25 19:14:48
P0837,Masala Potato Chips Pro Family Pack Pro XL,1000,M011,Cheddar Cheese,1000,03-06-25 19:14:48
P0838,Cola Beverage Family Pack XL,1000,M003,Citric Acid,500,29-05-25 19:14:48
P0838,Cola Beverage Family Pack XL,1000,M020,Natural Flavors,500,03-06-25 19:14:48
P0838,Cola Beverage Family Pack XL,1000,M024,Ascorbic Acid,500,25-05-25 19:14:48
P0839,Sweet Corn Puffs Lite Mini Lite Lite Max,200,M015,Maltodextrin,100,14-06-25 19:14:48
P0839,Sweet Corn Puffs Lite Mini Lite Lite Max,200,M020,Natural Flavors,2000,19-06-25 19:14:48
P0839,Sweet Corn Puffs Lite Mini Lite Lite Max,200,M002,Salt,2000,11-06-25 19:14:48
P0840,Lemon Soda Family Pack Lite Lite,200,M042,Acetic Acid,2000,26-05-25 19:14:48
P0840,Lemon Soda Family Pack Lite Lite,200,M037,Caramel Color,500,06-06-25 19:14:48
P0840,Lemon Soda Family Pack Lite Lite,200,M020,Natural Flavors,200,17-06-25 19:14:48
P0841,Iced Tea - Peach Mini Lite Pro Family Pack Pro,200,M020,Natural Flavors,200,12-06-25 19:14:48
P0841,Iced Tea - Peach Mini Lite Pro Family Pack Pro,200,M024,Ascorbic Acid,100,17-06-25 19:14:48
P0841,Iced Tea - Peach Mini Lite Pro Family Pack Pro,200,M033,Vanillin,2000,04-06-25 19:14:48
P0842,Sweet Corn Puffs XL Pro,2000,M020,Natural Flavors,100,25-05-25 19:14:48
P0842,Sweet Corn Puffs XL Pro,2000,M002,Salt,500,20-06-25 19:14:48
P0842,Sweet Corn Puffs XL Pro,2000,M006,Corn,500,17-06-25 19:14:48
P0843,Chocolate Milk Drink Mini Max Max XL Pro Mini Family Pack Mini,200,M024,Ascorbic Acid,200,16-06-25 19:14:48
P0843,Chocolate Milk Drink Mini Max Max XL Pro Mini Family Pack Mini,200,M001,Sugar,500,14-06-25 19:14:48
P0843,Chocolate Milk Drink Mini Max Max XL Pro Mini Family Pack Mini,200,M020,Natural Flavors,200,26-05-25 19:14:48
P0844,Iced Tea - Peach Mini Lite Pro Pro Mini,100,M033,Vanillin,1000,09-06-25 19:14:48
P0844,Iced Tea - Peach Mini Lite Pro Pro Mini,100,M020,Natural Flavors,200,30-05-25 19:14:48
P0844,Iced Tea - Peach Mini Lite Pro Pro Mini,100,M024,Ascorbic Acid,200,03-06-25 19:14:48
P0845,Orange Soft Drink Mini Family Pack Pro Max XL Family Pack,200,M037,Caramel Color,2000,31-05-25 19:14:48
P0845,Orange Soft Drink Mini Family Pack Pro Max XL Family Pack,200,M042,Acetic Acid,2000,08-06-25 19:14:48
P0845,Orange Soft Drink Mini Family Pack Pro Max XL Family Pack,200,M003,Citric Acid,200,08-06-25 19:14:48
P0846,Chocolate Milk Drink Mini Max Family Pack Pro Mini Lite XL Pro XL,100,M037,Caramel Color,2000,13-06-25 19:14:48
P0846,Chocolate Milk Drink Mini Max Family Pack Pro Mini Lite XL Pro XL,100,M020,Natural Flavors,100,10-06-25 19:14:48
P0846,Chocolate Milk Drink Mini Max Family Pack Pro Mini Lite XL Pro XL,100,M003,Citric Acid,500,14-06-25 19:14:48
P0847,Chocolate Milk Drink Mini Pro,500,M042,Acetic Acid,1000,26-05-25 19:14:48
P0847,Chocolate Milk Drink Mini Pro,500,M001,Sugar,1000,02-06-25 19:14:48
P0847,Chocolate Milk Drink Mini Pro,500,M020,Natural Flavors,500,28-05-25 19:14:48
P0848,Cheese Crackers Family Pack Pro Family Pack XL,1000,M002,Salt,500,22-06-25 19:14:48
P0848,Cheese Crackers Family Pack Pro Family Pack XL,1000,M027,Milk Solids,500,30-05-25 19:14:48
P0848,Cheese Crackers Family Pack Pro Family Pack XL,1000,M026,Cocoa Powder,200,20-06-25 19:14:48
P0849,Spicy Tortilla Chips Lite XL,500,M005,Potatoes,100,22-06-25 19:14:48
P0849,Spicy Tortilla Chips Lite XL,500,M014,Garlic Powder,100,22-06-25 19:14:48
P0849,Spicy Tortilla Chips Lite XL,500,M020,Natural Flavors,1000,20-06-25 19:14:48
P0850,Roasted Almonds Family Pack Family Pack XL Family Pack Lite Max,1000,M007,Vegetable Oil,100,05-06-25 19:14:48
P0850,Roasted Almonds Family Pack Family Pack XL Family Pack Lite Max,1000,M019,Paprika Extract,200,22-06-25 19:14:48
P0850,Roasted Almonds Family Pack Family Pack XL Family Pack Lite Max,1000,M015,Maltodextrin,2000,26-05-25 19:14:48
P0851,Classic Salted Wafers Family Pack Mini Pro Lite,1000,M013,Onion Powder,100,02-06-25 19:14:48
P0851,Classic Salted Wafers Family Pack Mini Pro Lite,1000,M019,Paprika Extract,100,19-06-25 19:14:48
P0851,Classic Salted Wafers Family Pack Mini Pro Lite,1000,M007,Vegetable Oil,100,28-05-25 19:14:48
P0852,Orange Soft Drink Max XL XL,1000,M020,Natural Flavors,500,09-06-25 19:14:48
P0852,Orange Soft Drink Max XL XL,1000,M033,Vanillin,200,24-05-25 19:14:48
P0852,Orange Soft Drink Max XL XL,1000,M003,Citric Acid,500,26-05-25 19:14:48
P0853,Snack Mix - Trail Max Pro XL Max Lite Max,100,M006,Corn,500,07-06-25 19:14:48
P0853,Snack Mix - Trail Max Pro XL Max Lite Max,100,M015,Maltodextrin,200,09-06-25 19:14:48
P0853,Snack Mix - Trail Max Pro XL Max Lite Max,100,M002,Salt,2000,04-06-25 19:14:48
P0854,Iced Tea - Peach Mini Lite Pro Family Pack Pro Lite,500,M003,Citric Acid,500,07-06-25 19:14:48
P0854,Iced Tea - Peach Mini Lite Pro Family Pack Pro Lite,500,M020,Natural Flavors,500,12-06-25 19:14:48
P0854,Iced Tea - Peach Mini Lite Pro Family Pack Pro Lite,500,M037,Caramel Color,2000,27-05-25 19:14:48
P0855,Chocolate Milk Drink Mini Max Mini Lite Pro Lite Max Lite,1000,M037,Caramel Color,500,18-06-25 19:14:48
P0855,Chocolate Milk Drink Mini Max Mini Lite Pro Lite Max Lite,1000,M042,Acetic Acid,200,29-05-25 19:14:48
P0855,Chocolate Milk Drink Mini Max Mini Lite Pro Lite Max Lite,1000,M020,Natural Flavors,1000,15-06-25 19:14:48
P0856,Tomato Flavored Chips Pro XL Pro XL,500,M005,Potatoes,1000,17-06-25 19:14:48
P0856,Tomato Flavored Chips Pro XL Pro XL,500,M007,Vegetable Oil,500,28-05-25 19:14:48
P0856,Tomato Flavored Chips Pro XL Pro XL,500,M011,Cheddar Cheese,200,26-05-25 19:14:48
P0857,Orange Soft Drink Max Mini Pro Pro Mini Mini Mini Lite,2000,M037,Caramel Color,500,05-06-25 19:14:48
P0857,Orange Soft Drink Max Mini Pro Pro Mini Mini Mini Lite,2000,M003,Citric Acid,1000,25-05-25 19:14:48
P0857,Orange Soft Drink Max Mini Pro Pro Mini Mini Mini Lite,2000,M001,Sugar,500,19-06-25 19:14:48
P0858,Cola Beverage Mini Pro Lite Mini XL,200,M020,Natural Flavors,2000,24-05-25 19:14:48
P0858,Cola Beverage Mini Pro Lite Mini XL,200,M001,Sugar,100,14-06-25 19:14:48
P0858,Cola Beverage Mini Pro Lite Mini XL,200,M033,Vanillin,500,24-05-25 19:14:48
P0859,Sweet Corn Puffs XL Mini Lite XL Family Pack Family Pack Mini,100,M009,Palm Oil,200,02-06-25 19:14:48
P0859,Sweet Corn Puffs XL Mini Lite XL Family Pack Family Pack Mini,100,M006,Corn,100,17-06-25 19:14:48
P0859,Sweet Corn Puffs XL Mini Lite XL Family Pack Family Pack Mini,100,M003,Citric Acid,1000,15-06-25 19:14:48
P0860,Snack Mix - Trail Max Pro XL Max Lite Family Pack XL,2000,M006,Corn,500,27-05-25 19:14:48
P0860,Snack Mix - Trail Max Pro XL Max Lite Family Pack XL,2000,M002,Salt,500,25-05-25 19:14:48
P0860,Snack Mix - Trail Max Pro XL Max Lite Family Pack XL,2000,M015,Maltodextrin,100,03-06-25 19:14:48
P0861,Chocolate Milk Drink Mini Max Family Pack Pro Mini Lite XL Pro Pro XL Family Pack Max Family Pack,1000,M001,Sugar,200,16-06-25 19:14:48
P0861,Chocolate Milk Drink Mini Max Family Pack Pro Mini Lite XL Pro Pro XL Family Pack Max Family Pack,1000,M033,Vanillin,100,15-06-25 19:14:48
P0861,Chocolate Milk Drink Mini Max Family Pack Pro Mini Lite XL Pro Pro XL Family Pack Max Family Pack,1000,M003,Citric Acid,100,05-06-25 19:14:48
P0862,Chocolate Milk Drink Mini Max Family Pack Pro Mini Lite XL Max Family Pack XL Lite,5000,M001,Sugar,500,05-06-25 19:14:48
P0862,Chocolate Milk Drink Mini Max Family Pack Pro Mini Lite XL Max Family Pack XL Lite,5000,M024,Ascorbic Acid,2000,10-06-25 19:14:48
P0862,Chocolate Milk Drink Mini Max Family Pack Pro Mini Lite XL Max Family Pack XL Lite,5000,M033,Vanillin,100,15-06-25 19:14:48
P0863,Snack Mix - Trail Max Pro XL Lite Max Pro,200,M020,Natural Flavors,2000,10-06-25 19:14:48
P0863,Snack Mix - Trail Max Pro XL Lite Max Pro,200,M009,Palm Oil,500,18-06-25 19:14:48
P0863,Snack Mix - Trail Max Pro XL Lite Max Pro,200,M002,Salt,200,20-06-25 19:14:48
P0864,Roasted Almonds Family Pack Family Pack XL Family Pack Lite Max Pro,5000,M019,Paprika Extract,100,28-05-25 19:14:48
P0864,Roasted Almonds Family Pack Family Pack XL Family Pack Lite Max Pro,5000,M002,Salt,500,20-06-25 19:14:48
P0864,Roasted Almonds Family Pack Family Pack XL Family Pack Lite Max Pro,5000,M015,Maltodextrin,500,14-06-25 19:14:48
P0865,Orange Soft Drink Max Max XL XL Mini,5000,M001,Sugar,1000,31-05-25 19:14:48
P0865,Orange Soft Drink Max Max XL XL Mini,5000,M024,Ascorbic Acid,100,14-06-25 19:14:48
P0865,Orange Soft Drink Max Max XL XL Mini,5000,M020,Natural Flavors,100,24-05-25 19:14:48
P0866,Orange Soft Drink Mini Family Pack Pro Pro,100,M024,Ascorbic Acid,2000,10-06-25 19:14:48
P0866,Orange Soft Drink Mini Family Pack Pro Pro,100,M003,Citric Acid,500,14-06-25 19:14:48
P0866,Orange Soft Drink Mini Family Pack Pro Pro,100,M033,Vanillin,2000,08-06-25 19:14:48
P0867,Sweet Corn Puffs XL Mini Lite XL Lite Family Pack Mini Lite,200,M020,Natural Flavors,500,01-06-25 19:14:48
P0867,Sweet Corn Puffs XL Mini Lite XL Lite Family Pack Mini Lite,200,M015,Maltodextrin,200,29-05-25 19:14:48
P0867,Sweet Corn Puffs XL Mini Lite XL Lite Family Pack Mini Lite,200,M002,Salt,100,08-06-25 19:14:48
P0868,Energy Drink - Citrus Mini XL Family Pack Max Pro,200,M042,Acetic Acid,100,04-06-25 19:14:48
P0868,Energy Drink - Citrus Mini XL Family Pack Max Pro,200,M020,Natural Flavors,2000,30-05-25 19:14:48
P0868,Energy Drink - Citrus Mini XL Family Pack Max Pro,200,M037,Caramel Color,100,12-06-25 19:14:48
P0869,Mint Flavored Soda Lite,200,M024,Ascorbic Acid,2000,05-06-25 19:14:48
P0869,Mint Flavored Soda Lite,200,M037,Caramel Color,2000,20-06-25 19:14:48
P0869,Mint Flavored Soda Lite,200,M033,Vanillin,100,03-06-25 19:14:48
P0870,Chocolate Milk Drink Mini Max Family Pack Pro Mini Lite Mini Family Pack Mini,100,M020,Natural Flavors,2000,01-06-25 19:14:48
P0870,Chocolate Milk Drink Mini Max Family Pack Pro Mini Lite Mini Family Pack Mini,100,M042,Acetic Acid,100,11-06-25 19:14:48
P0870,Chocolate Milk Drink Mini Max Family Pack Pro Mini Lite Mini Family Pack Mini,100,M033,Vanillin,500,17-06-25 19:14:48
P0871,Mint Flavored Soda Mini Lite Lite Lite Mini Pro Lite,1000,M001,Sugar,2000,10-06-25 19:14:48
P0871,Mint Flavored Soda Mini Lite Lite Lite Mini Pro Lite,1000,M033,Vanillin,100,10-06-25 19:14:48
P0871,Mint Flavored Soda Mini Lite Lite Lite Mini Pro Lite,1000,M024,Ascorbic Acid,1000,27-05-25 19:14:48
P0872,Orange Soft Drink Max Max XL Pro Pro,100,M033,Vanillin,500,10-06-25 19:14:48
P0872,Orange Soft Drink Max Max XL Pro Pro,100,M020,Natural Flavors,2000,17-06-25 19:14:48
P0872,Orange Soft Drink Max Max XL Pro Pro,100,M001,Sugar,2000,04-06-25 19:14:48
P0873,Chocolate Milk Drink Mini Max Mini Lite Pro Family Pack,200,M033,Vanillin,100,14-06-25 19:14:48
P0873,Chocolate Milk Drink Mini Max Mini Lite Pro Family Pack,200,M042,Acetic Acid,500,02-06-25 19:14:48
P0873,Chocolate Milk Drink Mini Max Mini Lite Pro Family Pack,200,M037,Caramel Color,200,18-06-25 19:14:48
P0874,Energy Drink - Citrus Mini Family Pack Family Pack XL Pro,500,M033,Vanillin,200,27-05-25 19:14:48
P0874,Energy Drink - Citrus Mini Family Pack Family Pack XL Pro,500,M024,Ascorbic Acid,2000,12-06-25 19:14:49
P0874,Energy Drink - Citrus Mini Family Pack Family Pack XL Pro,500,M042,Acetic Acid,200,27-05-25 19:14:49
P0875,Chocolate Milk Drink Mini Max Family Pack Pro XL Lite XL Mini,5000,M003,Citric Acid,2000,16-06-25 19:14:49
P0875,Chocolate Milk Drink Mini Max Family Pack Pro XL Lite XL Mini,5000,M001,Sugar,1000,14-06-25 19:14:49
P0875,Chocolate Milk Drink Mini Max Family Pack Pro XL Lite XL Mini,5000,M024,Ascorbic Acid,100,20-06-25 19:14:49
P0876,Masala Potato Chips Mini Mini Max Max Pro Family Pack,2000,M011,Cheddar Cheese,2000,17-06-25 19:14:49
P0876,Masala Potato Chips Mini Mini Max Max Pro Family Pack,2000,M019,Paprika Extract,200,19-06-25 19:14:49
P0876,Masala Potato Chips Mini Mini Max Max Pro Family Pack,2000,M005,Potatoes,1000,27-05-25 19:14:49
P0877,Chocolate Milk Drink Mini Max Family Pack Family Pack Pro Mini Mini Mini Max,100,M024,Ascorbic Acid,2000,31-05-25 19:14:49
P0877,Chocolate Milk Drink Mini Max Family Pack Family Pack Pro Mini Mini Mini Max,100,M033,Vanillin,200,01-06-25 19:14:49
P0877,Chocolate Milk Drink Mini Max Family Pack Family Pack Pro Mini Mini Mini Max,100,M037,Caramel Color,100,16-06-25 19:14:49
P0878,Butter Popcorn Max Family Pack Max Max,100,M001,Sugar,500,24-05-25 19:14:49
P0878,Butter Popcorn Max Family Pack Max Max,100,M025,Soy Lecithin,2000,10-06-25 19:14:49
P0878,Butter Popcorn Max Family Pack Max Max,100,M033,Vanillin,200,07-06-25 19:14:49
P0879,Chocolate Milk Drink Mini Max Family Pack Pro Mini Lite XL Max Family Pack XL Mini,100,M001,Sugar,500,22-06-25 19:14:49
P0879,Chocolate Milk Drink Mini Max Family Pack Pro Mini Lite XL Max Family Pack XL Mini,100,M042,Acetic Acid,100,01-06-25 19:14:49
P0879,Chocolate Milk Drink Mini Max Family Pack Pro Mini Lite XL Max Family Pack XL Mini,100,M033,Vanillin,1000,11-06-25 19:14:49
P0880,Mint Flavored Soda Mini Lite XL XL,1000,M001,Sugar,200,17-06-25 19:14:49
P0880,Mint Flavored Soda Mini Lite XL XL,1000,M020,Natural Flavors,100,08-06-25 19:14:49
P0880,Mint Flavored Soda Mini Lite XL XL,1000,M033,Vanillin,500,17-06-25 19:14:49
P0881,Masala Potato Chips Mini Mini Lite XL,100,M014,Garlic Powder,200,21-06-25 19:14:49
P0881,Masala Potato Chips Mini Mini Lite XL,100,M005,Potatoes,1000,03-06-25 19:14:49
P0881,Masala Potato Chips Mini Mini Lite XL,100,M013,Onion Powder,200,15-06-25 19:14:49
P0882,Chocolate Milk Drink Mini Max Max XL Pro Mini XL,2000,M037,Caramel Color,200,13-06-25 19:14:49
P0882,Chocolate Milk Drink Mini Max Max XL Pro Mini XL,2000,M020,Natural Flavors,500,12-06-25 19:14:49
P0882,Chocolate Milk Drink Mini Max Max XL Pro Mini XL,2000,M024,Ascorbic Acid,1000,05-06-25 19:14:49
P0883,Masala Potato Chips Lite Lite Pro,5000,M013,Onion Powder,1000,24-05-25 19:14:49
P0883,Masala Potato Chips Lite Lite Pro,5000,M020,Natural Flavors,200,05-06-25 19:14:49
P0883,Masala Potato Chips Lite Lite Pro,5000,M019,Paprika Extract,100,12-06-25 19:14:49
P0884,Sweet Corn Puffs Family Pack Mini Max XL Family Pack,2000,M002,Salt,200,31-05-25 19:14:49
P0884,Sweet Corn Puffs Family Pack Mini Max XL Family Pack,2000,M015,Maltodextrin,2000,04-06-25 19:14:49
P0884,Sweet Corn Puffs Family Pack Mini Max XL Family Pack,2000,M020,Natural Flavors,1000,20-06-25 19:14:49
P0885,Roasted Almonds Family Pack Family Pack XL Family Pack Lite Max XL,1000,M002,Salt,100,19-06-25 19:14:49
P0885,Roasted Almonds Family Pack Family Pack XL Family Pack Lite Max XL,1000,M015,Maltodextrin,500,05-06-25 19:14:49
P0885,Roasted Almonds Family Pack Family Pack XL Family Pack Lite Max XL,1000,M019,Paprika Extract,500,08-06-25 19:14:49
P0886,Chocolate Milk Drink XL Lite Family Pack,500,M042,Acetic Acid,2000,30-05-25 19:14:49
P0886,Chocolate Milk Drink XL Lite Family Pack,500,M024,Ascorbic Acid,100,17-06-25 19:14:49
P0886,Chocolate Milk Drink XL Lite Family Pack,500,M020,Natural Flavors,500,29-05-25 19:14:49
P0887,Chocolate Milk Drink Mini Max XL Family Pack XL XL,500,M037,Caramel Color,200,14-06-25 19:14:49
P0887,Chocolate Milk Drink Mini Max XL Family Pack XL XL,500,M024,Ascorbic Acid,1000,18-06-25 19:14:49
P0887,Chocolate Milk Drink Mini Max XL Family Pack XL XL,500,M001,Sugar,2000,04-06-25 19:14:49
P0888,Masala Potato Chips Mini Family Pack Pro Max Family Pack Lite Pro Max Lite,2000,M008,Sunflower Oil,100,06-06-25 19:14:49
P0888,Masala Potato Chips Mini Family Pack Pro Max Family Pack Lite Pro Max Lite,2000,M011,Cheddar Cheese,2000,05-06-25 19:14:49
P0888,Masala Potato Chips Mini Family Pack Pro Max Family Pack Lite Pro Max Lite,2000,M020,Natural Flavors,1000,13-06-25 19:14:49
P0889,Chocolate Milk Drink Pro Max Mini Mini XL Family Pack,1000,M024,Ascorbic Acid,100,30-05-25 19:14:49
P0889,Chocolate Milk Drink Pro Max Mini Mini XL Family Pack,1000,M003,Citric Acid,200,27-05-25 19:14:49
P0889,Chocolate Milk Drink Pro Max Mini Mini XL Family Pack,1000,M033,Vanillin,2000,07-06-25 19:14:49
P0890,Spicy Tortilla Chips Lite Max,200,M005,Potatoes,1000,28-05-25 19:14:49
P0890,Spicy Tortilla Chips Lite Max,200,M013,Onion Powder,1000,06-06-25 19:14:49
P0890,Spicy Tortilla Chips Lite Max,200,M002,Salt,100,04-06-25 19:14:49
P0891,Energy Drink - Citrus XL Family Pack Lite,500,M042,Acetic Acid,500,31-05-25 19:14:49
P0891,Energy Drink - Citrus XL Family Pack Lite,500,M024,Ascorbic Acid,500,14-06-25 19:14:49
P0891,Energy Drink - Citrus XL Family Pack Lite,500,M037,Caramel Color,2000,11-06-25 19:14:49
P0892,Sweet Corn Puffs Family Pack Max Pro,2000,M002,Salt,200,18-06-25 19:14:49
P0892,Sweet Corn Puffs Family Pack Max Pro,2000,M003,Citric Acid,200,17-06-25 19:14:49
P0892,Sweet Corn Puffs Family Pack Max Pro,2000,M009,Palm Oil,200,29-05-25 19:14:49
P0893,Tomato Flavored Chips Pro XL Lite Pro XL Max XL Mini,100,M020,Natural Flavors,1000,17-06-25 19:14:49
P0893,Tomato Flavored Chips Pro XL Lite Pro XL Max XL Mini,100,M007,Vegetable Oil,200,06-06-25 19:14:49
P0893,Tomato Flavored Chips Pro XL Lite Pro XL Max XL Mini,100,M019,Paprika Extract,2000,24-05-25 19:14:49
P0894,Iced Tea - Peach Pro Lite,5000,M003,Citric Acid,500,29-05-25 19:14:49
P0894,Iced Tea - Peach Pro Lite,5000,M024,Ascorbic Acid,2000,17-06-25 19:14:49
P0894,Iced Tea - Peach Pro Lite,5000,M001,Sugar,1000,20-06-25 19:14:49
P0895,Chocolate Milk Drink Mini Max Family Pack Pro Mini Family Pack Max Family Pack Mini Pro Family Pack XL,500,M001,Sugar,2000,20-06-25 19:14:49
P0895,Chocolate Milk Drink Mini Max Family Pack Pro Mini Family Pack Max Family Pack Mini Pro Family Pack XL,500,M033,Vanillin,500,29-05-25 19:14:49
P0895,Chocolate Milk Drink Mini Max Family Pack Pro Mini Family Pack Max Family Pack Mini Pro Family Pack XL,500,M042,Acetic Acid,500,27-05-25 19:14:49
P0896,Tomato Flavored Chips Max Pro Mini Mini,100,M019,Paprika Extract,100,01-06-25 19:14:49
P0896,Tomato Flavored Chips Max Pro Mini Mini,100,M011,Cheddar Cheese,500,13-06-25 19:14:49
P0896,Tomato Flavored Chips Max Pro Mini Mini,100,M014,Garlic Powder,100,12-06-25 19:14:49
P0897,Orange Soft Drink Mini Max Family Pack Family Pack Family Pack Mini,100,M033,Vanillin,100,28-05-25 19:14:49
P0897,Orange Soft Drink Mini Max Family Pack Family Pack Family Pack Mini,100,M001,Sugar,2000,13-06-25 19:14:49
P0897,Orange Soft Drink Mini Max Family Pack Family Pack Family Pack Mini,100,M003,Citric Acid,1000,21-06-25 19:14:49
P0898,Chocolate Milk Drink Mini Max Family Pack Pro Mini Lite Mini XL Lite Pro,5000,M042,Acetic Acid,200,18-06-25 19:14:49
P0898,Chocolate Milk Drink Mini Max Family Pack Pro Mini Lite Mini XL Lite Pro,5000,M003,Citric Acid,2000,05-06-25 19:14:49
P0898,Chocolate Milk Drink Mini Max Family Pack Pro Mini Lite Mini XL Lite Pro,5000,M001,Sugar,100,11-06-25 19:14:49
P0899,Orange Soft Drink Max Mini Pro Mini Pro Lite,200,M003,Citric Acid,100,16-06-25 19:14:49
P0899,Orange Soft Drink Max Mini Pro Mini Pro Lite,200,M024,Ascorbic Acid,100,25-05-25 19:14:49
P0899,Orange Soft Drink Max Mini Pro Mini Pro Lite,200,M033,Vanillin,100,12-06-25 19:14:49
P0900,Masala Potato Chips XL XL Family Pack Max,5000,M011,Cheddar Cheese,200,30-05-25 19:14:49
P0900,Masala Potato Chips XL XL Family Pack Max,5000,M014,Garlic Powder,200,20-06-25 19:14:49
P0900,Masala Potato Chips XL XL Family Pack Max,5000,M002,Salt,2000,27-05-25 19:14:49
P0901,Cola Beverage Mini Family Pack Family Pack Family Pack Pro,1000,M024,Ascorbic Acid,200,07-06-25 19:14:49
P0901,Cola Beverage Mini Family Pack Family Pack Family Pack Pro,1000,M020,Natural Flavors,100,11-06-25 19:14:49
P0901,Cola Beverage Mini Family Pack Family Pack Family Pack Pro,1000,M001,Sugar,1000,05-06-25 19:14:49
P0902,Mint Flavored Soda Mini Lite Lite Family Pack XL,2000,M020,Natural Flavors,2000,28-05-25 19:14:49
P0902,Mint Flavored Soda Mini Lite Lite Family Pack XL,2000,M003,Citric Acid,100,31-05-25 19:14:49
P0902,Mint Flavored Soda Mini Lite Lite Family Pack XL,2000,M024,Ascorbic Acid,1000,26-05-25 19:14:49
P0903,Chocolate Milk Drink Mini Max Family Pack Pro Mini Lite XL Max Family Pack XL Mini Pro,1000,M001,Sugar,1000,15-06-25 19:14:49
P0903,Chocolate Milk Drink Mini Max Family Pack Pro Mini Lite XL Max Family Pack XL Mini Pro,1000,M003,Citric Acid,500,10-06-25 19:14:49
P0903,Chocolate Milk Drink Mini Max Family Pack Pro Mini Lite XL Max Family Pack XL Mini Pro,1000,M042,Acetic Acid,2000,08-06-25 19:14:49
P0904,Cheese Crackers Family Pack Mini Max Max Pro,100,M001,Sugar,1000,13-06-25 19:14:49
P0904,Cheese Crackers Family Pack Mini Max Max Pro,100,M038,Baking Powder,1000,12-06-25 19:14:49
P0904,Cheese Crackers Family Pack Mini Max Max Pro,100,M025,Soy Lecithin,2000,02-06-25 19:14:49
P0905,Spicy Tortilla Chips Lite XL Max,100,M019,Paprika Extract,1000,01-06-25 19:14:49
P0905,Spicy Tortilla Chips Lite XL Max,100,M014,Garlic Powder,500,20-06-25 19:14:49
P0905,Spicy Tortilla Chips Lite XL Max,100,M008,Sunflower Oil,500,03-06-25 19:14:49
P0906,Milkshake - Strawberry Pro Lite Pro Pro,100,M027,Milk Solids,2000,31-05-25 19:14:49
P0906,Milkshake - Strawberry Pro Lite Pro Pro,100,M010,Whey Protein,100,01-06-25 19:14:49
P0906,Milkshake - Strawberry Pro Lite Pro Pro,100,M028,Skimmed Milk Powder,1000,06-06-25 19:14:49
P0907,Tomato Flavored Chips Pro XL Lite Pro Family Pack,2000,M014,Garlic Powder,1000,09-06-25 19:14:49
P0907,Tomato Flavored Chips Pro XL Lite Pro Family Pack,2000,M007,Vegetable Oil,100,02-06-25 19:14:49
P0907,Tomato Flavored Chips Pro XL Lite Pro Family Pack,2000,M020,Natural Flavors,200,18-06-25 19:14:49
P0908,Classic Salted Wafers Family Pack Mini Mini Max,5000,M002,Salt,100,06-06-25 19:14:49
P0908,Classic Salted Wafers Family Pack Mini Mini Max,5000,M011,Cheddar Cheese,100,07-06-25 19:14:49
P0908,Classic Salted Wafers Family Pack Mini Mini Max,5000,M005,Potatoes,2000,28-05-25 19:14:49
P0909,Chocolate Chip Cookies Max Pro Lite,2000,M005,Potatoes,1000,13-06-25 19:14:49
P0909,Chocolate Chip Cookies Max Pro Lite,2000,M014,Garlic Powder,2000,29-05-25 19:14:49
P0909,Chocolate Chip Cookies Max Pro Lite,2000,M013,Onion Powder,500,20-06-25 19:14:49
P0910,Masala Potato Chips Mini Family Pack Pro Max Max Family Pack XL XL,5000,M013,Onion Powder,1000,05-06-25 19:14:49
P0910,Masala Potato Chips Mini Family Pack Pro Max Max Family Pack XL XL,5000,M019,Paprika Extract,1000,02-06-25 19:14:49
P0910,Masala Potato Chips Mini Family Pack Pro Max Max Family Pack XL XL,5000,M002,Salt,1000,25-05-25 19:14:49
P0911,Orange Soft Drink Family Pack Pro Mini Lite,1000,M020,Natural Flavors,1000,13-06-25 19:14:49
P0911,Orange Soft Drink Family Pack Pro Mini Lite,1000,M001,Sugar,1000,19-06-25 19:14:49
P0911,Orange Soft Drink Family Pack Pro Mini Lite,1000,M037,Caramel Color,1000,27-05-25 19:14:49
P0912,Roasted Almonds Family Pack Family Pack XL Pro Pro,2000,M015,Maltodextrin,2000,10-06-25 19:14:49
P0912,Roasted Almonds Family Pack Family Pack XL Pro Pro,2000,M019,Paprika Extract,500,16-06-25 19:14:49
P0912,Roasted Almonds Family Pack Family Pack XL Pro Pro,2000,M002,Salt,100,13-06-25 19:14:49
P0913,Milkshake - Strawberry Family Pack Max Lite,100,M027,Milk Solids,500,08-06-25 19:14:49
P0913,Milkshake - Strawberry Family Pack Max Lite,100,M010,Whey Protein,500,13-06-25 19:14:49
P0913,Milkshake - Strawberry Family Pack Max Lite,100,M028,Skimmed Milk Powder,2000,04-06-25 19:14:49
P0914,Energy Drink - Citrus Mini Mini Pro,5000,M033,Vanillin,200,22-06-25 19:14:49
P0914,Energy Drink - Citrus Mini Mini Pro,5000,M024,Ascorbic Acid,500,18-06-25 19:14:49
P0914,Energy Drink - Citrus Mini Mini Pro,5000,M003,Citric Acid,100,24-05-25 19:14:49
P0915,Masala Potato Chips Mini Mini Max Max Pro Family Pack Max,200,M013,Onion Powder,200,01-06-25 19:14:49
P0915,Masala Potato Chips Mini Mini Max Max Pro Family Pack Max,200,M005,Potatoes,500,01-06-25 19:14:49
P0915,Masala Potato Chips Mini Mini Max Max Pro Family Pack Max,200,M008,Sunflower Oil,2000,02-06-25 19:14:49
P0916,Roasted Almonds Family Pack Family Pack XL Family Pack Lite Max Lite,2000,M007,Vegetable Oil,2000,06-06-25 19:14:49
P0916,Roasted Almonds Family Pack Family Pack XL Family Pack Lite Max Lite,2000,M002,Salt,500,04-06-25 19:14:49
P0916,Roasted Almonds Family Pack Family Pack XL Family Pack Lite Max Lite,2000,M019,Paprika Extract,200,21-06-25 19:14:49
P0917,Roasted Almonds Family Pack Family Pack XL Family Pack Lite Max XL XL,2000,M002,Salt,200,22-06-25 19:14:49
P0917,Roasted Almonds Family Pack Family Pack XL Family Pack Lite Max XL XL,2000,M007,Vegetable Oil,500,24-05-25 19:14:49
P0917,Roasted Almonds Family Pack Family Pack XL Family Pack Lite Max XL XL,2000,M019,Paprika Extract,100,12-06-25 19:14:49
P0918,Tomato Flavored Chips Pro XL Lite Pro XL Max Mini,1000,M019,Paprika Extract,200,13-06-25 19:14:49
P0918,Tomato Flavored Chips Pro XL Lite Pro XL Max Mini,1000,M002,Salt,200,18-06-25 19:14:49
P0918,Tomato Flavored Chips Pro XL Lite Pro XL Max Mini,1000,M005,Potatoes,1000,06-06-25 19:14:49
P0919,Mint Flavored Soda Mini Lite Pro Mini,2000,M024,Ascorbic Acid,2000,16-06-25 19:14:49
P0919,Mint Flavored Soda Mini Lite Pro Mini,2000,M033,Vanillin,200,12-06-25 19:14:49
P0919,Mint Flavored Soda Mini Lite Pro Mini,2000,M020,Natural Flavors,500,16-06-25 19:14:49
P0920,Salted Potato Chips Mini,2000,M019,Paprika Extract,500,13-06-25 19:14:49
P0920,Salted Potato Chips Mini,2000,M020,Natural Flavors,2000,17-06-25 19:14:49
P0920,Salted Potato Chips Mini,2000,M013,Onion Powder,1000,30-05-25 19:14:49
P0921,Snack Mix - Trail Pro Family Pack Mini Pro,100,M009,Palm Oil,200,09-06-25 19:14:49
P0921,Snack Mix - Trail Pro Family Pack Mini Pro,100,M015,Maltodextrin,500,14-06-25 19:14:49
P0921,Snack Mix - Trail Pro Family Pack Mini Pro,100,M002,Salt,100,13-06-25 19:14:49
P0922,Sweet Corn Puffs XL Mini Lite Lite Lite,500,M015,Maltodextrin,200,07-06-25 19:14:49
P0922,Sweet Corn Puffs XL Mini Lite Lite Lite,500,M006,Corn,100,13-06-25 19:14:49
P0922,Sweet Corn Puffs XL Mini Lite Lite Lite,500,M003,Citric Acid,2000,03-06-25 19:14:49
P0923,Chocolate Milk Drink Pro Max Mini Mini XL Family Pack Family Pack,5000,M037,Caramel Color,1000,19-06-25 19:14:49
P0923,Chocolate Milk Drink Pro Max Mini Mini XL Family Pack Family Pack,5000,M003,Citric Acid,100,16-06-25 19:14:49
P0923,Chocolate Milk Drink Pro Max Mini Mini XL Family Pack Family Pack,5000,M024,Ascorbic Acid,500,16-06-25 19:14:49
P0924,Butter Popcorn Max Lite Family Pack Family Pack Pro,5000,M038,Baking Powder,100,13-06-25 19:14:49
P0924,Butter Popcorn Max Lite Family Pack Family Pack Pro,5000,M001,Sugar,500,17-06-25 19:14:49
P0924,Butter Popcorn Max Lite Family Pack Family Pack Pro,5000,M027,Milk Solids,1000,30-05-25 19:14:49
P0925,Mint Flavored Soda Max Mini Family Pack XL XL,1000,M024,Ascorbic Acid,2000,17-06-25 19:14:49
P0925,Mint Flavored Soda Max Mini Family Pack XL XL,1000,M001,Sugar,100,08-06-25 19:14:49
P0925,Mint Flavored Soda Max Mini Family Pack XL XL,1000,M020,Natural Flavors,500,20-06-25 19:14:49
P0926,Sweet Corn Puffs XL Mini Lite XL Lite Family Pack Mini Family Pack Mini Pro,1000,M020,Natural Flavors,1000,11-06-25 19:14:49
P0926,Sweet Corn Puffs XL Mini Lite XL Lite Family Pack Mini Family Pack Mini Pro,1000,M006,Corn,100,08-06-25 19:14:49
P0926,Sweet Corn Puffs XL Mini Lite XL Lite Family Pack Mini Family Pack Mini Pro,1000,M009,Palm Oil,100,27-05-25 19:14:49
P0927,Cheese Crackers Max Lite Family Pack,500,M027,Milk Solids,1000,09-06-25 19:14:49
P0927,Cheese Crackers Max Lite Family Pack,500,M025,Soy Lecithin,2000,31-05-25 19:14:49
P0927,Cheese Crackers Max Lite Family Pack,500,M033,Vanillin,500,28-05-25 19:14:49
P0928,Chocolate Milk Drink Mini Max Family Pack Pro Mini Lite XL Pro XL Max,200,M033,Vanillin,500,20-06-25 19:14:49
P0928,Chocolate Milk Drink Mini Max Family Pack Pro Mini Lite XL Pro XL Max,200,M024,Ascorbic Acid,200,31-05-25 19:14:49
P0928,Chocolate Milk Drink Mini Max Family Pack Pro Mini Lite XL Pro XL Max,200,M042,Acetic Acid,100,30-05-25 19:14:49
P0929,Roasted Almonds Family Pack Family Pack XL Family Pack Lite Max Pro Family Pack,2000,M002,Salt,100,30-05-25 19:14:49
P0929,Roasted Almonds Family Pack Family Pack XL Family Pack Lite Max Pro Family Pack,2000,M019,Paprika Extract,200,24-05-25 19:14:49
P0929,Roasted Almonds Family Pack Family Pack XL Family Pack Lite Max Pro Family Pack,2000,M015,Maltodextrin,200,19-06-25 19:14:49
P0930,Chocolate Milk Drink Mini Max Max XL Pro Mini Family Pack XL,1000,M001,Sugar,2000,20-06-25 19:14:49
P0930,Chocolate Milk Drink Mini Max Max XL Pro Mini Family Pack XL,1000,M033,Vanillin,100,26-05-25 19:14:49
P0930,Chocolate Milk Drink Mini Max Max XL Pro Mini Family Pack XL,1000,M024,Ascorbic Acid,500,01-06-25 19:14:49
P0931,Whey Protein Bar Family Pack Mini Mini Lite,1000,M033,Vanillin,200,22-06-25 19:14:49
P0931,Whey Protein Bar Family Pack Mini Mini Lite,1000,M025,Soy Lecithin,2000,02-06-25 19:14:49
P0931,Whey Protein Bar Family Pack Mini Mini Lite,1000,M027,Milk Solids,500,12-06-25 19:14:49
P0932,Sweet Corn Puffs XL Mini Mini Lite,5000,M020,Natural Flavors,500,15-06-25 19:14:49
P0932,Sweet Corn Puffs XL Mini Mini Lite,5000,M002,Salt,200,10-06-25 19:14:49
P0932,Sweet Corn Puffs XL Mini Mini Lite,5000,M015,Maltodextrin,1000,01-06-25 19:14:49
P0933,Spicy Tortilla Chips Lite Mini Family Pack Mini,5000,M002,Salt,1000,15-06-25 19:14:49
P0933,Spicy Tortilla Chips Lite Mini Family Pack Mini,5000,M005,Potatoes,500,24-05-25 19:14:49
P0933,Spicy Tortilla Chips Lite Mini Family Pack Mini,5000,M020,Natural Flavors,2000,15-06-25 19:14:49
P0934,Cheese Nachos Lite Family Pack Lite Family Pack,200,M012,Tomato Powder,2000,11-06-25 19:14:49
P0934,Cheese Nachos Lite Family Pack Lite Family Pack,200,M011,Cheddar Cheese,500,13-06-25 19:14:49
P0934,Cheese Nachos Lite Family Pack Lite Family Pack,200,M007,Vegetable Oil,200,10-06-25 19:14:49
P0935,Iced Tea - Peach Mini Lite Pro XL Mini Family Pack XL Family Pack Pro Family Pack Max Mini XL,500,M001,Sugar,500,25-05-25 19:14:49
P0935,Iced Tea - Peach Mini Lite Pro XL Mini Family Pack XL Family Pack Pro Family Pack Max Mini XL,500,M033,Vanillin,1000,22-06-25 19:14:49
P0935,Iced Tea - Peach Mini Lite Pro XL Mini Family Pack XL Family Pack Pro Family Pack Max Mini XL,500,M003,Citric Acid,100,22-06-25 19:14:49
P0936,Cheese Crackers Family Pack Mini XL Family Pack XL Family Pack,2000,M033,Vanillin,500,08-06-25 19:14:49
P0936,Cheese Crackers Family Pack Mini XL Family Pack XL Family Pack,2000,M027,Milk Solids,1000,11-06-25 19:14:49
P0936,Cheese Crackers Family Pack Mini XL Family Pack XL Family Pack,2000,M026,Cocoa Powder,2000,06-06-25 19:14:49
P0937,Sweet Corn Puffs XL Mini Lite Family Pack Mini Lite Lite Max XL Max,100,M015,Maltodextrin,2000,31-05-25 19:14:49
P0937,Sweet Corn Puffs XL Mini Lite Family Pack Mini Lite Lite Max XL Max,100,M006,Corn,200,28-05-25 19:14:49
P0937,Sweet Corn Puffs XL Mini Lite Family Pack Mini Lite Lite Max XL Max,100,M009,Palm Oil,1000,17-06-25 19:14:49
P0938,Cheese Crackers Lite Mini Pro,5000,M025,Soy Lecithin,500,18-06-25 19:14:49
P0938,Cheese Crackers Lite Mini Pro,5000,M001,Sugar,100,05-06-25 19:14:49
P0938,Cheese Crackers Lite Mini Pro,5000,M026,Cocoa Powder,200,14-06-25 19:14:49
P0939,Milkshake - Strawberry Pro Lite Pro XL Family Pack,1000,M027,Milk Solids,500,18-06-25 19:14:49
P0939,Milkshake - Strawberry Pro Lite Pro XL Family Pack,1000,M028,Skimmed Milk Powder,500,12-06-25 19:14:49
P0939,Milkshake - Strawberry Pro Lite Pro XL Family Pack,1000,M016,Dextrose,1000,09-06-25 19:14:49
P0940,Sweet Corn Puffs XL Mini Lite XL Pro Pro Lite Lite Pro Max,2000,M006,Corn,500,16-06-25 19:14:49
P0940,Sweet Corn Puffs XL Mini Lite XL Pro Pro Lite Lite Pro Max,2000,M009,Palm Oil,100,24-05-25 19:14:49
P0940,Sweet Corn Puffs XL Mini Lite XL Pro Pro Lite Lite Pro Max,2000,M020,Natural Flavors,200,18-06-25 19:14:49
P0941,Chocolate Milk Drink Mini Max Family Pack Pro XL Lite XL Mini Lite,200,M003,Citric Acid,1000,30-05-25 19:14:49
P0941,Chocolate Milk Drink Mini Max Family Pack Pro XL Lite XL Mini Lite,200,M024,Ascorbic Acid,200,16-06-25 19:14:49
P0941,Chocolate Milk Drink Mini Max Family Pack Pro XL Lite XL Mini Lite,200,M020,Natural Flavors,1000,06-06-25 19:14:49
P0942,Sweet Corn Puffs Family Pack Family Pack Family Pack Max,1000,M009,Palm Oil,2000,04-06-25 19:14:49
P0942,Sweet Corn Puffs Family Pack Family Pack Family Pack Max,1000,M002,Salt,500,05-06-25 19:14:49
P0942,Sweet Corn Puffs Family Pack Family Pack Family Pack Max,1000,M015,Maltodextrin,200,14-06-25 19:14:49
P0943,Chocolate Milk Drink Mini Max Family Pack Pro Mini Lite XL Pro Pro XL Family Pack XL,2000,M003,Citric Acid,100,08-06-25 19:14:49
P0943,Chocolate Milk Drink Mini Max Family Pack Pro Mini Lite XL Pro Pro XL Family Pack XL,2000,M020,Natural Flavors,2000,04-06-25 19:14:49
P0943,Chocolate Milk Drink Mini Max Family Pack Pro Mini Lite XL Pro Pro XL Family Pack XL,2000,M037,Caramel Color,200,24-05-25 19:14:49
P0944,Tomato Flavored Chips Pro XL Pro Mini Lite Lite Max,2000,M020,Natural Flavors,200,02-06-25 19:14:49
P0944,Tomato Flavored Chips Pro XL Pro Mini Lite Lite Max,2000,M011,Cheddar Cheese,500,30-05-25 19:14:49
P0944,Tomato Flavored Chips Pro XL Pro Mini Lite Lite Max,2000,M005,Potatoes,1000,15-06-25 19:14:49
P0945,Tomato Flavored Chips Max Pro Mini XL XL,100,M008,Sunflower Oil,500,05-06-25 19:14:49
P0945,Tomato Flavored Chips Max Pro Mini XL XL,100,M011,Cheddar Cheese,100,09-06-25 19:14:49
P0945,Tomato Flavored Chips Max Pro Mini XL XL,100,M007,Vegetable Oil,1000,21-06-25 19:14:49
P0946,Butter Popcorn Family Pack Family Pack Max Mini,2000,M026,Cocoa Powder,1000,30-05-25 19:14:49
P0946,Butter Popcorn Family Pack Family Pack Max Mini,2000,M027,Milk Solids,2000,03-06-25 19:14:49
P0946,Butter Popcorn Family Pack Family Pack Max Mini,2000,M025,Soy Lecithin,2000,08-06-25 19:14:49
P0947,Iced Tea - Peach Mini Lite Pro Family Pack Lite,5000,M033,Vanillin,1000,18-06-25 19:14:49
P0947,Iced Tea - Peach Mini Lite Pro Family Pack Lite,5000,M042,Acetic Acid,200,17-06-25 19:14:49
P0947,Iced Tea - Peach Mini Lite Pro Family Pack Lite,5000,M001,Sugar,1000,03-06-25 19:14:49
P0948,Orange Soft Drink Mini Family Pack Lite Lite,500,M033,Vanillin,100,21-06-25 19:14:49
P0948,Orange Soft Drink Mini Family Pack Lite Lite,500,M042,Acetic Acid,2000,02-06-25 19:14:49
P0948,Orange Soft Drink Mini Family Pack Lite Lite,500,M001,Sugar,200,20-06-25 19:14:49
P0949,Chocolate Milk Drink XL Lite Family Pack Mini,100,M042,Acetic Acid,2000,12-06-25 19:14:49
P0949,Chocolate Milk Drink XL Lite Family Pack Mini,100,M024,Ascorbic Acid,2000,21-06-25 19:14:49
P0949,Chocolate Milk Drink XL Lite Family Pack Mini,100,M020,Natural Flavors,2000,02-06-25 19:14:49
P0950,Iced Tea - Peach Mini Lite Pro XL Mini Family Pack XL Lite,1000,M024,Ascorbic Acid,2000,13-06-25 19:14:49
P0950,Iced Tea - Peach Mini Lite Pro XL Mini Family Pack XL Lite,1000,M020,Natural Flavors,100,11-06-25 19:14:49
P0950,Iced Tea - Peach Mini Lite Pro XL Mini Family Pack XL Lite,1000,M033,Vanillin,100,14-06-25 19:14:49
P0951,Tomato Flavored Chips Pro Lite Max,5000,M002,Salt,200,25-05-25 19:14:49
P0951,Tomato Flavored Chips Pro Lite Max,5000,M005,Potatoes,200,19-06-25 19:14:49
P0951,Tomato Flavored Chips Pro Lite Max,5000,M020,Natural Flavors,200,29-05-25 19:14:49
P0952,Masala Potato Chips Pro Family Pack Lite Max Max Lite,2000,M013,Onion Powder,2000,04-06-25 19:14:49
P0952,Masala Potato Chips Pro Family Pack Lite Max Max Lite,2000,M014,Garlic Powder,200,19-06-25 19:14:49
P0952,Masala Potato Chips Pro Family Pack Lite Max Max Lite,2000,M011,Cheddar Cheese,100,17-06-25 19:14:49
P0953,Tomato Flavored Chips Pro XL Family Pack Family Pack Family Pack,5000,M019,Paprika Extract,200,19-06-25 19:14:49
P0953,Tomato Flavored Chips Pro XL Family Pack Family Pack Family Pack,5000,M005,Potatoes,200,25-05-25 19:14:49
P0953,Tomato Flavored Chips Pro XL Family Pack Family Pack Family Pack,5000,M020,Natural Flavors,200,01-06-25 19:14:49
P0954,Chocolate Milk Drink Mini Max Family Pack Pro XL Mini Pro,200,M033,Vanillin,100,10-06-25 19:14:49
P0954,Chocolate Milk Drink Mini Max Family Pack Pro XL Mini Pro,200,M001,Sugar,2000,05-06-25 19:14:49
P0954,Chocolate Milk Drink Mini Max Family Pack Pro XL Mini Pro,200,M037,Caramel Color,1000,20-06-25 19:14:49
P0955,Roasted Almonds Family Pack Pro,100,M019,Paprika Extract,1000,17-06-25 19:14:49
P0955,Roasted Almonds Family Pack Pro,100,M007,Vegetable Oil,1000,14-06-25 19:14:49
P0955,Roasted Almonds Family Pack Pro,100,M015,Maltodextrin,1000,03-06-25 19:14:49
P0956,Chocolate Milk Drink Mini Max Max XL Pro Family Pack Pro XL,500,M042,Acetic Acid,1000,25-05-25 19:14:49
P0956,Chocolate Milk Drink Mini Max Max XL Pro Family Pack Pro XL,500,M033,Vanillin,2000,25-05-25 19:14:49
P0956,Chocolate Milk Drink Mini Max Max XL Pro Family Pack Pro XL,500,M037,Caramel Color,500,04-06-25 19:14:49
P0957,Snack Mix - Trail Max Pro XL Lite Mini Lite,5000,M015,Maltodextrin,100,17-06-25 19:14:49
P0957,Snack Mix - Trail Max Pro XL Lite Mini Lite,5000,M002,Salt,500,17-06-25 19:14:49
P0957,Snack Mix - Trail Max Pro XL Lite Mini Lite,5000,M020,Natural Flavors,1000,30-05-25 19:14:49
P0958,Orange Soft Drink Mini Family Pack Pro XL Pro Family Pack,5000,M020,Natural Flavors,2000,16-06-25 19:14:49
P0958,Orange Soft Drink Mini Family Pack Pro XL Pro Family Pack,5000,M003,Citric Acid,1000,26-05-25 19:14:49
P0958,Orange Soft Drink Mini Family Pack Pro XL Pro Family Pack,5000,M001,Sugar,200,06-06-25 19:14:49
P0959,Sweet Corn Puffs XL Mini Pro Pro Max Mini,100,M020,Natural Flavors,1000,16-06-25 19:14:49
P0959,Sweet Corn Puffs XL Mini Pro Pro Max Mini,100,M003,Citric Acid,100,22-06-25 19:14:49
P0959,Sweet Corn Puffs XL Mini Pro Pro Max Mini,100,M006,Corn,100,13-06-25 19:14:49
P0960,Chocolate Milk Drink Pro Pro Lite,200,M024,Ascorbic Acid,1000,15-06-25 19:14:49
P0960,Chocolate Milk Drink Pro Pro Lite,200,M003,Citric Acid,100,07-06-25 19:14:49
P0960,Chocolate Milk Drink Pro Pro Lite,200,M037,Caramel Color,1000,31-05-25 19:14:49
P0961,Tomato Flavored Chips Pro Pro Lite Mini,500,M014,Garlic Powder,500,11-06-25 19:14:49
P0961,Tomato Flavored Chips Pro Pro Lite Mini,500,M007,Vegetable Oil,200,19-06-25 19:14:49
P0961,Tomato Flavored Chips Pro Pro Lite Mini,500,M005,Potatoes,500,01-06-25 19:14:49
P0962,Snack Mix - Trail Max Pro XL Lite Max Pro Lite,2000,M002,Salt,2000,21-06-25 19:14:49
P0962,Snack Mix - Trail Max Pro XL Lite Max Pro Lite,2000,M003,Citric Acid,500,02-06-25 19:14:49
P0962,Snack Mix - Trail Max Pro XL Lite Max Pro Lite,2000,M006,Corn,1000,19-06-25 19:14:49
P0963,Cheese Nachos Lite Family Pack Lite Lite Pro,1000,M012,Tomato Powder,2000,29-05-25 19:14:49
P0963,Cheese Nachos Lite Family Pack Lite Lite Pro,1000,M020,Natural Flavors,2000,17-06-25 19:14:49
P0963,Cheese Nachos Lite Family Pack Lite Lite Pro,1000,M002,Salt,2000,17-06-25 19:14:49
P0964,Chocolate Milk Drink Mini Max Family Pack Pro Mini Lite XL Pro Pro XL Family Pack Max Lite,100,M033,Vanillin,500,13-06-25 19:14:49
P0964,Chocolate Milk Drink Mini Max Family Pack Pro Mini Lite XL Pro Pro XL Family Pack Max Lite,100,M001,Sugar,1000,05-06-25 19:14:49
P0964,Chocolate Milk Drink Mini Max Family Pack Pro Mini Lite XL Pro Pro XL Family Pack Max Lite,100,M037,Caramel Color,200,13-06-25 19:14:49
P0965,Masala Potato Chips Mini Family Pack Family Pack Mini Mini XL Mini,500,M013,Onion Powder,2000,24-05-25 19:14:49
P0965,Masala Potato Chips Mini Family Pack Family Pack Mini Mini XL Mini,500,M019,Paprika Extract,1000,18-06-25 19:14:49
P0965,Masala Potato Chips Mini Family Pack Family Pack Mini Mini XL Mini,500,M011,Cheddar Cheese,200,10-06-25 19:14:49
P0966,Sweet Corn Puffs XL Mini Lite Family Pack Mini Lite Lite Max Pro,200,M003,Citric Acid,1000,27-05-25 19:14:49
P0966,Sweet Corn Puffs XL Mini Lite Family Pack Mini Lite Lite Max Pro,200,M020,Natural Flavors,500,05-06-25 19:14:49
P0966,Sweet Corn Puffs XL Mini Lite Family Pack Mini Lite Lite Max Pro,200,M006,Corn,1000,17-06-25 19:14:49
P0967,Snack Mix - Trail Max Pro XL Lite Mini XL,100,M006,Corn,200,26-05-25 19:14:49
P0967,Snack Mix - Trail Max Pro XL Lite Mini XL,100,M020,Natural Flavors,1000,07-06-25 19:14:49
P0967,Snack Mix - Trail Max Pro XL Lite Mini XL,100,M009,Palm Oil,500,24-05-25 19:14:49
P0968,Chocolate Milk Drink XL XL,5000,M024,Ascorbic Acid,100,21-06-25 19:14:49
P0968,Chocolate Milk Drink XL XL,5000,M042,Acetic Acid,1000,19-06-25 19:14:49
P0968,Chocolate Milk Drink XL XL,5000,M033,Vanillin,500,05-06-25 19:14:49
P0969,Chocolate Milk Drink Mini Max Family Pack Pro Mini Family Pack Lite Pro Lite Max,500,M020,Natural Flavors,500,20-06-25 19:14:49
P0969,Chocolate Milk Drink Mini Max Family Pack Pro Mini Family Pack Lite Pro Lite Max,500,M001,Sugar,1000,04-06-25 19:14:49
P0969,Chocolate Milk Drink Mini Max Family Pack Pro Mini Family Pack Lite Pro Lite Max,500,M042,Acetic Acid,1000,31-05-25 19:14:49
P0970,Masala Potato Chips Mini Family Pack Pro Max Family Pack Lite Family Pack,100,M019,Paprika Extract,500,12-06-25 19:14:49
P0970,Masala Potato Chips Mini Family Pack Pro Max Family Pack Lite Family Pack,100,M002,Salt,100,19-06-25 19:14:49
P0970,Masala Potato Chips Mini Family Pack Pro Max Family Pack Lite Family Pack,100,M005,Potatoes,500,04-06-25 19:14:49
P0971,Sweet Corn Puffs Family Pack Mini Pro Family Pack,2000,M003,Citric Acid,1000,01-06-25 19:14:49
P0971,Sweet Corn Puffs Family Pack Mini Pro Family Pack,2000,M020,Natural Flavors,2000,31-05-25 19:14:49
P0971,Sweet Corn Puffs Family Pack Mini Pro Family Pack,2000,M002,Salt,100,24-05-25 19:14:49
P0972,Chocolate Milk Drink Mini Max Family Pack Pro XL Mini Pro XL,2000,M001,Sugar,200,30-05-25 19:14:49
P0972,Chocolate Milk Drink Mini Max Family Pack Pro XL Mini Pro XL,2000,M003,Citric Acid,500,16-06-25 19:14:49
P0972,Chocolate Milk Drink Mini Max Family Pack Pro XL Mini Pro XL,2000,M024,Ascorbic Acid,100,03-06-25 19:14:49
P0973,Chocolate Chip Cookies Max Max Max Max,5000,M019,Paprika Extract,1000,14-06-25 19:14:49
P0973,Chocolate Chip Cookies Max Max Max Max,5000,M020,Natural Flavors,1000,16-06-25 19:14:49
P0973,Chocolate Chip Cookies Max Max Max Max,5000,M005,Potatoes,500,30-05-25 19:14:49
P0974,Butter Popcorn Pro Pro Max,100,M027,Milk Solids,2000,19-06-25 19:14:49
P0974,Butter Popcorn Pro Pro Max,100,M025,Soy Lecithin,2000,06-06-25 19:14:49
P0974,Butter Popcorn Pro Pro Max,100,M038,Baking Powder,200,13-06-25 19:14:49
P0975,Whey Protein Bar Family Pack Mini Lite,200,M010,Whey Protein,500,30-05-25 19:14:49
P0975,Whey Protein Bar Family Pack Mini Lite,200,M016,Dextrose,200,29-05-25 19:14:49
P0975,Whey Protein Bar Family Pack Mini Lite,200,M033,Vanillin,2000,27-05-25 19:14:49
P0976,Lemon Soda Family Pack XL Max XL,200,M003,Citric Acid,1000,30-05-25 19:14:49
P0976,Lemon Soda Family Pack XL Max XL,200,M024,Ascorbic Acid,500,17-06-25 19:14:49
P0976,Lemon Soda Family Pack XL Max XL,200,M033,Vanillin,2000,16-06-25 19:14:49
P0977,Cheese Nachos XL Lite XL XL,200,M006,Corn,200,09-06-25 19:14:49
P0977,Cheese Nachos XL Lite XL XL,200,M020,Natural Flavors,200,10-06-25 19:14:49
P0977,Cheese Nachos XL Lite XL XL,200,M013,Onion Powder,500,17-06-25 19:14:49
P0978,Orange Soft Drink Max Family Pack Mini Lite,5000,M020,Natural Flavors,100,21-06-25 19:14:49
P0978,Orange Soft Drink Max Family Pack Mini Lite,5000,M033,Vanillin,100,16-06-25 19:14:49
P0978,Orange Soft Drink Max Family Pack Mini Lite,5000,M001,Sugar,1000,10-06-25 19:14:49
P0979,Orange Soft Drink Max Pro Mini Max,500,M037,Caramel Color,1000,24-05-25 19:14:49
P0979,Orange Soft Drink Max Pro Mini Max,500,M003,Citric Acid,500,20-06-25 19:14:49
P0979,Orange Soft Drink Max Pro Mini Max,500,M033,Vanillin,500,29-05-25 19:14:49
P0980,Lemon Soda Family Pack XL Lite Max Mini Mini,5000,M020,Natural Flavors,1000,04-06-25 19:14:49
P0980,Lemon Soda Family Pack XL Lite Max Mini Mini,5000,M033,Vanillin,200,19-06-25 19:14:49
P0980,Lemon Soda Family Pack XL Lite Max Mini Mini,5000,M001,Sugar,200,11-06-25 19:14:49
P0981,Sweet Corn Puffs XL Lite XL Lite Lite,5000,M003,Citric Acid,500,30-05-25 19:14:49
P0981,Sweet Corn Puffs XL Lite XL Lite Lite,5000,M006,Corn,200,31-05-25 19:14:49
P0981,Sweet Corn Puffs XL Lite XL Lite Lite,5000,M009,Palm Oil,200,30-05-25 19:14:49
P0982,Cheese Nachos XL Lite Mini,100,M012,Tomato Powder,2000,22-06-25 19:14:49
P0982,Cheese Nachos XL Lite Mini,100,M002,Salt,200,10-06-25 19:14:49
P0982,Cheese Nachos XL Lite Mini,100,M013,Onion Powder,200,16-06-25 19:14:49
P0983,Chocolate Milk Drink Mini Max Family Pack Family Pack Pro Mini Mini Mini Max Mini,5000,M001,Sugar,2000,15-06-25 19:14:49
P0983,Chocolate Milk Drink Mini Max Family Pack Family Pack Pro Mini Mini Mini Max Mini,5000,M003,Citric Acid,500,29-05-25 19:14:49
P0983,Chocolate Milk Drink Mini Max Family Pack Family Pack Pro Mini Mini Mini Max Mini,5000,M024,Ascorbic Acid,2000,30-05-25 19:14:49
P0984,Whey Protein Bar Family Pack Mini Mini Family Pack,1000,M033,Vanillin,500,06-06-25 19:14:49
P0984,Whey Protein Bar Family Pack Mini Mini Family Pack,1000,M027,Milk Solids,100,13-06-25 19:14:49
P0984,Whey Protein Bar Family Pack Mini Mini Family Pack,1000,M016,Dextrose,100,06-06-25 19:14:49
P0985,Masala Potato Chips Lite Max Max Mini Mini,1000,M005,Potatoes,100,05-06-25 19:14:49
P0985,Masala Potato Chips Lite Max Max Mini Mini,1000,M007,Vegetable Oil,100,18-06-25 19:14:49
P0985,Masala Potato Chips Lite Max Max Mini Mini,1000,M008,Sunflower Oil,2000,06-06-25 19:14:49
P0986,Masala Potato Chips Mini Family Pack Pro Max Max Family Pack XL Lite,1000,M011,Cheddar Cheese,500,26-05-25 19:14:49
P0986,Masala Potato Chips Mini Family Pack Pro Max Max Family Pack XL Lite,1000,M008,Sunflower Oil,1000,08-06-25 19:14:49
P0986,Masala Potato Chips Mini Family Pack Pro Max Max Family Pack XL Lite,1000,M005,Potatoes,2000,01-06-25 19:14:49
P0987,Lemon Soda XL Pro Mini,2000,M003,Citric Acid,500,20-06-25 19:14:49
P0987,Lemon Soda XL Pro Mini,2000,M020,Natural Flavors,500,28-05-25 19:14:49
P0987,Lemon Soda XL Pro Mini,2000,M042,Acetic Acid,1000,17-06-25 19:14:49
P0988,Energy Drink - Citrus Mini Mini Pro Family Pack,2000,M033,Vanillin,1000,27-05-25 19:14:49
P0988,Energy Drink - Citrus Mini Mini Pro Family Pack,2000,M042,Acetic Acid,2000,11-06-25 19:14:49
P0988,Energy Drink - Citrus Mini Mini Pro Family Pack,2000,M001,Sugar,1000,17-06-25 19:14:49
P0989,Milkshake - Strawberry Pro Mini Max,500,M025,Soy Lecithin,200,03-06-25 19:14:49
P0989,Milkshake - Strawberry Pro Mini Max,500,M010,Whey Protein,500,01-06-25 19:14:49
P0989,Milkshake - Strawberry Pro Mini Max,500,M016,Dextrose,500,01-06-25 19:14:49
P0990,Tomato Flavored Chips Max Pro Pro Pro Max,5000,M020,Natural Flavors,200,30-05-25 19:14:49
P0990,Tomato Flavored Chips Max Pro Pro Pro Max,5000,M013,Onion Powder,500,08-06-25 19:14:49
P0990,Tomato Flavored Chips Max Pro Pro Pro Max,5000,M014,Garlic Powder,1000,31-05-25 19:14:49
P0991,Orange Soft Drink Max Mini Pro Pro Mini Mini Mini Lite Pro,500,M020,Natural Flavors,500,04-06-25 19:14:49
P0991,Orange Soft Drink Max Mini Pro Pro Mini Mini Mini Lite Pro,500,M001,Sugar,200,16-06-25 19:14:49
P0991,Orange Soft Drink Max Mini Pro Pro Mini Mini Mini Lite Pro,500,M024,Ascorbic Acid,2000,07-06-25 19:14:49
P0992,Chocolate Milk Drink Mini Max XL Family Pack Lite Pro,500,M001,Sugar,500,17-06-25 19:14:49
P0992,Chocolate Milk Drink Mini Max XL Family Pack Lite Pro,500,M033,Vanillin,2000,04-06-25 19:14:49
P0992,Chocolate Milk Drink Mini Max XL Family Pack Lite Pro,500,M037,Caramel Color,1000,18-06-25 19:14:49
P0993,Sweet Corn Puffs XL Mini Lite XL Pro Pro XL Family Pack,2000,M020,Natural Flavors,100,28-05-25 19:14:49
P0993,Sweet Corn Puffs XL Mini Lite XL Pro Pro XL Family Pack,2000,M003,Citric Acid,500,19-06-25 19:14:49
P0993,Sweet Corn Puffs XL Mini Lite XL Pro Pro XL Family Pack,2000,M002,Salt,200,04-06-25 19:14:49
P0994,Lemon Soda Family Pack XL Max Lite,5000,M042,Acetic Acid,500,29-05-25 19:14:49
P0994,Lemon Soda Family Pack XL Max Lite,5000,M037,Caramel Color,2000,14-06-25 19:14:49
P0994,Lemon Soda Family Pack XL Max Lite,5000,M003,Citric Acid,100,05-06-25 19:14:49
P0995,Iced Tea - Peach Mini Lite Pro Pro Mini Family Pack,200,M003,Citric Acid,200,29-05-25 19:14:49
P0995,Iced Tea - Peach Mini Lite Pro Pro Mini Family Pack,200,M020,Natural Flavors,100,19-06-25 19:14:49
P0995,Iced Tea - Peach Mini Lite Pro Pro Mini Family Pack,200,M024,Ascorbic Acid,200,24-05-25 19:14:49
P0996,Energy Drink - Citrus XL XL Max,500,M042,Acetic Acid,2000,18-06-25 19:14:49
P0996,Energy Drink - Citrus XL XL Max,500,M033,Vanillin,2000,17-06-25 19:14:49
P0996,Energy Drink - Citrus XL XL Max,500,M003,Citric Acid,1000,02-06-25 19:14:49
P0997,Masala Potato Chips Mini Family Pack Max,200,M007,Vegetable Oil,2000,11-06-25 19:14:49
P0997,Masala Potato Chips Mini Family Pack Max,200,M011,Cheddar Cheese,1000,04-06-25 19:14:49
P0997,Masala Potato Chips Mini Family Pack Max,200,M020,Natural Flavors,1000,08-06-25 19:14:49
P0998,Masala Potato Chips Mini Mini Lite Family Pack XL XL Lite,500,M019,Paprika Extract,2000,08-06-25 19:14:49
P0998,Masala Potato Chips Mini Mini Lite Family Pack XL XL Lite,500,M005,Potatoes,500,03-06-25 19:14:49
P0998,Masala Potato Chips Mini Mini Lite Family Pack XL XL Lite,500,M013,Onion Powder,1000,10-06-25 19:14:49
P0999,Fruit Punch Juice Family Pack XL Family Pack,100,M001,Sugar,500,27-05-25 19:14:49
P0999,Fruit Punch Juice Family Pack XL Family Pack,100,M003,Citric Acid,2000,17-06-25 19:14:49
P0999,Fruit Punch Juice Family Pack XL Family Pack,100,M024,Ascorbic Acid,200,22-06-25 19:14:49
P1000,Masala Potato Chips Mini Family Pack Pro Max Family Pack Pro Family Pack,500,M002,Salt,1000,14-06-25 19:14:49
P1000,Masala Potato Chips Mini Family Pack Pro Max Family Pack Pro Family Pack,500,M019,Paprika Extract,100,03-06-25 19:14:49
P1000,Masala Potato Chips Mini Family Pack Pro Max Family Pack Pro Family Pack,500,M013,Onion Powder,2000,20-06-25 19:14:49
